"seq_name","Case_no","Accession","Host","Sample_type","Preferred_date","Date_source","Barangay","Municipality","Municipality_std","Province","Province_std","Region","Region_std","Latitude","Longitude","Source","Author","Pubmed","Genome_coverage","Host_scientific","Host_common","Host_type","Major_Island","seq_name.y"
"KX148263",NA,NA,NA,NA,"=""01-Jan-1994""",NA,NA,NA,NA,NA,NA,NA,NA,NA,NA,NA,NA,NA,NA,NA,NA,NA,NA,NA
"KX148262",NA,NA,NA,NA,"=""01-Jan-1994""",NA,NA,NA,NA,NA,NA,NA,NA,NA,NA,NA,NA,NA,NA,NA,NA,NA,NA,NA
"KX148261",NA,NA,NA,NA,"=""01-Jan-1994""",NA,NA,NA,NA,NA,NA,NA,NA,NA,NA,NA,NA,NA,NA,NA,NA,NA,NA,NA
"KX148260",NA,NA,NA,NA,"=""01-Jan-2004""",NA,NA,NA,NA,NA,NA,NA,NA,NA,NA,NA,NA,NA,NA,NA,NA,NA,NA,NA
"KX148259",NA,NA,NA,NA,"=""01-Jan-1994""",NA,NA,NA,NA,NA,NA,NA,NA,NA,NA,NA,NA,NA,NA,NA,NA,NA,NA,NA
"OQ326754",NA,NA,NA,NA,"=""01-Jan-2018""",NA,NA,NA,NA,NA,NA,NA,"Region XI (Davao Region)",NA,NA,NA,NA,NA,NA,NA,NA,NA,NA,NA
"OQ326753",NA,NA,NA,NA,"=""01-Jan-2018""",NA,NA,NA,NA,NA,NA,NA,"Region XI (Davao Region)",NA,NA,NA,NA,NA,NA,NA,NA,NA,NA,NA
"OQ326752",NA,NA,NA,NA,"=""01-Jan-2018""",NA,NA,NA,NA,NA,NA,NA,"Region XI (Davao Region)",NA,NA,NA,NA,NA,NA,NA,NA,NA,NA,NA
"OQ326751",NA,NA,NA,NA,"=""01-Jan-2018""",NA,NA,NA,NA,NA,NA,NA,"Region XI (Davao Region)",NA,NA,NA,NA,NA,NA,NA,NA,NA,NA,NA
"OQ326750",NA,NA,NA,NA,"=""01-Jan-2018""",NA,NA,NA,NA,NA,NA,NA,"Region XI (Davao Region)",NA,NA,NA,NA,NA,NA,NA,NA,NA,NA,NA
"OQ326749",NA,NA,NA,NA,"=""01-Jan-2018""",NA,NA,NA,NA,NA,NA,NA,"Region XI (Davao Region)",NA,NA,NA,NA,NA,NA,NA,NA,NA,NA,NA
"OQ326748",NA,NA,NA,NA,"=""01-Jan-2018""",NA,NA,NA,NA,NA,NA,NA,"Region XI (Davao Region)",NA,NA,NA,NA,NA,NA,NA,NA,NA,NA,NA
"OQ326747",NA,NA,NA,NA,"=""01-Jan-2018""",NA,NA,NA,NA,NA,NA,NA,"Region XI (Davao Region)",NA,NA,NA,NA,NA,NA,NA,NA,NA,NA,NA
"OQ326746",NA,NA,NA,NA,"=""01-Jan-2018""",NA,NA,NA,NA,NA,NA,NA,"Region XI (Davao Region)",NA,NA,NA,NA,NA,NA,NA,NA,NA,NA,NA
"OQ326745",NA,NA,NA,NA,"=""01-Jan-2018""",NA,NA,NA,NA,NA,NA,NA,"Region XI (Davao Region)",NA,NA,NA,NA,NA,NA,NA,NA,NA,NA,NA
"OQ326744",NA,NA,NA,NA,"=""01-Jan-2018""",NA,NA,NA,NA,NA,NA,NA,"Region XI (Davao Region)",NA,NA,NA,NA,NA,NA,NA,NA,NA,NA,NA
"OQ326743",NA,NA,NA,NA,"=""01-Jan-2018""",NA,NA,NA,NA,NA,NA,NA,"Region XI (Davao Region)",NA,NA,NA,NA,NA,NA,NA,NA,NA,NA,NA
"OQ326742",NA,NA,NA,NA,"=""01-Jan-2018""",NA,NA,NA,NA,NA,NA,NA,"Region XI (Davao Region)",NA,NA,NA,NA,NA,NA,NA,NA,NA,NA,NA
"OQ326741",NA,NA,NA,NA,"=""01-Jan-2019""",NA,NA,NA,NA,NA,NA,NA,"Region XI (Davao Region)",NA,NA,NA,NA,NA,NA,NA,NA,NA,NA,NA
"OQ326740",NA,NA,NA,NA,"=""01-Jan-2019""",NA,NA,NA,NA,NA,NA,NA,"Region XI (Davao Region)",NA,NA,NA,NA,NA,NA,NA,NA,NA,NA,NA
"OQ326739",NA,NA,NA,NA,"=""01-Jan-2019""",NA,NA,NA,NA,NA,NA,NA,"Region XI (Davao Region)",NA,NA,NA,NA,NA,NA,NA,NA,NA,NA,NA
"OQ326738",NA,NA,NA,NA,"=""01-Jan-2018""",NA,NA,NA,NA,NA,NA,NA,"Region XI (Davao Region)",NA,NA,NA,NA,NA,NA,NA,NA,NA,NA,NA
"OQ326737",NA,NA,NA,NA,"=""01-Jan-2018""",NA,NA,NA,NA,NA,NA,NA,"Region XI (Davao Region)",NA,NA,NA,NA,NA,NA,NA,NA,NA,NA,NA
"OQ326736",NA,NA,NA,NA,"=""01-Jan-2018""",NA,NA,NA,NA,NA,NA,NA,"Region XI (Davao Region)",NA,NA,NA,NA,NA,NA,NA,NA,NA,NA,NA
"OR971444",NA,NA,NA,NA,"=""01-Nov-2022""",NA,NA,NA,NA,NA,NA,NA,"Region III (Central Luzon)",NA,NA,NA,NA,NA,NA,NA,NA,NA,NA,NA
"OR971443",NA,NA,NA,NA,"=""01-Oct-2022""",NA,NA,NA,NA,NA,NA,NA,"Region III (Central Luzon)",NA,NA,NA,NA,NA,NA,NA,NA,NA,NA,NA
"OR971442",NA,NA,NA,NA,"=""01-Jul-2022""",NA,NA,NA,NA,NA,NA,NA,"Region III (Central Luzon)",NA,NA,NA,NA,NA,NA,NA,NA,NA,NA,NA
"OR971441",NA,NA,NA,NA,"=""18-Jan-2022""",NA,NA,NA,NA,NA,NA,NA,"Region III (Central Luzon)",NA,NA,NA,NA,NA,NA,NA,NA,NA,NA,NA
"OR971440",NA,NA,NA,NA,"=""01-Apr-2022""",NA,NA,NA,NA,NA,NA,NA,"Region III (Central Luzon)",NA,NA,NA,NA,NA,NA,NA,NA,NA,NA,NA
"OR971439",NA,NA,NA,NA,"=""01-Mar-2022""",NA,NA,NA,NA,NA,NA,NA,"Region III (Central Luzon)",NA,NA,NA,NA,NA,NA,NA,NA,NA,NA,NA
"OR971438",NA,NA,NA,NA,"=""25-Oct-2021""",NA,NA,NA,NA,NA,NA,NA,"Region III (Central Luzon)",NA,NA,NA,NA,NA,NA,NA,NA,NA,NA,NA
"OR971437",NA,NA,NA,NA,"=""22-Dec-2021""",NA,NA,NA,NA,NA,NA,NA,"Region III (Central Luzon)",NA,NA,NA,NA,NA,NA,NA,NA,NA,NA,NA
"OR971436",NA,NA,NA,NA,"=""12-Sep-2021""",NA,NA,NA,NA,NA,NA,NA,"Region III (Central Luzon)",NA,NA,NA,NA,NA,NA,NA,NA,NA,NA,NA
"OR971435",NA,NA,NA,NA,"=""27-Oct-2021""",NA,NA,NA,NA,NA,NA,NA,"Region III (Central Luzon)",NA,NA,NA,NA,NA,NA,NA,NA,NA,NA,NA
"OR971434",NA,NA,NA,NA,"=""13-Oct-2021""",NA,NA,NA,NA,NA,NA,NA,"Region III (Central Luzon)",NA,NA,NA,NA,NA,NA,NA,NA,NA,NA,NA
"OR971433",NA,NA,NA,NA,"=""13-Oct-2021""",NA,NA,NA,NA,NA,NA,NA,"Region III (Central Luzon)",NA,NA,NA,NA,NA,NA,NA,NA,NA,NA,NA
"OR971432",NA,NA,NA,NA,"=""10-Aug-2021""",NA,NA,NA,NA,NA,NA,NA,"Region III (Central Luzon)",NA,NA,NA,NA,NA,NA,NA,NA,NA,NA,NA
"OR971431",NA,NA,NA,NA,"=""10-Jul-2021""",NA,NA,NA,NA,NA,NA,NA,"Region III (Central Luzon)",NA,NA,NA,NA,NA,NA,NA,NA,NA,NA,NA
"OR971430",NA,NA,NA,NA,"=""10-May-2021""",NA,NA,NA,NA,NA,NA,NA,"Region III (Central Luzon)",NA,NA,NA,NA,NA,NA,NA,NA,NA,NA,NA
"OR971429",NA,NA,NA,NA,"=""10-Apr-2021""",NA,NA,NA,NA,NA,NA,NA,"Region III (Central Luzon)",NA,NA,NA,NA,NA,NA,NA,NA,NA,NA,NA
"OR971428",NA,NA,NA,NA,"=""24-Sep-2021""",NA,NA,NA,NA,NA,NA,NA,"Region III (Central Luzon)",NA,NA,NA,NA,NA,NA,NA,NA,NA,NA,NA
"OR971427",NA,NA,NA,NA,"=""09-Oct-2021""",NA,NA,NA,NA,NA,NA,NA,"Region III (Central Luzon)",NA,NA,NA,NA,NA,NA,NA,NA,NA,NA,NA
"OR971426",NA,NA,NA,NA,"=""09-Sep-2021""",NA,NA,NA,NA,NA,NA,NA,"Region III (Central Luzon)",NA,NA,NA,NA,NA,NA,NA,NA,NA,NA,NA
"OR971425",NA,NA,NA,NA,"=""09-Sep-2021""",NA,NA,NA,NA,NA,NA,NA,"Region III (Central Luzon)",NA,NA,NA,NA,NA,NA,NA,NA,NA,NA,NA
"OR971424",NA,NA,NA,NA,"=""09-Mar-2021""",NA,NA,NA,NA,NA,NA,NA,"Region III (Central Luzon)",NA,NA,NA,NA,NA,NA,NA,NA,NA,NA,NA
"OR971423",NA,NA,NA,NA,"=""31-Aug-2021""",NA,NA,NA,NA,NA,NA,NA,"Region III (Central Luzon)",NA,NA,NA,NA,NA,NA,NA,NA,NA,NA,NA
"OR971422",NA,NA,NA,NA,"=""31-Aug-2021""",NA,NA,NA,NA,NA,NA,NA,"Region III (Central Luzon)",NA,NA,NA,NA,NA,NA,NA,NA,NA,NA,NA
"OR971421",NA,NA,NA,NA,"=""31-Aug-2021""",NA,NA,NA,NA,NA,NA,NA,"Region III (Central Luzon)",NA,NA,NA,NA,NA,NA,NA,NA,NA,NA,NA
"OR971420",NA,NA,NA,NA,"=""24-May-2021""",NA,NA,NA,NA,NA,NA,NA,"Region III (Central Luzon)",NA,NA,NA,NA,NA,NA,NA,NA,NA,NA,NA
"OR971419",NA,NA,NA,NA,"=""05-May-2021""",NA,NA,NA,NA,NA,NA,NA,"Region III (Central Luzon)",NA,NA,NA,NA,NA,NA,NA,NA,NA,NA,NA
"OR971418",NA,NA,NA,NA,"=""26-Apr-2021""",NA,NA,NA,NA,NA,NA,NA,"Region III (Central Luzon)",NA,NA,NA,NA,NA,NA,NA,NA,NA,NA,NA
"OR971417",NA,NA,NA,NA,"=""16-Apr-2021""",NA,NA,NA,NA,NA,NA,NA,"Region III (Central Luzon)",NA,NA,NA,NA,NA,NA,NA,NA,NA,NA,NA
"OR971416",NA,NA,NA,NA,"=""16-Apr-2021""",NA,NA,NA,NA,NA,NA,NA,"Region III (Central Luzon)",NA,NA,NA,NA,NA,NA,NA,NA,NA,NA,NA
"OR971415",NA,NA,NA,NA,"=""13-Apr-2021""",NA,NA,NA,NA,NA,NA,NA,"Region III (Central Luzon)",NA,NA,NA,NA,NA,NA,NA,NA,NA,NA,NA
"OR971414",NA,NA,NA,NA,"=""07-Apr-2021""",NA,NA,NA,NA,NA,NA,NA,"Region III (Central Luzon)",NA,NA,NA,NA,NA,NA,NA,NA,NA,NA,NA
"OR971413",NA,NA,NA,NA,"=""05-Apr-2021""",NA,NA,NA,NA,NA,NA,NA,"Region III (Central Luzon)",NA,NA,NA,NA,NA,NA,NA,NA,NA,NA,NA
"OR971412",NA,NA,NA,NA,"=""17-Mar-2021""",NA,NA,NA,NA,NA,NA,NA,"Region III (Central Luzon)",NA,NA,NA,NA,NA,NA,NA,NA,NA,NA,NA
"OR971411",NA,NA,NA,NA,"=""13-Sep-2019""",NA,NA,NA,NA,NA,NA,NA,"Region III (Central Luzon)",NA,NA,NA,NA,NA,NA,NA,NA,NA,NA,NA
"OR971409",NA,NA,NA,NA,"=""20-Aug-2019""",NA,NA,NA,NA,NA,NA,NA,"Region III (Central Luzon)",NA,NA,NA,NA,NA,NA,NA,NA,NA,NA,NA
"OR971408",NA,NA,NA,NA,"=""08-Feb-2019""",NA,NA,NA,NA,NA,NA,NA,"Region III (Central Luzon)",NA,NA,NA,NA,NA,NA,NA,NA,NA,NA,NA
"OR971407",NA,NA,NA,NA,"=""30-dec-2021""",NA,NA,NA,NA,NA,NA,NA,"Region II (Cagayan Valley)",NA,NA,NA,NA,NA,NA,NA,NA,NA,NA,NA
"OR971406",NA,NA,NA,NA,"=""27-dec-2021""",NA,NA,NA,NA,NA,NA,NA,"Region II (Cagayan Valley)",NA,NA,NA,NA,NA,NA,NA,NA,NA,NA,NA
"OR971405",NA,NA,NA,NA,"=""20-dec-2021""",NA,NA,NA,NA,NA,NA,NA,"Region II (Cagayan Valley)",NA,NA,NA,NA,NA,NA,NA,NA,NA,NA,NA
"OR971404",NA,NA,NA,NA,"=""11-may-2021""",NA,NA,NA,NA,NA,NA,NA,"Region II (Cagayan Valley)",NA,NA,NA,NA,NA,NA,NA,NA,NA,NA,NA
"OR971403",NA,NA,NA,NA,"=""17-aug-2021""",NA,NA,NA,NA,NA,NA,NA,"Region II (Cagayan Valley)",NA,NA,NA,NA,NA,NA,NA,NA,NA,NA,NA
"OR971402",NA,NA,NA,NA,"=""13-aug-2021""",NA,NA,NA,NA,NA,NA,NA,"Region II (Cagayan Valley)",NA,NA,NA,NA,NA,NA,NA,NA,NA,NA,NA
"OR971401",NA,NA,NA,NA,"=""08-oct-2021""",NA,NA,NA,NA,NA,NA,NA,"Region II (Cagayan Valley)",NA,NA,NA,NA,NA,NA,NA,NA,NA,NA,NA
"OR971400",NA,NA,NA,NA,"=""08-sep-2021""",NA,NA,NA,NA,NA,NA,NA,"Region II (Cagayan Valley)",NA,NA,NA,NA,NA,NA,NA,NA,NA,NA,NA
"OR971399",NA,NA,NA,NA,"=""10-oct-2019""",NA,NA,NA,NA,NA,NA,NA,"Region II (Cagayan Valley)",NA,NA,NA,NA,NA,NA,NA,NA,NA,NA,NA
"OR971398",NA,NA,NA,NA,"=""08-oct-2019""",NA,NA,NA,NA,NA,NA,NA,"Region II (Cagayan Valley)",NA,NA,NA,NA,NA,NA,NA,NA,NA,NA,NA
"OR971397",NA,NA,NA,NA,"=""07-oct-2019""",NA,NA,NA,NA,NA,NA,NA,"Region II (Cagayan Valley)",NA,NA,NA,NA,NA,NA,NA,NA,NA,NA,NA
"OR971396",NA,NA,NA,NA,"=""04-oct-2019""",NA,NA,NA,NA,NA,NA,NA,"Region II (Cagayan Valley)",NA,NA,NA,NA,NA,NA,NA,NA,NA,NA,NA
"OR971395",NA,NA,NA,NA,"=""20-sep-2019""",NA,NA,NA,NA,NA,NA,NA,"Region II (Cagayan Valley)",NA,NA,NA,NA,NA,NA,NA,NA,NA,NA,NA
"OQ326784",NA,NA,NA,NA,"=""01-Jan-2018""",NA,NA,NA,NA,NA,NA,NA,"Region XI (Davao Region)",NA,NA,NA,NA,NA,NA,NA,NA,NA,NA,NA
"OQ326783",NA,NA,NA,NA,"=""01-Jan-2018""",NA,NA,NA,NA,NA,NA,NA,"Region XI (Davao Region)",NA,NA,NA,NA,NA,NA,NA,NA,NA,NA,NA
"OQ326782",NA,NA,NA,NA,"=""01-Jan-2018""",NA,NA,NA,NA,NA,NA,NA,"Region XI (Davao Region)",NA,NA,NA,NA,NA,NA,NA,NA,NA,NA,NA
"OQ326781",NA,NA,NA,NA,"=""01-Jan-2018""",NA,NA,NA,NA,NA,NA,NA,"Region XI (Davao Region)",NA,NA,NA,NA,NA,NA,NA,NA,NA,NA,NA
"OQ326780",NA,NA,NA,NA,"=""01-Jan-2018""",NA,NA,NA,NA,NA,NA,NA,"Region XI (Davao Region)",NA,NA,NA,NA,NA,NA,NA,NA,NA,NA,NA
"OQ326779",NA,NA,NA,NA,"=""01-Jan-2018""",NA,NA,NA,NA,NA,NA,NA,"Region XI (Davao Region)",NA,NA,NA,NA,NA,NA,NA,NA,NA,NA,NA
"OQ326778",NA,NA,NA,NA,"=""01-Jan-2018""",NA,NA,NA,NA,NA,NA,NA,"Region XI (Davao Region)",NA,NA,NA,NA,NA,NA,NA,NA,NA,NA,NA
"OQ326777",NA,NA,NA,NA,"=""01-Jan-2018""",NA,NA,NA,NA,NA,NA,NA,"Region XI (Davao Region)",NA,NA,NA,NA,NA,NA,NA,NA,NA,NA,NA
"OQ326776",NA,NA,NA,NA,"=""01-Jan-2018""",NA,NA,NA,NA,NA,NA,NA,"Region XI (Davao Region)",NA,NA,NA,NA,NA,NA,NA,NA,NA,NA,NA
"OQ326775",NA,NA,NA,NA,"=""01-Jan-2018""",NA,NA,NA,NA,NA,NA,NA,"Region XII (Soccsksargen)",NA,NA,NA,NA,NA,NA,NA,NA,NA,NA,NA
"OQ326774",NA,NA,NA,NA,"=""01-Jan-2018""",NA,NA,NA,NA,NA,NA,NA,"Region XI (Davao Region)",NA,NA,NA,NA,NA,NA,NA,NA,NA,NA,NA
"OQ326773",NA,NA,NA,NA,"=""01-Jan-2018""",NA,NA,NA,NA,NA,NA,NA,"Region XI (Davao Region)",NA,NA,NA,NA,NA,NA,NA,NA,NA,NA,NA
"OQ326772",NA,NA,NA,NA,"=""01-Jan-2018""",NA,NA,NA,NA,NA,NA,NA,"Region XI (Davao Region)",NA,NA,NA,NA,NA,NA,NA,NA,NA,NA,NA
"OQ326771",NA,NA,NA,NA,"=""01-Jan-2018""",NA,NA,NA,NA,NA,NA,NA,"Region XI (Davao Region)",NA,NA,NA,NA,NA,NA,NA,NA,NA,NA,NA
"OQ326770",NA,NA,NA,NA,"=""01-Jan-2019""",NA,NA,NA,NA,NA,NA,NA,"Region XI (Davao Region)",NA,NA,NA,NA,NA,NA,NA,NA,NA,NA,NA
"OQ326769",NA,NA,NA,NA,"=""01-Jan-2018""",NA,NA,NA,NA,NA,NA,NA,"Region XI (Davao Region)",NA,NA,NA,NA,NA,NA,NA,NA,NA,NA,NA
"OQ326768",NA,NA,NA,NA,"=""01-Jan-2018""",NA,NA,NA,NA,NA,NA,NA,"Region XI (Davao Region)",NA,NA,NA,NA,NA,NA,NA,NA,NA,NA,NA
"OQ326767",NA,NA,NA,NA,"=""01-Jan-2018""",NA,NA,NA,NA,NA,NA,NA,"Region XI (Davao Region)",NA,NA,NA,NA,NA,NA,NA,NA,NA,NA,NA
"OQ326766",NA,NA,NA,NA,"=""01-Jan-2018""",NA,NA,NA,NA,NA,NA,NA,"Region XI (Davao Region)",NA,NA,NA,NA,NA,NA,NA,NA,NA,NA,NA
"OQ326765",NA,NA,NA,NA,"=""01-Jan-2019""",NA,NA,NA,NA,NA,NA,NA,"Region XI (Davao Region)",NA,NA,NA,NA,NA,NA,NA,NA,NA,NA,NA
"OQ326764",NA,NA,NA,NA,"=""01-Jan-2018""",NA,NA,NA,NA,NA,NA,NA,"Region XI (Davao Region)",NA,NA,NA,NA,NA,NA,NA,NA,NA,NA,NA
"OQ326763",NA,NA,NA,NA,"=""01-Jan-2019""",NA,NA,NA,NA,NA,NA,NA,"Region XI (Davao Region)",NA,NA,NA,NA,NA,NA,NA,NA,NA,NA,NA
"OQ326762",NA,NA,NA,NA,"=""01-Jan-2018""",NA,NA,NA,NA,NA,NA,NA,"Region XI (Davao Region)",NA,NA,NA,NA,NA,NA,NA,NA,NA,NA,NA
"OQ326761",NA,NA,NA,NA,"=""01-Jan-2018""",NA,NA,NA,NA,NA,NA,NA,"Region XI (Davao Region)",NA,NA,NA,NA,NA,NA,NA,NA,NA,NA,NA
"OQ326760",NA,NA,NA,NA,"=""01-Jan-2018""",NA,NA,NA,NA,NA,NA,NA,"Region XI (Davao Region)",NA,NA,NA,NA,NA,NA,NA,NA,NA,NA,NA
"OQ326759",NA,NA,NA,NA,"=""01-Jan-2018""",NA,NA,NA,NA,NA,NA,NA,"Region XI (Davao Region)",NA,NA,NA,NA,NA,NA,NA,NA,NA,NA,NA
"OQ326758",NA,NA,NA,NA,"=""01-Jan-2018""",NA,NA,NA,NA,NA,NA,NA,"Region XI (Davao Region)",NA,NA,NA,NA,NA,NA,NA,NA,NA,NA,NA
"OQ326757",NA,NA,NA,NA,"=""01-Jan-2018""",NA,NA,NA,NA,NA,NA,NA,"Region XI (Davao Region)",NA,NA,NA,NA,NA,NA,NA,NA,NA,NA,NA
"OQ326756",NA,NA,NA,NA,"=""01-Jan-2018""",NA,NA,NA,NA,NA,NA,NA,"Region XI (Davao Region)",NA,NA,NA,NA,NA,NA,NA,NA,NA,NA,NA
"OQ326755",NA,NA,NA,NA,"=""01-Jan-2018""",NA,NA,NA,NA,NA,NA,NA,"Region XI (Davao Region)",NA,NA,NA,NA,NA,NA,NA,NA,NA,NA,NA
"OR971544",NA,NA,NA,NA,"=""12-oct-2021""",NA,NA,NA,NA,NA,NA,NA,"Region VI (Western Visayas)",NA,NA,NA,NA,NA,NA,NA,NA,NA,NA,NA
"OR971543",NA,NA,NA,NA,"=""07-oct-2021""",NA,NA,NA,NA,NA,NA,NA,"Region VI (Western Visayas)",NA,NA,NA,NA,NA,NA,NA,NA,NA,NA,NA
"OR971542",NA,NA,NA,NA,"=""06-oct-2021""",NA,NA,NA,NA,NA,NA,NA,"Region VI (Western Visayas)",NA,NA,NA,NA,NA,NA,NA,NA,NA,NA,NA
"OR971541",NA,NA,NA,NA,"=""06-oct-2021""",NA,NA,NA,NA,NA,NA,NA,"Region VI (Western Visayas)",NA,NA,NA,NA,NA,NA,NA,NA,NA,NA,NA
"OR971540",NA,NA,NA,NA,"=""05-oct-2021""",NA,NA,NA,NA,NA,NA,NA,"Region VI (Western Visayas)",NA,NA,NA,NA,NA,NA,NA,NA,NA,NA,NA
"OR971539",NA,NA,NA,NA,"=""10-oct-2019""",NA,NA,NA,NA,NA,NA,NA,"Region VI (Western Visayas)",NA,NA,NA,NA,NA,NA,NA,NA,NA,NA,NA
"OR971538",NA,NA,NA,NA,"=""17-sep-2019""",NA,NA,NA,NA,NA,NA,NA,"Region VI (Western Visayas)",NA,NA,NA,NA,NA,NA,NA,NA,NA,NA,NA
"OR971537",NA,NA,NA,NA,"=""29-aug-2019""",NA,NA,NA,NA,NA,NA,NA,"Region VI (Western Visayas)",NA,NA,NA,NA,NA,NA,NA,NA,NA,NA,NA
"OR971536",NA,NA,NA,NA,"=""17-jun-2019""",NA,NA,NA,NA,NA,NA,NA,"Region VI (Western Visayas)",NA,NA,NA,NA,NA,NA,NA,NA,NA,NA,NA
"OR971535",NA,NA,NA,NA,"=""11-jun-2019""",NA,NA,NA,NA,NA,NA,NA,"Region VI (Western Visayas)",NA,NA,NA,NA,NA,NA,NA,NA,NA,NA,NA
"OR971534",NA,NA,NA,NA,"=""15-apr-2019""",NA,NA,NA,NA,NA,NA,NA,"Region VI (Western Visayas)",NA,NA,NA,NA,NA,NA,NA,NA,NA,NA,NA
"OR971533",NA,NA,NA,NA,"=""10-May-2021""",NA,NA,NA,NA,NA,NA,NA,"Region V (Bicol Region)",NA,NA,NA,NA,NA,NA,NA,NA,NA,NA,NA
"OR971532",NA,NA,NA,NA,"=""06-May-2021""",NA,NA,NA,NA,NA,NA,NA,"Region V (Bicol Region)",NA,NA,NA,NA,NA,NA,NA,NA,NA,NA,NA
"OR971531",NA,NA,NA,NA,"=""05-May-2021""",NA,NA,NA,NA,NA,NA,NA,"Region V (Bicol Region)",NA,NA,NA,NA,NA,NA,NA,NA,NA,NA,NA
"OR971530",NA,NA,NA,NA,"=""03-May-2021""",NA,NA,NA,NA,NA,NA,NA,"Region V (Bicol Region)",NA,NA,NA,NA,NA,NA,NA,NA,NA,NA,NA
"OR971529",NA,NA,NA,NA,"=""03-May-2021""",NA,NA,NA,NA,NA,NA,NA,"Region V (Bicol Region)",NA,NA,NA,NA,NA,NA,NA,NA,NA,NA,NA
"OR971528",NA,NA,NA,NA,"=""26-Apr-2021""",NA,NA,NA,NA,NA,NA,NA,"Region V (Bicol Region)",NA,NA,NA,NA,NA,NA,NA,NA,NA,NA,NA
"OR971527",NA,NA,NA,NA,"=""27-Apr-2021""",NA,NA,NA,NA,NA,NA,NA,"Region V (Bicol Region)",NA,NA,NA,NA,NA,NA,NA,NA,NA,NA,NA
"OR971526",NA,NA,NA,NA,"=""26-Apr-2021""",NA,NA,NA,NA,NA,NA,NA,"Region V (Bicol Region)",NA,NA,NA,NA,NA,NA,NA,NA,NA,NA,NA
"OR971525",NA,NA,NA,NA,"=""19-Apr-2021""",NA,NA,NA,NA,NA,NA,NA,"Region V (Bicol Region)",NA,NA,NA,NA,NA,NA,NA,NA,NA,NA,NA
"OR971524",NA,NA,NA,NA,"=""19-Apr-2021""",NA,NA,NA,NA,NA,NA,NA,"Region V (Bicol Region)",NA,NA,NA,NA,NA,NA,NA,NA,NA,NA,NA
"OR971523",NA,NA,NA,NA,"=""12-Apr-2021""",NA,NA,NA,NA,NA,NA,NA,"Region V (Bicol Region)",NA,NA,NA,NA,NA,NA,NA,NA,NA,NA,NA
"OR971522",NA,NA,NA,NA,"=""02-Apr-2021""",NA,NA,NA,NA,NA,NA,NA,"Region V (Bicol Region)",NA,NA,NA,NA,NA,NA,NA,NA,NA,NA,NA
"OR971521",NA,NA,NA,NA,"=""22-Mar-2021""",NA,NA,NA,NA,NA,NA,NA,"Region V (Bicol Region)",NA,NA,NA,NA,NA,NA,NA,NA,NA,NA,NA
"OR971520",NA,NA,NA,NA,"=""22-Mar-2021""",NA,NA,NA,NA,NA,NA,NA,"Region V (Bicol Region)",NA,NA,NA,NA,NA,NA,NA,NA,NA,NA,NA
"OR971519",NA,NA,NA,NA,"=""22-Mar-2021""",NA,NA,NA,NA,NA,NA,NA,"Region V (Bicol Region)",NA,NA,NA,NA,NA,NA,NA,NA,NA,NA,NA
"OR971518",NA,NA,NA,NA,"=""22-Mar-2021""",NA,NA,NA,NA,NA,NA,NA,"Region V (Bicol Region)",NA,NA,NA,NA,NA,NA,NA,NA,NA,NA,NA
"OR971517",NA,NA,NA,NA,"=""05-Mar-2021""",NA,NA,NA,NA,NA,NA,NA,"Region V (Bicol Region)",NA,NA,NA,NA,NA,NA,NA,NA,NA,NA,NA
"OR971516",NA,NA,NA,NA,"=""05-Mar-2021""",NA,NA,NA,NA,NA,NA,NA,"Region V (Bicol Region)",NA,NA,NA,NA,NA,NA,NA,NA,NA,NA,NA
"OR971515",NA,NA,NA,NA,"=""01-Feb-2021""",NA,NA,NA,NA,NA,NA,NA,"Region V (Bicol Region)",NA,NA,NA,NA,NA,NA,NA,NA,NA,NA,NA
"OR971514",NA,NA,NA,NA,"=""01-Feb-2021""",NA,NA,NA,NA,NA,NA,NA,"Region V (Bicol Region)",NA,NA,NA,NA,NA,NA,NA,NA,NA,NA,NA
"OR971513",NA,NA,NA,NA,"=""01-Feb-2021""",NA,NA,NA,NA,NA,NA,NA,"Region V (Bicol Region)",NA,NA,NA,NA,NA,NA,NA,NA,NA,NA,NA
"OR971512",NA,NA,NA,NA,"=""01-Feb-2021""",NA,NA,NA,NA,NA,NA,NA,"Region V (Bicol Region)",NA,NA,NA,NA,NA,NA,NA,NA,NA,NA,NA
"OR971511",NA,NA,NA,NA,"=""20-Jan-2021""",NA,NA,NA,NA,NA,NA,NA,"Region V (Bicol Region)",NA,NA,NA,NA,NA,NA,NA,NA,NA,NA,NA
"OR971510",NA,NA,NA,NA,"=""19-Jan-2021""",NA,NA,NA,NA,NA,NA,NA,"Region V (Bicol Region)",NA,NA,NA,NA,NA,NA,NA,NA,NA,NA,NA
"OR971509",NA,NA,NA,NA,"=""11-Jan-2021""",NA,NA,NA,NA,NA,NA,NA,"Region V (Bicol Region)",NA,NA,NA,NA,NA,NA,NA,NA,NA,NA,NA
"OR971508",NA,NA,NA,NA,"=""05-Jan-2021""",NA,NA,NA,NA,NA,NA,NA,"Region V (Bicol Region)",NA,NA,NA,NA,NA,NA,NA,NA,NA,NA,NA
"OR971507",NA,NA,NA,NA,"=""05-Jan-2021""",NA,NA,NA,NA,NA,NA,NA,"Region V (Bicol Region)",NA,NA,NA,NA,NA,NA,NA,NA,NA,NA,NA
"OR971506",NA,NA,NA,NA,"=""07-Mar-2019""",NA,NA,NA,NA,NA,NA,NA,"Region V (Bicol Region)",NA,NA,NA,NA,NA,NA,NA,NA,NA,NA,NA
"OR971505",NA,NA,NA,NA,"=""07-Dec-2018""",NA,NA,NA,NA,NA,NA,NA,"Region V (Bicol Region)",NA,NA,NA,NA,NA,NA,NA,NA,NA,NA,NA
"OR971504",NA,NA,NA,NA,"=""14-Sep-2018""",NA,NA,NA,NA,NA,NA,NA,"Region V (Bicol Region)",NA,NA,NA,NA,NA,NA,NA,NA,NA,NA,NA
"OR971503",NA,NA,NA,NA,"=""10-Aug-2018""",NA,NA,NA,NA,NA,NA,NA,"Region V (Bicol Region)",NA,NA,NA,NA,NA,NA,NA,NA,NA,NA,NA
"OR971502",NA,NA,NA,NA,"=""02-May-2018""",NA,NA,NA,NA,NA,NA,NA,"Region V (Bicol Region)",NA,NA,NA,NA,NA,NA,NA,NA,NA,NA,NA
"OR971501",NA,NA,NA,NA,"=""27-Feb-2018""",NA,NA,NA,NA,NA,NA,NA,"Region V (Bicol Region)",NA,NA,NA,NA,NA,NA,NA,NA,NA,NA,NA
"OR971500",NA,NA,NA,NA,"=""27-Feb-2018""",NA,NA,NA,NA,NA,NA,NA,"Region V (Bicol Region)",NA,NA,NA,NA,NA,NA,NA,NA,NA,NA,NA
"OR971499",NA,NA,NA,NA,"=""20-Feb-2018""",NA,NA,NA,NA,NA,NA,NA,"Region V (Bicol Region)",NA,NA,NA,NA,NA,NA,NA,NA,NA,NA,NA
"OR971498",NA,NA,NA,NA,"=""08-Feb-2018""",NA,NA,NA,NA,NA,NA,NA,"Region V (Bicol Region)",NA,NA,NA,NA,NA,NA,NA,NA,NA,NA,NA
"OR971497",NA,NA,NA,NA,"=""01-Jan-2022""",NA,NA,NA,NA,NA,NA,NA,"Mimaropa Region",NA,NA,NA,NA,NA,NA,NA,NA,NA,NA,NA
"OR971496",NA,NA,NA,NA,"=""03-Mar-2022""",NA,NA,NA,NA,NA,NA,NA,"Mimaropa Region",NA,NA,NA,NA,NA,NA,NA,NA,NA,NA,NA
"OR971495",NA,NA,NA,NA,"=""17-Feb-2022""",NA,NA,NA,NA,NA,NA,NA,"Mimaropa Region",NA,NA,NA,NA,NA,NA,NA,NA,NA,NA,NA
"OR971344",NA,NA,NA,NA,"=""02-Jan-2022""",NA,NA,NA,NA,NA,NA,NA,"Cordillera Administrative Region (CAR)",NA,NA,NA,NA,NA,NA,NA,NA,NA,NA,NA
"OR971343",NA,NA,NA,NA,"=""14-Jan-2022""",NA,NA,NA,NA,NA,NA,NA,"Cordillera Administrative Region (CAR)",NA,NA,NA,NA,NA,NA,NA,NA,NA,NA,NA
"OR971342",NA,NA,NA,NA,"=""01-Jun-2022""",NA,NA,NA,NA,NA,NA,NA,"Cordillera Administrative Region (CAR)",NA,NA,NA,NA,NA,NA,NA,NA,NA,NA,NA
"OR971341",NA,NA,NA,NA,"=""01-Apr-2022""",NA,NA,NA,NA,NA,NA,NA,"Cordillera Administrative Region (CAR)",NA,NA,NA,NA,NA,NA,NA,NA,NA,NA,NA
"OR971340",NA,NA,NA,NA,"=""15-Nov-2021""",NA,NA,NA,NA,NA,NA,NA,"Cordillera Administrative Region (CAR)",NA,NA,NA,NA,NA,NA,NA,NA,NA,NA,NA
"OR971339",NA,NA,NA,NA,"=""11-Mar-2021""",NA,NA,NA,NA,NA,NA,NA,"Cordillera Administrative Region (CAR)",NA,NA,NA,NA,NA,NA,NA,NA,NA,NA,NA
"OR971338",NA,NA,NA,NA,"=""25-Jun-2021""",NA,NA,NA,NA,NA,NA,NA,"Cordillera Administrative Region (CAR)",NA,NA,NA,NA,NA,NA,NA,NA,NA,NA,NA
"OR971337",NA,NA,NA,NA,"=""18-Jun-2021""",NA,NA,NA,NA,NA,NA,NA,"Cordillera Administrative Region (CAR)",NA,NA,NA,NA,NA,NA,NA,NA,NA,NA,NA
"OR971336",NA,NA,NA,NA,"=""06-Aug-2021""",NA,NA,NA,NA,NA,NA,NA,"Cordillera Administrative Region (CAR)",NA,NA,NA,NA,NA,NA,NA,NA,NA,NA,NA
"OR971335",NA,NA,NA,NA,"=""14-May-2021""",NA,NA,NA,NA,NA,NA,NA,"Cordillera Administrative Region (CAR)",NA,NA,NA,NA,NA,NA,NA,NA,NA,NA,NA
"OR971334",NA,NA,NA,NA,"=""10-May-2021""",NA,NA,NA,NA,NA,NA,NA,"Cordillera Administrative Region (CAR)",NA,NA,NA,NA,NA,NA,NA,NA,NA,NA,NA
"OR971333",NA,NA,NA,NA,"=""03-May-2021""",NA,NA,NA,NA,NA,NA,NA,"Cordillera Administrative Region (CAR)",NA,NA,NA,NA,NA,NA,NA,NA,NA,NA,NA
"OR971332",NA,NA,NA,NA,"=""11-Mar-2021""",NA,NA,NA,NA,NA,NA,NA,"Cordillera Administrative Region (CAR)",NA,NA,NA,NA,NA,NA,NA,NA,NA,NA,NA
"OR971331",NA,NA,NA,NA,"=""28-Feb-2021""",NA,NA,NA,NA,NA,NA,NA,"Cordillera Administrative Region (CAR)",NA,NA,NA,NA,NA,NA,NA,NA,NA,NA,NA
"OR971330",NA,NA,NA,NA,"=""24-Feb-2021""",NA,NA,NA,NA,NA,NA,NA,"Cordillera Administrative Region (CAR)",NA,NA,NA,NA,NA,NA,NA,NA,NA,NA,NA
"OR971329",NA,NA,NA,NA,"=""28-Oct-2019""",NA,NA,NA,NA,NA,NA,NA,"Cordillera Administrative Region (CAR)",NA,NA,NA,NA,NA,NA,NA,NA,NA,NA,NA
"OR971328",NA,NA,NA,NA,"=""14-Oct-2019""",NA,NA,NA,NA,NA,NA,NA,"Cordillera Administrative Region (CAR)",NA,NA,NA,NA,NA,NA,NA,NA,NA,NA,NA
"OR971327",NA,NA,NA,NA,"=""23-Sep-2019""",NA,NA,NA,NA,NA,NA,NA,"Cordillera Administrative Region (CAR)",NA,NA,NA,NA,NA,NA,NA,NA,NA,NA,NA
"OR971326",NA,NA,NA,NA,"=""26-Sep-2019""",NA,NA,NA,NA,NA,NA,NA,"Cordillera Administrative Region (CAR)",NA,NA,NA,NA,NA,NA,NA,NA,NA,NA,NA
"OR971325",NA,NA,NA,NA,"=""16-Sep-2019""",NA,NA,NA,NA,NA,NA,NA,"Cordillera Administrative Region (CAR)",NA,NA,NA,NA,NA,NA,NA,NA,NA,NA,NA
"OR971324",NA,NA,NA,NA,"=""04-Sep-2019""",NA,NA,NA,NA,NA,NA,NA,"Cordillera Administrative Region (CAR)",NA,NA,NA,NA,NA,NA,NA,NA,NA,NA,NA
"OR971323",NA,NA,NA,NA,"=""26-Aug-2019""",NA,NA,NA,NA,NA,NA,NA,"Cordillera Administrative Region (CAR)",NA,NA,NA,NA,NA,NA,NA,NA,NA,NA,NA
"OR971644",NA,NA,NA,NA,"=""24-jun-2019""",NA,NA,NA,NA,NA,NA,NA,"Region XII (Soccsksargen)",NA,NA,NA,NA,NA,NA,NA,NA,NA,NA,NA
"OR971643",NA,NA,NA,NA,"=""19-jun-2019""",NA,NA,NA,NA,NA,NA,NA,"Region XII (Soccsksargen)",NA,NA,NA,NA,NA,NA,NA,NA,NA,NA,NA
"OR971642",NA,NA,NA,NA,"=""07-jun-2019""",NA,NA,NA,NA,NA,NA,NA,"Region XII (Soccsksargen)",NA,NA,NA,NA,NA,NA,NA,NA,NA,NA,NA
"OR971641",NA,NA,NA,NA,"=""09-jan-2019""",NA,NA,NA,NA,NA,NA,NA,"Region XII (Soccsksargen)",NA,NA,NA,NA,NA,NA,NA,NA,NA,NA,NA
"OR971640",NA,NA,NA,NA,"=""05-may-2022""",NA,NA,NA,NA,NA,NA,NA,"Region XI (Davao Region)",NA,NA,NA,NA,NA,NA,NA,NA,NA,NA,NA
"OR971639",NA,NA,NA,NA,"=""02-may-2022""",NA,NA,NA,NA,NA,NA,NA,"Region XI (Davao Region)",NA,NA,NA,NA,NA,NA,NA,NA,NA,NA,NA
"OR971638",NA,NA,NA,NA,"=""25-apr-2022""",NA,NA,NA,NA,NA,NA,NA,"Region XI (Davao Region)",NA,NA,NA,NA,NA,NA,NA,NA,NA,NA,NA
"OR971637",NA,NA,NA,NA,"=""01-apr-2022""",NA,NA,NA,NA,NA,NA,NA,"Region XI (Davao Region)",NA,NA,NA,NA,NA,NA,NA,NA,NA,NA,NA
"OR971636",NA,NA,NA,NA,"=""25-mar-2022""",NA,NA,NA,NA,NA,NA,NA,"Region XI (Davao Region)",NA,NA,NA,NA,NA,NA,NA,NA,NA,NA,NA
"OR971635",NA,NA,NA,NA,"=""11-mar-2022""",NA,NA,NA,NA,NA,NA,NA,"Region XI (Davao Region)",NA,NA,NA,NA,NA,NA,NA,NA,NA,NA,NA
"OR971634",NA,NA,NA,NA,"=""15-feb-2022""",NA,NA,NA,NA,NA,NA,NA,"Region XI (Davao Region)",NA,NA,NA,NA,NA,NA,NA,NA,NA,NA,NA
"OR971633",NA,NA,NA,NA,"=""15-feb-2022""",NA,NA,NA,NA,NA,NA,NA,"Region XI (Davao Region)",NA,NA,NA,NA,NA,NA,NA,NA,NA,NA,NA
"OR971632",NA,NA,NA,NA,"=""15-feb-2022""",NA,NA,NA,NA,NA,NA,NA,"Region XI (Davao Region)",NA,NA,NA,NA,NA,NA,NA,NA,NA,NA,NA
"OR971631",NA,NA,NA,NA,"=""04-feb-2022""",NA,NA,NA,NA,NA,NA,NA,"Region XI (Davao Region)",NA,NA,NA,NA,NA,NA,NA,NA,NA,NA,NA
"OR971630",NA,NA,NA,NA,"=""18-jan-2022""",NA,NA,NA,NA,NA,NA,NA,"Region XI (Davao Region)",NA,NA,NA,NA,NA,NA,NA,NA,NA,NA,NA
"OR971629",NA,NA,NA,NA,"=""07-dec-2021""",NA,NA,NA,NA,NA,NA,NA,"Region XI (Davao Region)",NA,NA,NA,NA,NA,NA,NA,NA,NA,NA,NA
"OR971628",NA,NA,NA,NA,"=""14-oct-2021""",NA,NA,NA,NA,NA,NA,NA,"Region XI (Davao Region)",NA,NA,NA,NA,NA,NA,NA,NA,NA,NA,NA
"OR971627",NA,NA,NA,NA,"=""10-jun-2021""",NA,NA,NA,NA,NA,NA,NA,"Region XI (Davao Region)",NA,NA,NA,NA,NA,NA,NA,NA,NA,NA,NA
"OR971626",NA,NA,NA,NA,"=""06-jan-2021""",NA,NA,NA,NA,NA,NA,NA,"Region XI (Davao Region)",NA,NA,NA,NA,NA,NA,NA,NA,NA,NA,NA
"OR971625",NA,NA,NA,NA,"=""21-apr-2021""",NA,NA,NA,NA,NA,NA,NA,"Region X (Northern Mindanao)",NA,NA,NA,NA,NA,NA,NA,NA,NA,NA,NA
"OR971624",NA,NA,NA,NA,"=""18-may-2021""",NA,NA,NA,NA,NA,NA,NA,"Region X (Northern Mindanao)",NA,NA,NA,NA,NA,NA,NA,NA,NA,NA,NA
"OR971623",NA,NA,NA,NA,"=""21-may-2021""",NA,NA,NA,NA,NA,NA,NA,"Region X (Northern Mindanao)",NA,NA,NA,NA,NA,NA,NA,NA,NA,NA,NA
"OR971622",NA,NA,NA,NA,"=""07-jun-2021""",NA,NA,NA,NA,NA,NA,NA,"Region X (Northern Mindanao)",NA,NA,NA,NA,NA,NA,NA,NA,NA,NA,NA
"OR971621",NA,NA,NA,NA,"=""09-jun-2021""",NA,NA,NA,NA,NA,NA,NA,"Region X (Northern Mindanao)",NA,NA,NA,NA,NA,NA,NA,NA,NA,NA,NA
"OR971620",NA,NA,NA,NA,"=""02-jul-2021""",NA,NA,NA,NA,NA,NA,NA,"Region X (Northern Mindanao)",NA,NA,NA,NA,NA,NA,NA,NA,NA,NA,NA
"OR971619",NA,NA,NA,NA,"=""20-aug-2021""",NA,NA,NA,NA,NA,NA,NA,"Region X (Northern Mindanao)",NA,NA,NA,NA,NA,NA,NA,NA,NA,NA,NA
"OR971618",NA,NA,NA,NA,"=""23-aug-2021""",NA,NA,NA,NA,NA,NA,NA,"Region X (Northern Mindanao)",NA,NA,NA,NA,NA,NA,NA,NA,NA,NA,NA
"OR971617",NA,NA,NA,NA,"=""27-sep-2021""",NA,NA,NA,NA,NA,NA,NA,"Region X (Northern Mindanao)",NA,NA,NA,NA,NA,NA,NA,NA,NA,NA,NA
"OR971616",NA,NA,NA,NA,"=""06-sep-2021""",NA,NA,NA,NA,NA,NA,NA,"Region X (Northern Mindanao)",NA,NA,NA,NA,NA,NA,NA,NA,NA,NA,NA
"OR971615",NA,NA,NA,NA,"=""27-dec-2019""",NA,NA,NA,NA,NA,NA,NA,"Region X (Northern Mindanao)",NA,NA,NA,NA,NA,NA,NA,NA,NA,NA,NA
"OR971614",NA,NA,NA,NA,"=""16-dec-2019""",NA,NA,NA,NA,NA,NA,NA,"Region X (Northern Mindanao)",NA,NA,NA,NA,NA,NA,NA,NA,NA,NA,NA
"OR971613",NA,NA,NA,NA,"=""16-dec-2019""",NA,NA,NA,NA,NA,NA,NA,"Region X (Northern Mindanao)",NA,NA,NA,NA,NA,NA,NA,NA,NA,NA,NA
"OR971612",NA,NA,NA,NA,"=""04-dec-2019""",NA,NA,NA,NA,NA,NA,NA,"Region X (Northern Mindanao)",NA,NA,NA,NA,NA,NA,NA,NA,NA,NA,NA
"OR971611",NA,NA,NA,NA,"=""04-dec-2019""",NA,NA,NA,NA,NA,NA,NA,"Region X (Northern Mindanao)",NA,NA,NA,NA,NA,NA,NA,NA,NA,NA,NA
"OR971610",NA,NA,NA,NA,"=""04-dec-2019""",NA,NA,NA,NA,NA,NA,NA,"Region X (Northern Mindanao)",NA,NA,NA,NA,NA,NA,NA,NA,NA,NA,NA
"OR971609",NA,NA,NA,NA,"=""28-nov-2019""",NA,NA,NA,NA,NA,NA,NA,"Region X (Northern Mindanao)",NA,NA,NA,NA,NA,NA,NA,NA,NA,NA,NA
"OR971608",NA,NA,NA,NA,"=""25-nov-2019""",NA,NA,NA,NA,NA,NA,NA,"Region X (Northern Mindanao)",NA,NA,NA,NA,NA,NA,NA,NA,NA,NA,NA
"OR971607",NA,NA,NA,NA,"=""11-nov-2019""",NA,NA,NA,NA,NA,NA,NA,"Region X (Northern Mindanao)",NA,NA,NA,NA,NA,NA,NA,NA,NA,NA,NA
"OR971606",NA,NA,NA,NA,"=""09-nov-2019""",NA,NA,NA,NA,NA,NA,NA,"Region X (Northern Mindanao)",NA,NA,NA,NA,NA,NA,NA,NA,NA,NA,NA
"OR971605",NA,NA,NA,NA,"=""08-nov-2019""",NA,NA,NA,NA,NA,NA,NA,"Region X (Northern Mindanao)",NA,NA,NA,NA,NA,NA,NA,NA,NA,NA,NA
"OR971604",NA,NA,NA,NA,"=""07-nov-2019""",NA,NA,NA,NA,NA,NA,NA,"Region X (Northern Mindanao)",NA,NA,NA,NA,NA,NA,NA,NA,NA,NA,NA
"OR971603",NA,NA,NA,NA,"=""21-oct-2019""",NA,NA,NA,NA,NA,NA,NA,"Region X (Northern Mindanao)",NA,NA,NA,NA,NA,NA,NA,NA,NA,NA,NA
"OR971602",NA,NA,NA,NA,"=""14-oct-2019""",NA,NA,NA,NA,NA,NA,NA,"Region X (Northern Mindanao)",NA,NA,NA,NA,NA,NA,NA,NA,NA,NA,NA
"OR971601",NA,NA,NA,NA,"=""11-oct-2019""",NA,NA,NA,NA,NA,NA,NA,"Region X (Northern Mindanao)",NA,NA,NA,NA,NA,NA,NA,NA,NA,NA,NA
"OR971600",NA,NA,NA,NA,"=""12-sep-2019""",NA,NA,NA,NA,NA,NA,NA,"Region X (Northern Mindanao)",NA,NA,NA,NA,NA,NA,NA,NA,NA,NA,NA
"OR971599",NA,NA,NA,NA,"=""12-Sep-2021""",NA,NA,NA,NA,NA,NA,NA,"Region IX (Zamboanga Peninsula)",NA,NA,NA,NA,NA,NA,NA,NA,NA,NA,NA
"OR971598",NA,NA,NA,NA,"=""10-Dec-2021""",NA,NA,NA,NA,NA,NA,NA,"Region IX (Zamboanga Peninsula)",NA,NA,NA,NA,NA,NA,NA,NA,NA,NA,NA
"OR971597",NA,NA,NA,NA,"=""10-Jul-2021""",NA,NA,NA,NA,NA,NA,NA,"Region IX (Zamboanga Peninsula)",NA,NA,NA,NA,NA,NA,NA,NA,NA,NA,NA
"OR971596",NA,NA,NA,NA,"=""27-Aug-2021""",NA,NA,NA,NA,NA,NA,NA,"Region IX (Zamboanga Peninsula)",NA,NA,NA,NA,NA,NA,NA,NA,NA,NA,NA
"OR971595",NA,NA,NA,NA,"=""23-Aug-2021""",NA,NA,NA,NA,NA,NA,NA,"Region IX (Zamboanga Peninsula)",NA,NA,NA,NA,NA,NA,NA,NA,NA,NA,NA
"MN857171",NA,NA,NA,NA,"=""06-May-2019""",NA,NA,NA,NA,NA,NA,NA,"Region III (Central Luzon)",NA,NA,NA,NA,NA,NA,NA,NA,NA,NA,NA
"MN857170",NA,NA,NA,NA,"=""27-May-2019""",NA,NA,NA,NA,NA,NA,NA,"Region IV-A (Calabarzon)",NA,NA,NA,NA,NA,NA,NA,NA,NA,NA,NA
"MN857169",NA,NA,NA,NA,"=""31-May-2019""",NA,NA,NA,NA,NA,NA,NA,"National Capital Region (NCR)",NA,NA,NA,NA,NA,NA,NA,NA,NA,NA,NA
"MN857168",NA,NA,NA,NA,"=""28-May-2019""",NA,NA,NA,NA,NA,NA,NA,"National Capital Region (NCR)",NA,NA,NA,NA,NA,NA,NA,NA,NA,NA,NA
"MN857167",NA,NA,NA,NA,"=""26-Jun-2019""",NA,NA,NA,NA,NA,NA,NA,"National Capital Region (NCR)",NA,NA,NA,NA,NA,NA,NA,NA,NA,NA,NA
"OR971594",NA,NA,NA,NA,"=""20-Aug-2021""",NA,NA,NA,NA,NA,NA,NA,"Region IX (Zamboanga Peninsula)",NA,NA,NA,NA,NA,NA,NA,NA,NA,NA,NA
"OR971593",NA,NA,NA,NA,"=""05-Jan-2021""",NA,NA,NA,NA,NA,NA,NA,"Region IX (Zamboanga Peninsula)",NA,NA,NA,NA,NA,NA,NA,NA,NA,NA,NA
"OR971592",NA,NA,NA,NA,"=""09-Oct-2019""",NA,NA,NA,NA,NA,NA,NA,"Region IX (Zamboanga Peninsula)",NA,NA,NA,NA,NA,NA,NA,NA,NA,NA,NA
"OR971591",NA,NA,NA,NA,"=""26-Apr-2021""",NA,NA,NA,NA,NA,NA,NA,"Region VIII (Eastern Visayas)",NA,NA,NA,NA,NA,NA,NA,NA,NA,NA,NA
"OR971590",NA,NA,NA,NA,"=""16-Apr-2021""",NA,NA,NA,NA,NA,NA,NA,"Region VIII (Eastern Visayas)",NA,NA,NA,NA,NA,NA,NA,NA,NA,NA,NA
"OR971589",NA,NA,NA,NA,"=""15-Apr-2021""",NA,NA,NA,NA,NA,NA,NA,"Region VIII (Eastern Visayas)",NA,NA,NA,NA,NA,NA,NA,NA,NA,NA,NA
"OR971588",NA,NA,NA,NA,"=""07-Apr-2021""",NA,NA,NA,NA,NA,NA,NA,"Region VIII (Eastern Visayas)",NA,NA,NA,NA,NA,NA,NA,NA,NA,NA,NA
"OR971587",NA,NA,NA,NA,"=""30-Mar-2021""",NA,NA,NA,NA,NA,NA,NA,"Region VIII (Eastern Visayas)",NA,NA,NA,NA,NA,NA,NA,NA,NA,NA,NA
"OR971586",NA,NA,NA,NA,"=""23-Mar-2021""",NA,NA,NA,NA,NA,NA,NA,"Region VIII (Eastern Visayas)",NA,NA,NA,NA,NA,NA,NA,NA,NA,NA,NA
"OR971585",NA,NA,NA,NA,"=""26-Feb-2021""",NA,NA,NA,NA,NA,NA,NA,"Region VIII (Eastern Visayas)",NA,NA,NA,NA,NA,NA,NA,NA,NA,NA,NA
"OR971584",NA,NA,NA,NA,"=""22-Feb-2021""",NA,NA,NA,NA,NA,NA,NA,"Region VIII (Eastern Visayas)",NA,NA,NA,NA,NA,NA,NA,NA,NA,NA,NA
"OR971583",NA,NA,NA,NA,NA,NA,NA,NA,NA,NA,NA,NA,"Region VII (Central Visayas)",NA,NA,NA,NA,NA,NA,NA,NA,NA,NA,NA
"OR971582",NA,NA,NA,NA,NA,NA,NA,NA,NA,NA,NA,NA,"Region VII (Central Visayas)",NA,NA,NA,NA,NA,NA,NA,NA,NA,NA,NA
"OR971581",NA,NA,NA,NA,NA,NA,NA,NA,NA,NA,NA,NA,"Region VII (Central Visayas)",NA,NA,NA,NA,NA,NA,NA,NA,NA,NA,NA
"OR971580",NA,NA,NA,NA,NA,NA,NA,NA,NA,NA,NA,NA,"Region VII (Central Visayas)",NA,NA,NA,NA,NA,NA,NA,NA,NA,NA,NA
"OR971579",NA,NA,NA,NA,NA,NA,NA,NA,NA,NA,NA,NA,"Region VII (Central Visayas)",NA,NA,NA,NA,NA,NA,NA,NA,NA,NA,NA
"OR971578",NA,NA,NA,NA,NA,NA,NA,NA,NA,NA,NA,NA,"Region VII (Central Visayas)",NA,NA,NA,NA,NA,NA,NA,NA,NA,NA,NA
"OR971577",NA,NA,NA,NA,"=""28-Feb-2022""",NA,NA,NA,NA,NA,NA,NA,"Region VII (Central Visayas)",NA,NA,NA,NA,NA,NA,NA,NA,NA,NA,NA
"OR971576",NA,NA,NA,NA,"=""21-Feb-2022""",NA,NA,NA,NA,NA,NA,NA,"Region VII (Central Visayas)",NA,NA,NA,NA,NA,NA,NA,NA,NA,NA,NA
"OR971575",NA,NA,NA,NA,"=""15-Feb-2022""",NA,NA,NA,NA,NA,NA,NA,"Region VII (Central Visayas)",NA,NA,NA,NA,NA,NA,NA,NA,NA,NA,NA
"OR971574",NA,NA,NA,NA,"=""14-Feb-2022""",NA,NA,NA,NA,NA,NA,NA,"Region VII (Central Visayas)",NA,NA,NA,NA,NA,NA,NA,NA,NA,NA,NA
"OR971573",NA,NA,NA,NA,"=""02-Aug-2022""",NA,NA,NA,NA,NA,NA,NA,"Region VII (Central Visayas)",NA,NA,NA,NA,NA,NA,NA,NA,NA,NA,NA
"OR971572",NA,NA,NA,NA,"=""26-Jan-2022""",NA,NA,NA,NA,NA,NA,NA,"Region VII (Central Visayas)",NA,NA,NA,NA,NA,NA,NA,NA,NA,NA,NA
"OR971571",NA,NA,NA,NA,"=""01-Jul-2022""",NA,NA,NA,NA,NA,NA,NA,"Region VII (Central Visayas)",NA,NA,NA,NA,NA,NA,NA,NA,NA,NA,NA
"OR971570",NA,NA,NA,NA,"=""22-Nov-2021""",NA,NA,NA,NA,NA,NA,NA,"Region VII (Central Visayas)",NA,NA,NA,NA,NA,NA,NA,NA,NA,NA,NA
"OR971569",NA,NA,NA,NA,"=""22-Nov-2021""",NA,NA,NA,NA,NA,NA,NA,"Region VII (Central Visayas)",NA,NA,NA,NA,NA,NA,NA,NA,NA,NA,NA
"OR971568",NA,NA,NA,NA,"=""11-Dec-2021""",NA,NA,NA,NA,NA,NA,NA,"Region VII (Central Visayas)",NA,NA,NA,NA,NA,NA,NA,NA,NA,NA,NA
"OR971567",NA,NA,NA,NA,"=""11-Oct-2021""",NA,NA,NA,NA,NA,NA,NA,"Region VII (Central Visayas)",NA,NA,NA,NA,NA,NA,NA,NA,NA,NA,NA
"OR971566",NA,NA,NA,NA,"=""11-Sep-2021""",NA,NA,NA,NA,NA,NA,NA,"Region VII (Central Visayas)",NA,NA,NA,NA,NA,NA,NA,NA,NA,NA,NA
"OR971565",NA,NA,NA,NA,"=""11-Sep-2021""",NA,NA,NA,NA,NA,NA,NA,"Region VII (Central Visayas)",NA,NA,NA,NA,NA,NA,NA,NA,NA,NA,NA
"OR971564",NA,NA,NA,NA,"=""11-Sep-2021""",NA,NA,NA,NA,NA,NA,NA,"Region VII (Central Visayas)",NA,NA,NA,NA,NA,NA,NA,NA,NA,NA,NA
"OR971563",NA,NA,NA,NA,"=""26-Oct-2021""",NA,NA,NA,NA,NA,NA,NA,"Region VII (Central Visayas)",NA,NA,NA,NA,NA,NA,NA,NA,NA,NA,NA
"OR971562",NA,NA,NA,NA,"=""21-Oct-2021""",NA,NA,NA,NA,NA,NA,NA,"Region VII (Central Visayas)",NA,NA,NA,NA,NA,NA,NA,NA,NA,NA,NA
"OR971561",NA,NA,NA,NA,"=""18-Oct-2021""",NA,NA,NA,NA,NA,NA,NA,"Region VII (Central Visayas)",NA,NA,NA,NA,NA,NA,NA,NA,NA,NA,NA
"OR971560",NA,NA,NA,NA,"=""13-Oct-2021""",NA,NA,NA,NA,NA,NA,NA,"Region VII (Central Visayas)",NA,NA,NA,NA,NA,NA,NA,NA,NA,NA,NA
"OR971559",NA,NA,NA,NA,"=""13-Oct-2021""",NA,NA,NA,NA,NA,NA,NA,"Region VII (Central Visayas)",NA,NA,NA,NA,NA,NA,NA,NA,NA,NA,NA
"OR971558",NA,NA,NA,NA,"=""12-sep-2021""",NA,NA,NA,NA,NA,NA,NA,"Region VI (Western Visayas)",NA,NA,NA,NA,NA,NA,NA,NA,NA,NA,NA
"OR971557",NA,NA,NA,NA,"=""12-sep-2021""",NA,NA,NA,NA,NA,NA,NA,"Region VI (Western Visayas)",NA,NA,NA,NA,NA,NA,NA,NA,NA,NA,NA
"OR971556",NA,NA,NA,NA,"=""12-jul-2021""",NA,NA,NA,NA,NA,NA,NA,"Region VI (Western Visayas)",NA,NA,NA,NA,NA,NA,NA,NA,NA,NA,NA
"OR971555",NA,NA,NA,NA,"=""27-oct-2021""",NA,NA,NA,NA,NA,NA,NA,"Region VI (Western Visayas)",NA,NA,NA,NA,NA,NA,NA,NA,NA,NA,NA
"OR971554",NA,NA,NA,NA,"=""29-oct-2021""",NA,NA,NA,NA,NA,NA,NA,"Region VI (Western Visayas)",NA,NA,NA,NA,NA,NA,NA,NA,NA,NA,NA
"OR971553",NA,NA,NA,NA,"=""27-oct-2021""",NA,NA,NA,NA,NA,NA,NA,"Region VI (Western Visayas)",NA,NA,NA,NA,NA,NA,NA,NA,NA,NA,NA
"OR971552",NA,NA,NA,NA,"=""26-oct-2021""",NA,NA,NA,NA,NA,NA,NA,"Region VI (Western Visayas)",NA,NA,NA,NA,NA,NA,NA,NA,NA,NA,NA
"OR971551",NA,NA,NA,NA,"=""25-oct-2021""",NA,NA,NA,NA,NA,NA,NA,"Region VI (Western Visayas)",NA,NA,NA,NA,NA,NA,NA,NA,NA,NA,NA
"OR971550",NA,NA,NA,NA,"=""25-oct-2021""",NA,NA,NA,NA,NA,NA,NA,"Region VI (Western Visayas)",NA,NA,NA,NA,NA,NA,NA,NA,NA,NA,NA
"OR971549",NA,NA,NA,NA,"=""22-oct-2021""",NA,NA,NA,NA,NA,NA,NA,"Region VI (Western Visayas)",NA,NA,NA,NA,NA,NA,NA,NA,NA,NA,NA
"OR971548",NA,NA,NA,NA,"=""19-oct-2021""",NA,NA,NA,NA,NA,NA,NA,"Region VI (Western Visayas)",NA,NA,NA,NA,NA,NA,NA,NA,NA,NA,NA
"OR971547",NA,NA,NA,NA,"=""19-oct-2021""",NA,NA,NA,NA,NA,NA,NA,"Region VI (Western Visayas)",NA,NA,NA,NA,NA,NA,NA,NA,NA,NA,NA
"OR971546",NA,NA,NA,NA,"=""13-oct-2021""",NA,NA,NA,NA,NA,NA,NA,"Region VI (Western Visayas)",NA,NA,NA,NA,NA,NA,NA,NA,NA,NA,NA
"OR971545",NA,NA,NA,NA,"=""12-oct-2021""",NA,NA,NA,NA,NA,NA,NA,"Region VI (Western Visayas)",NA,NA,NA,NA,NA,NA,NA,NA,NA,NA,NA
"OR971494",NA,NA,NA,NA,"=""16-Feb-2022""",NA,NA,NA,NA,NA,NA,NA,"Mimaropa Region",NA,NA,NA,NA,NA,NA,NA,NA,NA,NA,NA
"OR971493",NA,NA,NA,NA,"=""09-Feb-2022""",NA,NA,NA,NA,NA,NA,NA,"Mimaropa Region",NA,NA,NA,NA,NA,NA,NA,NA,NA,NA,NA
"OR971492",NA,NA,NA,NA,"=""02-Sep-2022""",NA,NA,NA,NA,NA,NA,NA,"Mimaropa Region",NA,NA,NA,NA,NA,NA,NA,NA,NA,NA,NA
"OR971491",NA,NA,NA,NA,"=""04-Feb-2022""",NA,NA,NA,NA,NA,NA,NA,"Mimaropa Region",NA,NA,NA,NA,NA,NA,NA,NA,NA,NA,NA
"OR971490",NA,NA,NA,NA,"=""14-Jan-2022""",NA,NA,NA,NA,NA,NA,NA,"Mimaropa Region",NA,NA,NA,NA,NA,NA,NA,NA,NA,NA,NA
"OR971489",NA,NA,NA,NA,"=""05-Jan-2022""",NA,NA,NA,NA,NA,NA,NA,"Mimaropa Region",NA,NA,NA,NA,NA,NA,NA,NA,NA,NA,NA
"OR971488",NA,NA,NA,NA,"=""23-Apr-2021""",NA,NA,NA,NA,NA,NA,NA,"Mimaropa Region",NA,NA,NA,NA,NA,NA,NA,NA,NA,NA,NA
"OR971487",NA,NA,NA,NA,"=""14-Apr-2021""",NA,NA,NA,NA,NA,NA,NA,"Mimaropa Region",NA,NA,NA,NA,NA,NA,NA,NA,NA,NA,NA
"OR971486",NA,NA,NA,NA,"=""03-Oct-2021""",NA,NA,NA,NA,NA,NA,NA,"Mimaropa Region",NA,NA,NA,NA,NA,NA,NA,NA,NA,NA,NA
"OR971485",NA,NA,NA,NA,"=""03-May-2021""",NA,NA,NA,NA,NA,NA,NA,"Mimaropa Region",NA,NA,NA,NA,NA,NA,NA,NA,NA,NA,NA
"OR971484",NA,NA,NA,NA,"=""02-Sep-2021""",NA,NA,NA,NA,NA,NA,NA,"Mimaropa Region",NA,NA,NA,NA,NA,NA,NA,NA,NA,NA,NA
"OR971483",NA,NA,NA,NA,"=""16-Aug-2019""",NA,NA,NA,NA,NA,NA,NA,"Mimaropa Region",NA,NA,NA,NA,NA,NA,NA,NA,NA,NA,NA
"OR971482",NA,NA,NA,NA,"=""24-Mar-2022""",NA,NA,NA,NA,NA,NA,NA,"Region IV-A (Calabarzon)",NA,NA,NA,NA,NA,NA,NA,NA,NA,NA,NA
"OR971481",NA,NA,NA,NA,"=""03-Oct-2022""",NA,NA,NA,NA,NA,NA,NA,"Region IV-A (Calabarzon)",NA,NA,NA,NA,NA,NA,NA,NA,NA,NA,NA
"OR971480",NA,NA,NA,NA,"=""24-Feb-2022""",NA,NA,NA,NA,NA,NA,NA,"Region IV-A (Calabarzon)",NA,NA,NA,NA,NA,NA,NA,NA,NA,NA,NA
"OR971479",NA,NA,NA,NA,"=""22-Feb-2022""",NA,NA,NA,NA,NA,NA,NA,"Region IV-A (Calabarzon)",NA,NA,NA,NA,NA,NA,NA,NA,NA,NA,NA
"OR971478",NA,NA,NA,NA,"=""17-Feb-2022""",NA,NA,NA,NA,NA,NA,NA,"Region IV-A (Calabarzon)",NA,NA,NA,NA,NA,NA,NA,NA,NA,NA,NA
"OR971477",NA,NA,NA,NA,"=""15-Feb-2022""",NA,NA,NA,NA,NA,NA,NA,"Region IV-A (Calabarzon)",NA,NA,NA,NA,NA,NA,NA,NA,NA,NA,NA
"OR971476",NA,NA,NA,NA,"=""14-Feb-2022""",NA,NA,NA,NA,NA,NA,NA,"Region IV-A (Calabarzon)",NA,NA,NA,NA,NA,NA,NA,NA,NA,NA,NA
"OR971475",NA,NA,NA,NA,"=""02-Jul-2022""",NA,NA,NA,NA,NA,NA,NA,"Region IV-A (Calabarzon)",NA,NA,NA,NA,NA,NA,NA,NA,NA,NA,NA
"OR971474",NA,NA,NA,NA,"=""25-Jan-2022""",NA,NA,NA,NA,NA,NA,NA,"Region IV-A (Calabarzon)",NA,NA,NA,NA,NA,NA,NA,NA,NA,NA,NA
"OR971473",NA,NA,NA,NA,"=""25-Jan-2022""",NA,NA,NA,NA,NA,NA,NA,"Region IV-A (Calabarzon)",NA,NA,NA,NA,NA,NA,NA,NA,NA,NA,NA
"OR971472",NA,NA,NA,NA,"=""24-Jan-2022""",NA,NA,NA,NA,NA,NA,NA,"Region IV-A (Calabarzon)",NA,NA,NA,NA,NA,NA,NA,NA,NA,NA,NA
"OR971471",NA,NA,NA,NA,"=""21-Jan-2022""",NA,NA,NA,NA,NA,NA,NA,"Region IV-A (Calabarzon)",NA,NA,NA,NA,NA,NA,NA,NA,NA,NA,NA
"OR971470",NA,NA,NA,NA,"=""01-Nov-2022""",NA,NA,NA,NA,NA,NA,NA,"Region IV-A (Calabarzon)",NA,NA,NA,NA,NA,NA,NA,NA,NA,NA,NA
"OR971469",NA,NA,NA,NA,"=""12-Jan-2021""",NA,NA,NA,NA,NA,NA,NA,"Region IV-A (Calabarzon)",NA,NA,NA,NA,NA,NA,NA,NA,NA,NA,NA
"OR971468",NA,NA,NA,NA,"=""11-Nov-2021""",NA,NA,NA,NA,NA,NA,NA,"Region IV-A (Calabarzon)",NA,NA,NA,NA,NA,NA,NA,NA,NA,NA,NA
"OR971467",NA,NA,NA,NA,"=""23-Sep-2021""",NA,NA,NA,NA,NA,NA,NA,"Region IV-A (Calabarzon)",NA,NA,NA,NA,NA,NA,NA,NA,NA,NA,NA
"OR971466",NA,NA,NA,NA,"=""26-Aug-2021""",NA,NA,NA,NA,NA,NA,NA,"Region IV-A (Calabarzon)",NA,NA,NA,NA,NA,NA,NA,NA,NA,NA,NA
"OR971465",NA,NA,NA,NA,"=""26-Aug-2021""",NA,NA,NA,NA,NA,NA,NA,"Region IV-A (Calabarzon)",NA,NA,NA,NA,NA,NA,NA,NA,NA,NA,NA
"OR971464",NA,NA,NA,NA,"=""08-Nov-2021""",NA,NA,NA,NA,NA,NA,NA,"Region IV-A (Calabarzon)",NA,NA,NA,NA,NA,NA,NA,NA,NA,NA,NA
"OR971463",NA,NA,NA,NA,"=""08-May-2021""",NA,NA,NA,NA,NA,NA,NA,"Region IV-A (Calabarzon)",NA,NA,NA,NA,NA,NA,NA,NA,NA,NA,NA
"OR971462",NA,NA,NA,NA,"=""27-Jul-2021""",NA,NA,NA,NA,NA,NA,NA,"Region IV-A (Calabarzon)",NA,NA,NA,NA,NA,NA,NA,NA,NA,NA,NA
"OR971461",NA,NA,NA,NA,"=""29-Nov-2021""",NA,NA,NA,NA,NA,NA,NA,"Region IV-A (Calabarzon)",NA,NA,NA,NA,NA,NA,NA,NA,NA,NA,NA
"OR971460",NA,NA,NA,NA,"=""10-Dec-2021""",NA,NA,NA,NA,NA,NA,NA,"Region IV-A (Calabarzon)",NA,NA,NA,NA,NA,NA,NA,NA,NA,NA,NA
"OR971459",NA,NA,NA,NA,"=""29-May-2020""",NA,NA,NA,NA,NA,NA,NA,"Region IV-A (Calabarzon)",NA,NA,NA,NA,NA,NA,NA,NA,NA,NA,NA
"OR971458",NA,NA,NA,NA,"=""04-Mar-2020""",NA,NA,NA,NA,NA,NA,NA,"Region IV-A (Calabarzon)",NA,NA,NA,NA,NA,NA,NA,NA,NA,NA,NA
"OR971457",NA,NA,NA,NA,"=""03-Jan-2020""",NA,NA,NA,NA,NA,NA,NA,"Region IV-A (Calabarzon)",NA,NA,NA,NA,NA,NA,NA,NA,NA,NA,NA
"OR971456",NA,NA,NA,NA,"=""27-Aug-2019""",NA,NA,NA,NA,NA,NA,NA,"Region IV-A (Calabarzon)",NA,NA,NA,NA,NA,NA,NA,NA,NA,NA,NA
"OR971455",NA,NA,NA,NA,"=""05-Aug-2019""",NA,NA,NA,NA,NA,NA,NA,"Region IV-A (Calabarzon)",NA,NA,NA,NA,NA,NA,NA,NA,NA,NA,NA
"OR971454",NA,NA,NA,NA,"=""24-Oct-2019""",NA,NA,NA,NA,NA,NA,NA,"Region IV-A (Calabarzon)",NA,NA,NA,NA,NA,NA,NA,NA,NA,NA,NA
"OR971453",NA,NA,NA,NA,"=""17-Oct-2019""",NA,NA,NA,NA,NA,NA,NA,"Region IV-A (Calabarzon)",NA,NA,NA,NA,NA,NA,NA,NA,NA,NA,NA
"OR971452",NA,NA,NA,NA,"=""03-Oct-2019""",NA,NA,NA,NA,NA,NA,NA,"Region IV-A (Calabarzon)",NA,NA,NA,NA,NA,NA,NA,NA,NA,NA,NA
"OR971451",NA,NA,NA,NA,"=""25-Sep-2019""",NA,NA,NA,NA,NA,NA,NA,"Region IV-A (Calabarzon)",NA,NA,NA,NA,NA,NA,NA,NA,NA,NA,NA
"OR971450",NA,NA,NA,NA,"=""09-Sep-2019""",NA,NA,NA,NA,NA,NA,NA,"Region IV-A (Calabarzon)",NA,NA,NA,NA,NA,NA,NA,NA,NA,NA,NA
"OR971449",NA,NA,NA,NA,"=""27-Aug-2019""",NA,NA,NA,NA,NA,NA,NA,"Region IV-A (Calabarzon)",NA,NA,NA,NA,NA,NA,NA,NA,NA,NA,NA
"OR971448",NA,NA,NA,NA,"=""01-Aug-2019""",NA,NA,NA,NA,NA,NA,NA,"Region IV-A (Calabarzon)",NA,NA,NA,NA,NA,NA,NA,NA,NA,NA,NA
"OR971447",NA,NA,NA,NA,"=""06-May-2019""",NA,NA,NA,NA,NA,NA,NA,"Region IV-A (Calabarzon)",NA,NA,NA,NA,NA,NA,NA,NA,NA,NA,NA
"OR971446",NA,NA,NA,NA,"=""18-Jan-2022""",NA,NA,NA,NA,NA,NA,NA,"Region III (Central Luzon)",NA,NA,NA,NA,NA,NA,NA,NA,NA,NA,NA
"OR971445",NA,NA,NA,NA,"=""13-Jan-2022""",NA,NA,NA,NA,NA,NA,NA,"Region III (Central Luzon)",NA,NA,NA,NA,NA,NA,NA,NA,NA,NA,NA
"OR971394",NA,NA,NA,NA,"=""01-Jan-2019""",NA,NA,NA,NA,NA,NA,NA,"Region I (Ilocos Region)",NA,NA,NA,NA,NA,NA,NA,NA,NA,NA,NA
"OR971393",NA,NA,NA,NA,"=""20-aug-2019""",NA,NA,NA,NA,NA,NA,NA,"Region II (Cagayan Valley)",NA,NA,NA,NA,NA,NA,NA,NA,NA,NA,NA
"OR971392",NA,NA,NA,NA,"=""21-apr-2022""",NA,NA,NA,NA,NA,NA,NA,"Region I (Ilocos Region)",NA,NA,NA,NA,NA,NA,NA,NA,NA,NA,NA
"OR971391",NA,NA,NA,NA,"=""18-apr-2022""",NA,NA,NA,NA,NA,NA,NA,"Region I (Ilocos Region)",NA,NA,NA,NA,NA,NA,NA,NA,NA,NA,NA
"OR971390",NA,NA,NA,NA,"=""04-apr-2022""",NA,NA,NA,NA,NA,NA,NA,"Region I (Ilocos Region)",NA,NA,NA,NA,NA,NA,NA,NA,NA,NA,NA
"OR971389",NA,NA,NA,NA,"=""08-nov-2021""",NA,NA,NA,NA,NA,NA,NA,"Region I (Ilocos Region)",NA,NA,NA,NA,NA,NA,NA,NA,NA,NA,NA
"OR971388",NA,NA,NA,NA,"=""02-nov-2021""",NA,NA,NA,NA,NA,NA,NA,"Region I (Ilocos Region)",NA,NA,NA,NA,NA,NA,NA,NA,NA,NA,NA
"OR971387",NA,NA,NA,NA,"=""29-oct-2021""",NA,NA,NA,NA,NA,NA,NA,"Region I (Ilocos Region)",NA,NA,NA,NA,NA,NA,NA,NA,NA,NA,NA
"OR971386",NA,NA,NA,NA,"=""28-oct-2021""",NA,NA,NA,NA,NA,NA,NA,"Region I (Ilocos Region)",NA,NA,NA,NA,NA,NA,NA,NA,NA,NA,NA
"OR971385",NA,NA,NA,NA,"=""06-nov-2019""",NA,NA,NA,NA,NA,NA,NA,"Region I (Ilocos Region)",NA,NA,NA,NA,NA,NA,NA,NA,NA,NA,NA
"OR971384",NA,NA,NA,NA,"=""21-oct-2019""",NA,NA,NA,NA,NA,NA,NA,"Region I (Ilocos Region)",NA,NA,NA,NA,NA,NA,NA,NA,NA,NA,NA
"OR971383",NA,NA,NA,NA,"=""15-oct-2019""",NA,NA,NA,NA,NA,NA,NA,"Region I (Ilocos Region)",NA,NA,NA,NA,NA,NA,NA,NA,NA,NA,NA
"OR971382",NA,NA,NA,NA,"=""01-oct-2019""",NA,NA,NA,NA,NA,NA,NA,"Region I (Ilocos Region)",NA,NA,NA,NA,NA,NA,NA,NA,NA,NA,NA
"OR971381",NA,NA,NA,NA,"=""10-sep-2019""",NA,NA,NA,NA,NA,NA,NA,"Region I (Ilocos Region)",NA,NA,NA,NA,NA,NA,NA,NA,NA,NA,NA
"OR971380",NA,NA,NA,NA,"=""28-Sep-2022""",NA,NA,NA,NA,NA,NA,NA,"National Capital Region (NCR)",NA,NA,NA,NA,NA,NA,NA,NA,NA,NA,NA
"OR971379",NA,NA,NA,NA,"=""23-Sep-2022""",NA,NA,NA,NA,NA,NA,NA,"National Capital Region (NCR)",NA,NA,NA,NA,NA,NA,NA,NA,NA,NA,NA
"OR971378",NA,NA,NA,NA,"=""16-Sep-2022""",NA,NA,NA,NA,NA,NA,NA,"National Capital Region (NCR)",NA,NA,NA,NA,NA,NA,NA,NA,NA,NA,NA
"OR971377",NA,NA,NA,NA,"=""08-Sep-2022""",NA,NA,NA,NA,NA,NA,NA,"National Capital Region (NCR)",NA,NA,NA,NA,NA,NA,NA,NA,NA,NA,NA
"OR971376",NA,NA,NA,NA,"=""05-Sep-2022""",NA,NA,NA,NA,NA,NA,NA,"National Capital Region (NCR)",NA,NA,NA,NA,NA,NA,NA,NA,NA,NA,NA
"OR971375",NA,NA,NA,NA,"=""30-Aug-2022""",NA,NA,NA,NA,NA,NA,NA,"National Capital Region (NCR)",NA,NA,NA,NA,NA,NA,NA,NA,NA,NA,NA
"OR971374",NA,NA,NA,NA,"=""26-Aug-2022""",NA,NA,NA,NA,NA,NA,NA,"National Capital Region (NCR)",NA,NA,NA,NA,NA,NA,NA,NA,NA,NA,NA
"OR971373",NA,NA,NA,NA,"=""26-Aug-2022""",NA,NA,NA,NA,NA,NA,NA,"National Capital Region (NCR)",NA,NA,NA,NA,NA,NA,NA,NA,NA,NA,NA
"OR971372",NA,NA,NA,NA,"=""22-Aug-2022""",NA,NA,NA,NA,NA,NA,NA,"National Capital Region (NCR)",NA,NA,NA,NA,NA,NA,NA,NA,NA,NA,NA
"OR971371",NA,NA,NA,NA,"=""18-Aug-2022""",NA,NA,NA,NA,NA,NA,NA,"National Capital Region (NCR)",NA,NA,NA,NA,NA,NA,NA,NA,NA,NA,NA
"OR971370",NA,NA,NA,NA,"=""15-Aug-2022""",NA,NA,NA,NA,NA,NA,NA,"National Capital Region (NCR)",NA,NA,NA,NA,NA,NA,NA,NA,NA,NA,NA
"OR971369",NA,NA,NA,NA,"=""15-Aug-2022""",NA,NA,NA,NA,NA,NA,NA,"National Capital Region (NCR)",NA,NA,NA,NA,NA,NA,NA,NA,NA,NA,NA
"OR971368",NA,NA,NA,NA,"=""09-Aug-2022""",NA,NA,NA,NA,NA,NA,NA,"National Capital Region (NCR)",NA,NA,NA,NA,NA,NA,NA,NA,NA,NA,NA
"OR971367",NA,NA,NA,NA,"=""09-Aug-2022""",NA,NA,NA,NA,NA,NA,NA,"National Capital Region (NCR)",NA,NA,NA,NA,NA,NA,NA,NA,NA,NA,NA
"OR971366",NA,NA,NA,NA,"=""05-Aug-2022""",NA,NA,NA,NA,NA,NA,NA,"National Capital Region (NCR)",NA,NA,NA,NA,NA,NA,NA,NA,NA,NA,NA
"OR971365",NA,NA,NA,NA,"=""21-Jul-2022""",NA,NA,NA,NA,NA,NA,NA,"National Capital Region (NCR)",NA,NA,NA,NA,NA,NA,NA,NA,NA,NA,NA
"OR971364",NA,NA,NA,NA,"=""28-Jun-2022""",NA,NA,NA,NA,NA,NA,NA,"National Capital Region (NCR)",NA,NA,NA,NA,NA,NA,NA,NA,NA,NA,NA
"OR971363",NA,NA,NA,NA,"=""27-Jun-2022""",NA,NA,NA,NA,NA,NA,NA,"National Capital Region (NCR)",NA,NA,NA,NA,NA,NA,NA,NA,NA,NA,NA
"OR971362",NA,NA,NA,NA,"=""13-Jun-2022""",NA,NA,NA,NA,NA,NA,NA,"National Capital Region (NCR)",NA,NA,NA,NA,NA,NA,NA,NA,NA,NA,NA
"OR971361",NA,NA,NA,NA,"=""10-Jun-2022""",NA,NA,NA,NA,NA,NA,NA,"National Capital Region (NCR)",NA,NA,NA,NA,NA,NA,NA,NA,NA,NA,NA
"OR971360",NA,NA,NA,NA,"=""11-May-2021""",NA,NA,NA,NA,NA,NA,NA,"National Capital Region (NCR)",NA,NA,NA,NA,NA,NA,NA,NA,NA,NA,NA
"OR971359",NA,NA,NA,NA,"=""11-Feb-2021""",NA,NA,NA,NA,NA,NA,NA,"National Capital Region (NCR)",NA,NA,NA,NA,NA,NA,NA,NA,NA,NA,NA
"OR971358",NA,NA,NA,NA,"=""13-Oct-2021""",NA,NA,NA,NA,NA,NA,NA,"National Capital Region (NCR)",NA,NA,NA,NA,NA,NA,NA,NA,NA,NA,NA
"OR971357",NA,NA,NA,NA,"=""10-Jul-2021""",NA,NA,NA,NA,NA,NA,NA,"National Capital Region (NCR)",NA,NA,NA,NA,NA,NA,NA,NA,NA,NA,NA
"OR971356",NA,NA,NA,NA,"=""10-Jan-2020""",NA,NA,NA,NA,NA,NA,NA,"National Capital Region (NCR)",NA,NA,NA,NA,NA,NA,NA,NA,NA,NA,NA
"OR971355",NA,NA,NA,NA,"=""21-Sep-2020""",NA,NA,NA,NA,NA,NA,NA,"National Capital Region (NCR)",NA,NA,NA,NA,NA,NA,NA,NA,NA,NA,NA
"OR971354",NA,NA,NA,NA,"=""24-Aug-2020""",NA,NA,NA,NA,NA,NA,NA,"National Capital Region (NCR)",NA,NA,NA,NA,NA,NA,NA,NA,NA,NA,NA
"OR971353",NA,NA,NA,NA,"=""23-Jul-2020""",NA,NA,NA,NA,NA,NA,NA,"National Capital Region (NCR)",NA,NA,NA,NA,NA,NA,NA,NA,NA,NA,NA
"OR971352",NA,NA,NA,NA,"=""15-Jun-2020""",NA,NA,NA,NA,NA,NA,NA,"National Capital Region (NCR)",NA,NA,NA,NA,NA,NA,NA,NA,NA,NA,NA
"OR971351",NA,NA,NA,NA,"=""31-Mar-2020""",NA,NA,NA,NA,NA,NA,NA,"National Capital Region (NCR)",NA,NA,NA,NA,NA,NA,NA,NA,NA,NA,NA
"OR971350",NA,NA,NA,NA,"=""05-Feb-2020""",NA,NA,NA,NA,NA,NA,NA,"National Capital Region (NCR)",NA,NA,NA,NA,NA,NA,NA,NA,NA,NA,NA
"OR971349",NA,NA,NA,NA,"=""30-Sep-2019""",NA,NA,NA,NA,NA,NA,NA,"National Capital Region (NCR)",NA,NA,NA,NA,NA,NA,NA,NA,NA,NA,NA
"OR971348",NA,NA,NA,NA,"=""24-Sep-2019""",NA,NA,NA,NA,NA,NA,NA,"National Capital Region (NCR)",NA,NA,NA,NA,NA,NA,NA,NA,NA,NA,NA
"OR971347",NA,NA,NA,NA,"=""05-Sep-2019""",NA,NA,NA,NA,NA,NA,NA,"National Capital Region (NCR)",NA,NA,NA,NA,NA,NA,NA,NA,NA,NA,NA
"OR971346",NA,NA,NA,NA,"=""16-Mar-2022""",NA,NA,NA,NA,NA,NA,NA,"Cordillera Administrative Region (CAR)",NA,NA,NA,NA,NA,NA,NA,NA,NA,NA,NA
"OR971345",NA,NA,NA,NA,"=""03-Oct-2022""",NA,NA,NA,NA,NA,NA,NA,"Cordillera Administrative Region (CAR)",NA,NA,NA,NA,NA,NA,NA,NA,NA,NA,NA
"OR971675",NA,NA,NA,NA,"=""20-Oct-2021""",NA,NA,NA,NA,NA,NA,NA,"Region XIII (Caraga)",NA,NA,NA,NA,NA,NA,NA,NA,NA,NA,NA
"OR971674",NA,NA,NA,NA,"=""18-Oct-2021""",NA,NA,NA,NA,NA,NA,NA,"Region XIII (Caraga)",NA,NA,NA,NA,NA,NA,NA,NA,NA,NA,NA
"OR971673",NA,NA,NA,NA,"=""10-Jun-2021""",NA,NA,NA,NA,NA,NA,NA,"Region XIII (Caraga)",NA,NA,NA,NA,NA,NA,NA,NA,NA,NA,NA
"OR971672",NA,NA,NA,NA,"=""15-Sep-2021""",NA,NA,NA,NA,NA,NA,NA,"Region XIII (Caraga)",NA,NA,NA,NA,NA,NA,NA,NA,NA,NA,NA
"OR971665",NA,NA,NA,NA,"=""09-aug-2021""",NA,NA,NA,NA,NA,NA,NA,"Region XII (Soccsksargen)",NA,NA,NA,NA,NA,NA,NA,NA,NA,NA,NA
"OR971664",NA,NA,NA,NA,"=""01-jul-2021""",NA,NA,NA,NA,NA,NA,NA,"Region XII (Soccsksargen)",NA,NA,NA,NA,NA,NA,NA,NA,NA,NA,NA
"OR971663",NA,NA,NA,NA,"=""24-jun-2021""",NA,NA,NA,NA,NA,NA,NA,"Region XII (Soccsksargen)",NA,NA,NA,NA,NA,NA,NA,NA,NA,NA,NA
"OR971662",NA,NA,NA,NA,"=""09-mar-2021""",NA,NA,NA,NA,NA,NA,NA,"Region XII (Soccsksargen)",NA,NA,NA,NA,NA,NA,NA,NA,NA,NA,NA
"OR971661",NA,NA,NA,NA,"=""03-mar-2021""",NA,NA,NA,NA,NA,NA,NA,"Region XII (Soccsksargen)",NA,NA,NA,NA,NA,NA,NA,NA,NA,NA,NA
"OR971660",NA,NA,NA,NA,"=""23-feb-2021""",NA,NA,NA,NA,NA,NA,NA,"Region XII (Soccsksargen)",NA,NA,NA,NA,NA,NA,NA,NA,NA,NA,NA
"OR971659",NA,NA,NA,NA,"=""18-feb-2021""",NA,NA,NA,NA,NA,NA,NA,"Region XII (Soccsksargen)",NA,NA,NA,NA,NA,NA,NA,NA,NA,NA,NA
"OR971658",NA,NA,NA,NA,"=""16-feb-2021""",NA,NA,NA,NA,NA,NA,NA,"Region XII (Soccsksargen)",NA,NA,NA,NA,NA,NA,NA,NA,NA,NA,NA
"OR971657",NA,NA,NA,NA,"=""16-feb-2021""",NA,NA,NA,NA,NA,NA,NA,"Region XII (Soccsksargen)",NA,NA,NA,NA,NA,NA,NA,NA,NA,NA,NA
"OR971656",NA,NA,NA,NA,"=""02-feb-2021""",NA,NA,NA,NA,NA,NA,NA,"Region XII (Soccsksargen)",NA,NA,NA,NA,NA,NA,NA,NA,NA,NA,NA
"OR971655",NA,NA,NA,NA,"=""02-feb-2021""",NA,NA,NA,NA,NA,NA,NA,"Region XII (Soccsksargen)",NA,NA,NA,NA,NA,NA,NA,NA,NA,NA,NA
"OR971654",NA,NA,NA,NA,"=""19-jan-2021""",NA,NA,NA,NA,NA,NA,NA,"Region XII (Soccsksargen)",NA,NA,NA,NA,NA,NA,NA,NA,NA,NA,NA
"OR971653",NA,NA,NA,NA,"=""14-jan-2021""",NA,NA,NA,NA,NA,NA,NA,"Region XII (Soccsksargen)",NA,NA,NA,NA,NA,NA,NA,NA,NA,NA,NA
"OR971652",NA,NA,NA,NA,"=""11-jan-2021""",NA,NA,NA,NA,NA,NA,NA,"Region XII (Soccsksargen)",NA,NA,NA,NA,NA,NA,NA,NA,NA,NA,NA
"OR971651",NA,NA,NA,NA,"=""11-jan-2021""",NA,NA,NA,NA,NA,NA,NA,"Region XII (Soccsksargen)",NA,NA,NA,NA,NA,NA,NA,NA,NA,NA,NA
"OR971650",NA,NA,NA,NA,"=""05-jan-2021""",NA,NA,NA,NA,NA,NA,NA,"Region XII (Soccsksargen)",NA,NA,NA,NA,NA,NA,NA,NA,NA,NA,NA
"OR971649",NA,NA,NA,NA,"=""07-nov-2019""",NA,NA,NA,NA,NA,NA,NA,"Region XII (Soccsksargen)",NA,NA,NA,NA,NA,NA,NA,NA,NA,NA,NA
"OR971648",NA,NA,NA,NA,"=""05-sep-2019""",NA,NA,NA,NA,NA,NA,NA,"Region XII (Soccsksargen)",NA,NA,NA,NA,NA,NA,NA,NA,NA,NA,NA
"OR971647",NA,NA,NA,NA,"=""27-aug-2019""",NA,NA,NA,NA,NA,NA,NA,"Region XII (Soccsksargen)",NA,NA,NA,NA,NA,NA,NA,NA,NA,NA,NA
"OR971646",NA,NA,NA,NA,"=""02-aug-2019""",NA,NA,NA,NA,NA,NA,NA,"Region XII (Soccsksargen)",NA,NA,NA,NA,NA,NA,NA,NA,NA,NA,NA
"OR971645",NA,NA,NA,NA,"=""23-jul-2019""",NA,NA,NA,NA,NA,NA,NA,"Region XII (Soccsksargen)",NA,NA,NA,NA,NA,NA,NA,NA,NA,NA,NA
"14",NA,NA,"Canis familiaris",NA,"=""28-Jan-2019""","date_collected","Bocolod","Libon","Albay-Libon","Albay","Albay","Bicol Region","Region V (Bicol Region)",NA,NA,"phd",NA,NA,NA,"Canis lupus familiaris","Dog","Domestic","Luzon","14"
"153",NA,NA,"Canis familiaris",NA,"=""17-May-2018""","date_collected","Paulog","Ligao City","Albay-Ligao City","Albay","Albay","Bicol Region","Region V (Bicol Region)",13.18230598,123.4944229,"phd",NA,NA,NA,"Canis lupus familiaris","Dog","Domestic","Luzon","153"
"19-30",NA,NA,"Canis familiaris",NA,"=""02-Nov-2019""","date_collected","Cabagnan","Camalig","Albay-Camalig","Albay","Albay","Bicol Region","Region V (Bicol Region)",NA,NA,"phd",NA,NA,NA,"Canis lupus familiaris","Dog","Domestic","Luzon","19-30"
"19-40",NA,NA,"Canis familiaris",NA,"=""27-Feb-2019""","date_collected","","Santo Domingo","Albay-Santo Domingo","Albay","Albay","Bicol Region","Region V (Bicol Region)",NA,NA,"phd",NA,NA,NA,"Canis lupus familiaris","Dog","Domestic","Luzon","19-40"
"4A-22-104",NA,NA,"Canis familiaris",NA,"=""25-Jan-2022""","date_collected","Sabang","Lipa City","Batangas-Lipa City","Batangas","Batangas","Calabarzon","Region IV-A (Calabarzon)",13.94086577,121.1746864,"phd",NA,NA,NA,"Canis lupus familiaris","Dog","Domestic","Luzon","4A-22-104"
"4A-22-171",NA,NA,"Canis familiaris",NA,"=""06-Feb-2022""","date_collected","Buenavista","General Trias","Cavite-General Trias","Cavite","Cavite","Calabarzon","Region IV-A (Calabarzon)",14.32966619,120.8999068,"phd",NA,NA,NA,"Canis lupus familiaris","Dog","Domestic","Luzon","4A-22-171"
"4A-22-203",NA,NA,"Canis familiaris",NA,"=""11-Feb-2022""","date_collected","Guiang-Guiang","Lucena","Quezon-Real","Quezon","Quezon","Calabarzon","Region IV-A (Calabarzon)",13.93834754,121.6153593,"phd",NA,NA,NA,"Canis lupus familiaris","Dog","Domestic","Luzon","4A-22-203"
"4A-22-40",NA,NA,"Canis familiaris",NA,"=""10-Jan-2022""","date_collected","-","Batangas  City","Batangas-Lian","Batangas","Batangas","Calabarzon","Region IV-A (Calabarzon)",13.7207195,121.103796,"phd",NA,NA,NA,"Canis lupus familiaris","Dog","Domestic","Luzon","4A-22-40"
"4A-22-98",NA,NA,"Canis familiaris",NA,"=""22-Jan-2022""","date_collected","Baguio","Tayabas City","Quezon-Tayabas City","Quezon","Quezon","Calabarzon","Region IV-A (Calabarzon)",14.04055469,121.6122459,"phd",NA,NA,NA,"Canis lupus familiaris","Dog","Domestic","Luzon","4A-22-98"
"4B-21-126",NA,NA,"Canis familiaris",NA,"=""26-Jan-2021""","date_collected","Sapul","Calapan City","Oriental Mindoro-Calapan City","Oriental Mindoro","Oriental Mindoro","Southwestern Tagalog Region","Mimaropa Region",13.33178512,121.1780294,"phd",NA,NA,NA,"Canis lupus familiaris","Dog","Domestic","Luzon","4B-21-126"
"4B-21-29",NA,NA,"Canis familiaris",NA,"=""09-Feb-2021""","date_collected","San Narciso","Victoria","Oriental Mindoro-Baco","Oriental Mindoro","Oriental Mindoro","Southwestern Tagalog Region","Mimaropa Region",13.14368391,121.2438544,"phd",NA,NA,NA,"Canis lupus familiaris","Dog","Domestic","Luzon","4B-21-29"
"4B-21-310",NA,NA,"Canis familiaris",NA,"=""10-Mar-2021""","date_collected","Tabinay","Puerto Galera","Oriental Mindoro-Baco","Oriental Mindoro","Oriental Mindoro","Southwestern Tagalog Region","Mimaropa Region",13.39217641,120.8953101,"phd",NA,NA,NA,"Canis lupus familiaris","Dog","Domestic","Luzon","4B-21-310"
"4B-21-35",NA,NA,"Canis familiaris",NA,"=""05-Mar-2021""","date_collected","Tabinay","Puerto Galera","Oriental Mindoro-Baco","Oriental Mindoro","Oriental Mindoro","Southwestern Tagalog Region","Mimaropa Region",13.39217641,120.8953101,"phd",NA,NA,NA,"Canis lupus familiaris","Dog","Domestic","Luzon","4B-21-35"
"4B-21-412",NA,NA,"Canis familiaris",NA,"=""12-Apr-2021""","date_collected","Sto Nino","Puerto Galera","Oriental Mindoro-Baco","Oriental Mindoro","Oriental Mindoro","Southwestern Tagalog Region","Mimaropa Region",13.39217641,120.8953101,"phd",NA,NA,NA,"Canis lupus familiaris","Dog","Domestic","Luzon","4B-21-412"
"4B-21-421",NA,NA,"Canis familiaris",NA,"=""14-Apr-2021""","date_collected","Malapad","Baco","Oriental Mindoro-Baco","Oriental Mindoro","Oriental Mindoro","Southwestern Tagalog Region","Mimaropa Region",13.29039427,121.066837,"phd",NA,NA,NA,"Canis lupus familiaris","Dog","Domestic","Luzon","4B-21-421"
"4B-21-423",NA,NA,"Canis familiaris",NA,"=""23-Apr-2021""","date_collected","Camilmil","Calapan City","Oriental Mindoro-Calapan City","Oriental Mindoro","Oriental Mindoro","Southwestern Tagalog Region","Mimaropa Region",13.33178512,121.1780294,"phd",NA,NA,NA,"Canis lupus familiaris","Dog","Domestic","Luzon","4B-21-423"
"4B-21-528",NA,NA,"Canis familiaris",NA,"=""28-May-2021""","date_collected","Aninuan","Puerto Galera","Oriental Mindoro-Baco","Oriental Mindoro","Oriental Mindoro","Southwestern Tagalog Region","Mimaropa Region",13.39217641,120.8953101,"phd",NA,NA,NA,"Canis lupus familiaris","Dog","Domestic","Luzon","4B-21-528"
"4B-21622",NA,NA,"Canis familiaris",NA,"=""16-Feb-2022""","date_collected","Mangangan","Baco","Oriental Mindoro-Baco","Oriental Mindoro","Oriental Mindoro","Southwestern Tagalog Region","Mimaropa Region",13.29039427,121.066837,"phd",NA,NA,NA,"Canis lupus familiaris","Dog","Domestic","Luzon","4B-21622"
"4B-22-114",NA,NA,"Canis familiaris",NA,"=""14-Jan-2022""","date_collected","Mayabig","Baco","Oriental Mindoro-Baco","Oriental Mindoro","Oriental Mindoro","Southwestern Tagalog Region","Mimaropa Region",13.29039427,121.066837,"phd",NA,NA,NA,"Canis lupus familiaris","Dog","Domestic","Luzon","4B-22-114"
"4B-22-13",NA,NA,"Canis familiaris",NA,"=""22-Apr-2022""","date_collected","Teresita","Mansalay","Oriental Mindoro-Baco","Oriental Mindoro","Oriental Mindoro","Southwestern Tagalog Region","Mimaropa Region",12.54836969,121.3482134,"phd",NA,NA,NA,"Canis lupus familiaris","Dog","Domestic","Luzon","4B-22-13"
"4B-22-15",NA,NA,"Canis familiaris",NA,"=""05-Jan-2022""","date_collected","San Isidro","Puerto Galera","Oriental Mindoro-Baco","Oriental Mindoro","Oriental Mindoro","Southwestern Tagalog Region","Mimaropa Region",13.39217641,120.8953101,"phd",NA,NA,NA,"Canis lupus familiaris","Dog","Domestic","Luzon","4B-22-15"
"4B-22-16",NA,NA,"Canis familiaris",NA,"=""28-Apr-2022""","date_collected","Orcenuma","Bongabong","Oriental Mindoro-Bongabong","Oriental Mindoro","Oriental Mindoro","Southwestern Tagalog Region","Mimaropa Region",12.71623574,121.3862303,"phd",NA,NA,NA,"Canis lupus familiaris","Dog","Domestic","Luzon","4B-22-16"
"4B-22-17",NA,NA,"Canis familiaris",NA,"=""08-May-2022""","date_collected","Narra","Gloria","Oriental Mindoro-Baco","Oriental Mindoro","Oriental Mindoro","Southwestern Tagalog Region","Mimaropa Region",12.92166054,121.3754507,"phd",NA,NA,NA,"Canis lupus familiaris","Dog","Domestic","Luzon","4B-22-17"
"4B-22-20",NA,NA,"Canis familiaris",NA,"=""19-May-2022""","date_collected","Don Pedro","Mansalay","Oriental Mindoro-Baco","Oriental Mindoro","Oriental Mindoro","Southwestern Tagalog Region","Mimaropa Region",12.54836969,121.3482134,"phd",NA,NA,NA,"Canis lupus familiaris","Dog","Domestic","Luzon","4B-22-20"
"4B-22-21",NA,NA,"Canis familiaris",NA,"=""31-May-2022""","date_collected","Panggulayan","Pinamalayan","Oriental Mindoro-Baco","Oriental Mindoro","Oriental Mindoro","Southwestern Tagalog Region","Mimaropa Region",13.02301767,121.4031803,"phd",NA,NA,NA,"Canis lupus familiaris","Dog","Domestic","Luzon","4B-22-21"
"4B-22-28",NA,NA,"Canis familiaris",NA,"=""27-Jul-2022""","date_collected","Mangangan","Baco","Oriental Mindoro-Baco","Oriental Mindoro","Oriental Mindoro","Southwestern Tagalog Region","Mimaropa Region",13.29039427,121.066837,"phd",NA,NA,NA,"Canis lupus familiaris","Dog","Domestic","Luzon","4B-22-28"
"4B-22-30",NA,NA,"Canis familiaris",NA,"=""12-Aug-2022""","date_collected","Bangkatan","Baco","Oriental Mindoro-Baco","Oriental Mindoro","Oriental Mindoro","Southwestern Tagalog Region","Mimaropa Region",13.29039427,121.066837,"phd",NA,NA,NA,"Canis lupus familiaris","Dog","Domestic","Luzon","4B-22-30"
"4B-22-31",NA,NA,"Canis familiaris",NA,"=""18-Aug-2022""","date_collected","Bayanan","Pola","Oriental Mindoro-Pola","Oriental Mindoro","Oriental Mindoro","Southwestern Tagalog Region","Mimaropa Region",13.13990357,121.4449478,"phd",NA,NA,NA,"Canis lupus familiaris","Dog","Domestic","Luzon","4B-22-31"
"4B-22-35",NA,NA,"Canis familiaris",NA,"=""25-Oct-2022""","date_collected","Bagumbayan","Roxas","Oriental Mindoro-Roxas","Oriental Mindoro","Oriental Mindoro","Southwestern Tagalog Region","Mimaropa Region",12.61737051,121.4554967,"phd",NA,NA,NA,"Canis lupus familiaris","Dog","Domestic","Luzon","4B-22-35"
"4B-22-37",NA,NA,"Canis familiaris",NA,"=""01-Oct-2022""","date_collected","San Isidro","Alcantara","Romblon-Alcantara","Romblon","Romblon","Southwestern Tagalog Region","Mimaropa Region",12.29784708,122.054934,"phd",NA,NA,NA,"Canis lupus familiaris","Dog","Domestic","Luzon","4B-22-37"
"4B-22-39",NA,NA,"Canis familiaris",NA,"=""21-Oct-2022""","date_collected","San Isidro","Alcantara","Romblon-Alcantara","Romblon","Romblon","Southwestern Tagalog Region","Mimaropa Region",12.29784708,122.054934,"phd",NA,NA,NA,"Canis lupus familiaris","Dog","Domestic","Luzon","4B-22-39"
"4B-22-40",NA,NA,"Canis familiaris",NA,"=""02-Dec-2022""","date_collected","Balugo","Mansalay","Oriental Mindoro-Baco","Oriental Mindoro","Oriental Mindoro","Southwestern Tagalog Region","Mimaropa Region",12.54836969,121.3482134,"phd",NA,NA,NA,"Canis lupus familiaris","Dog","Domestic","Luzon","4B-22-40"
"4B-22-41",NA,NA,"Canis familiaris",NA,"=""24-Nov-2022""","date_collected","Dapawan","Odiongan","Romblon-Odiongan","Romblon","Romblon","Southwestern Tagalog Region","Mimaropa Region",12.39865996,122.0177701,"phd",NA,NA,NA,"Canis lupus familiaris","Dog","Domestic","Luzon","4B-22-41"
"4B-22-42",NA,NA,"Canis familiaris",NA,"=""26-Nov-2022""","date_collected","Bonlao","Alcantara","Romblon-Alcantara","Romblon","Romblon","Southwestern Tagalog Region","Mimaropa Region",12.29784708,122.054934,"phd",NA,NA,NA,"Canis lupus familiaris","Dog","Domestic","Luzon","4B-22-42"
"4B-22-44",NA,NA,"Canis familiaris",NA,"=""11-Dec-2022""","date_collected","Dapawan","Odiongan","Romblon-Odiongan","Romblon","Romblon","Southwestern Tagalog Region","Mimaropa Region",12.39865996,122.0177701,"phd",NA,NA,NA,"Canis lupus familiaris","Dog","Domestic","Luzon","4B-22-44"
"4B-22-45",NA,NA,"Canis familiaris",NA,"=""12-Dec-2022""","date_collected","Concepcion Sur","Santa Maria","Romblon-Santa Maria","Romblon","Romblon","Southwestern Tagalog Region","Mimaropa Region",12.40310216,122.0836566,"phd",NA,NA,NA,"Canis lupus familiaris","Dog","Domestic","Luzon","4B-22-45"
"4B-23-01",NA,NA,"Canis familiaris",NA,"=""20-Jan-2023""","date_collected","Concepcion Norte","Santa Maria","Romblon-Santa Maria","Romblon","Romblon","Southwestern Tagalog Region","Mimaropa Region",12.40310216,122.0836566,"phd",NA,NA,NA,"Canis lupus familiaris","Dog","Domestic","Luzon","4B-23-01"
"4B-23-02",NA,NA,"Canis familiaris",NA,"=""13-Jan-2023""","date_collected","Dapawan","Odiongan","Romblon-Odiongan","Romblon","Romblon","Southwestern Tagalog Region","Mimaropa Region",12.39865996,122.0177701,"phd",NA,NA,NA,"Canis lupus familiaris","Dog","Domestic","Luzon","4B-23-02"
"4B-23-03",NA,NA,"Canis familiaris",NA,"=""22-Jan-2023""","date_collected","Sugod","San Agustin","Romblon-San Agustin","Romblon","Romblon","Southwestern Tagalog Region","Mimaropa Region",12.55403552,122.1124048,"phd",NA,NA,NA,"Canis lupus familiaris","Dog","Domestic","Luzon","4B-23-03"
"4B-23-04",NA,NA,"Canis familiaris",NA,"=""31-Jan-2023""","date_collected","Carmen","San Agustin","Romblon-San Agustin","Romblon","Romblon","Southwestern Tagalog Region","Mimaropa Region",12.55403552,122.1124048,"phd",NA,NA,NA,"Canis lupus familiaris","Dog","Domestic","Luzon","4B-23-04"
"4B-23-05",NA,NA,"Canis familiaris",NA,"=""20-Jan-2023""","date_collected","Sugod","San Agustin","Romblon-San Agustin","Romblon","Romblon","Southwestern Tagalog Region","Mimaropa Region",12.55403552,122.1124048,"phd",NA,NA,NA,"Canis lupus familiaris","Dog","Domestic","Luzon","4B-23-05"
"4B-23-06",NA,NA,"Canis familiaris",NA,"=""02-Feb-2023""","date_collected","Concepcion Norte","Santa Maria","Romblon-Santa Maria","Romblon","Romblon","Southwestern Tagalog Region","Mimaropa Region",12.40310216,122.0836566,"phd",NA,NA,NA,"Canis lupus familiaris","Dog","Domestic","Luzon","4B-23-06"
"4B-23-07",NA,NA,"Canis familiaris",NA,"=""07-Feb-2023""","date_collected","Concepcion Sur","Santa Maria","Romblon-Santa Maria","Romblon","Romblon","Southwestern Tagalog Region","Mimaropa Region",12.40310216,122.0836566,"phd",NA,NA,NA,"Canis lupus familiaris","Dog","Domestic","Luzon","4B-23-07"
"4B-23-11",NA,NA,"Canis familiaris",NA,"=""07-Feb-2023""","date_collected","Jun Carlo","San Andres","Romblon-San Andres","Romblon","Romblon","Southwestern Tagalog Region","Mimaropa Region",12.53642104,122.0469478,"phd",NA,NA,NA,"Canis lupus familiaris","Dog","Domestic","Luzon","4B-23-11"
"4B-23-12",NA,NA,"Canis familiaris",NA,"=""14-Feb-2023""","date_collected","Concepcion Norte","Santa Maria","Romblon-Santa Maria","Romblon","Romblon","Southwestern Tagalog Region","Mimaropa Region",12.40310216,122.0836566,"phd",NA,NA,NA,"Canis lupus familiaris","Dog","Domestic","Luzon","4B-23-12"
"4B-23-13",NA,NA,"Canis familiaris",NA,"=""09-Feb-2023""","date_collected","Rizal","Odiongan","Romblon-Odiongan","Romblon","Romblon","Southwestern Tagalog Region","Mimaropa Region",12.39865996,122.0177701,"phd",NA,NA,NA,"Canis lupus familiaris","Dog","Domestic","Luzon","4B-23-13"
"4B-23-15",NA,NA,"Canis familiaris",NA,"=""16-Feb-2023""","date_collected","Poctoy","Odiongan","Romblon-Odiongan","Romblon","Romblon","Southwestern Tagalog Region","Mimaropa Region",12.39865996,122.0177701,"phd",NA,NA,NA,"Canis lupus familiaris","Dog","Domestic","Luzon","4B-23-15"
"4B-23-16",NA,NA,"Canis familiaris",NA,"=""28-Feb-2023""","date_collected","Dapawan","Odiongan","Romblon-Odiongan","Romblon","Romblon","Southwestern Tagalog Region","Mimaropa Region",12.39865996,122.0177701,"phd",NA,NA,NA,"Canis lupus familiaris","Dog","Domestic","Luzon","4B-23-16"
"4B-23-17",NA,NA,"Canis familiaris",NA,"=""01-Mar-2023""","date_collected","Poctoy","Odiongan","Romblon-Odiongan","Romblon","Romblon","Southwestern Tagalog Region","Mimaropa Region",12.39865996,122.0177701,"phd",NA,NA,NA,"Canis lupus familiaris","Dog","Domestic","Luzon","4B-23-17"
"4B-23-19",NA,NA,"Canis familiaris",NA,"=""01-Mar-2023""","date_collected","Mahabang Baybay","San Agustin","Romblon-San Agustin","Romblon","Romblon","Southwestern Tagalog Region","Mimaropa Region",12.55403552,122.1124048,"phd",NA,NA,NA,"Canis lupus familiaris","Dog","Domestic","Luzon","4B-23-19"
"4B-2422",NA,NA,"Canis familiaris",NA,"=""04-Feb-2022""","date_collected","Concepcion","Calintaan","Occidental Mindoro-Paluan","Occidental Mindoro","Occidental Mindoro","Southwestern Tagalog Region","Mimaropa Region",12.59217706,121.082659,"phd",NA,NA,NA,"Canis lupus familiaris","Dog","Domestic","Luzon","4B-2422"
"4B-2922HM",NA,NA,"Canis familiaris",NA,"=""09-Feb-2022""","date_collected","Mangangan","Baco","Oriental Mindoro-Baco","Oriental Mindoro","Oriental Mindoro","Southwestern Tagalog Region","Mimaropa Region",13.29039427,121.066837,"phd",NA,NA,NA,"Canis lupus familiaris","Dog","Domestic","Luzon","4B-2922HM"
"4B-2922JG",NA,NA,"Canis familiaris",NA,"=""09-Feb-2022""","date_collected","Anilao","Bongabong","Oriental Mindoro-Bongabong","Oriental Mindoro","Oriental Mindoro","Southwestern Tagalog Region","Mimaropa Region",12.71623574,121.3862303,"phd",NA,NA,NA,"Canis lupus familiaris","Dog","Domestic","Luzon","4B-2922JG"
"CAR-22-018",NA,NA,"Canis familiaris",NA,"=""01-Jan-2022""","date_collected","","",NA,"",NA,"Cordillera Administrative Region (CAR)","Cordillera Administrative Region (CAR)",NA,NA,"phd",NA,NA,NA,"Canis lupus familiaris","Dog","Domestic","Luzon","CAR-22-018"
"CAR-22-020",NA,NA,"Canis familiaris",NA,"=""01-Jan-2022""","date_collected","","",NA,"",NA,"Cordillera Administrative Region (CAR)","Cordillera Administrative Region (CAR)",NA,NA,"phd",NA,NA,NA,"Canis lupus familiaris","Dog","Domestic","Luzon","CAR-22-020"
"COW",NA,NA,"Bos taurus",NA,NA,"date_collected","","",NA,"",NA,"",NA,NA,NA,"phd",NA,NA,NA,"Bos taurus","Cow","Livestock",NA,"COW"
"GOAT",NA,NA,"Capra hircus",NA,NA,"date_collected","","",NA,"",NA,"",NA,NA,NA,"phd",NA,NA,NA,"Capra hircus","Goat","Livestock",NA,"GOAT"
"H24-028","H24-028",NA,"Human",NA,"=""27-Mar-2024""","date_collected","Barangay 7","San Jose","Occidental Mindoro-San Jose","Occidental Mindoro","Occidental Mindoro","MIMIROPA","Mimaropa Region",12.3494949,121.073921,"speedier",NA,NA,0.9560006705,"Homo sapiens","Human","Human","Luzon","H24-028"
"R1-21-148",NA,NA,"Canis familiaris",NA,"=""10-Apr-2021""","date_collected","Malibong","Urbiztondo","Pangasinan-Urbiztondo","Pangasinan","Pangasinan","Ilocos Region","Region I (Ilocos Region)",15.82353439,120.3636915,"phd",NA,NA,NA,"Canis lupus familiaris","Dog","Domestic","Luzon","R1-21-148"
"R10-688",NA,NA,"Canis familiaris",NA,"=""02-Jul-2021""","date_collected","","Malaybalay City","Bukidnon-Malaybalay City","Bukidnon","Bukidnon","Northern Mindanao","Region X (Northern Mindanao)",8.160681669,125.1787735,"phd",NA,NA,NA,"Canis lupus familiaris","Dog","Domestic","Mindanao","R10-688"
"R10-711",NA,NA,"Canis familiaris",NA,"=""12-Jul-2021""","date_collected","Balulang","Cagayan de Oro City","Misamis Oriental-Cagayan de Oro City","Misamis Oriental","Misamis Oriental","Northern Mindanao","Region X (Northern Mindanao)",8.409218588,124.6235169,"phd",NA,NA,NA,"Canis lupus familiaris","Dog","Domestic","Mindanao","R10-711"
"R10-714",NA,NA,"Canis familiaris",NA,"=""11-Jul-2021""","date_collected","Bonbon","Opol","Misamis Oriental-Opol","Misamis Oriental","Misamis Oriental","Northern Mindanao","Region X (Northern Mindanao)",8.42897072,124.502868,"phd",NA,NA,NA,"Canis lupus familiaris","Dog","Domestic","Mindanao","R10-714"
"R10-824",NA,NA,"Canis familiaris",NA,"=""09-Sep-2021""","date_collected","Bulua","Cagayan de Oro City","Misamis Oriental-Cagayan de Oro City","Misamis Oriental","Misamis Oriental","Northern Mindanao","Region X (Northern Mindanao)",8.409218588,124.6235169,"phd",NA,NA,NA,"Canis lupus familiaris","Dog","Domestic","Mindanao","R10-824"
"R10-856",NA,NA,"Canis familiaris",NA,"=""27-Sep-2021""","date_collected","-","Manticao","Misamis Oriental-Initao","Misamis Oriental","Misamis Oriental","Northern Mindanao","Region X (Northern Mindanao)",8.374138099,124.3486702,"phd",NA,NA,NA,"Canis lupus familiaris","Dog","Domestic","Mindanao","R10-856"
"R10-907",NA,NA,"Canis familiaris",NA,"=""25-Oct-2021""","date_collected","Gango","Libona","Bukidnon-Libona","Bukidnon","Bukidnon","Northern Mindanao","Region X (Northern Mindanao)",8.327601426,124.7570432,"phd",NA,NA,NA,"Canis lupus familiaris","Dog","Domestic","Mindanao","R10-907"
"R10-920",NA,NA,"Canis familiaris",NA,"=""26-Oct-2021""","date_collected","Agusan","Cagayan de Oro City","Misamis Oriental-Cagayan de Oro City","Misamis Oriental","Misamis Oriental","Northern Mindanao","Region X (Northern Mindanao)",8.409218588,124.6235169,"phd",NA,NA,NA,"Canis lupus familiaris","Dog","Domestic","Mindanao","R10-920"
"R10-989",NA,NA,"Canis familiaris",NA,"=""25-Nov-2021""","date_collected","Barangay 1","Gingoog  City","Misamis Oriental-Opol","Misamis Oriental","Misamis Oriental","Northern Mindanao","Region X (Northern Mindanao)",8.776382452,125.0898786,"phd",NA,NA,NA,"Canis lupus familiaris","Dog","Domestic","Mindanao","R10-989"
"R10-990",NA,NA,"Canis familiaris",NA,"=""25-Nov-2021""","date_collected","Agay-Ayan","Gingoog  City","Misamis Oriental-Opol","Misamis Oriental","Misamis Oriental","Northern Mindanao","Region X (Northern Mindanao)",8.776382452,125.0898786,"phd",NA,NA,NA,"Canis lupus familiaris","Dog","Domestic","Mindanao","R10-990"
"R11-21-61",NA,NA,"Canis familiaris",NA,"=""11-Aug-2021""","date_collected","","Midsayap","North Cotabato-Midsayap","North Cotabato","North Cotabato","Bangsamoro","Bangsamoro Autonomous Region In Muslim Mindanao (BARMM)",7.136249451,124.5166062,"phd",NA,NA,NA,"Canis lupus familiaris","Dog","Domestic","Mindanao","R11-21-61"
"R11-21-63",NA,NA,"Canis familiaris",NA,"=""04-Oct-2021""","date_collected","","Tagum","Davao del Norte-Carmen","Davao del Norte","Davao del Norte","Region XI (Davao Region)","Region XI (Davao Region)",7.434951203,125.7990149,"phd; manual_correction",NA,NA,NA,"Canis lupus familiaris","Dog","Domestic","Mindanao","R11-21-63"
"R11-22-001",NA,NA,"Canis familiaris",NA,"=""01-Jan-2022""","date_collected","","",NA,"",NA,"Region XI (Davao Region)","Region XI (Davao Region)",NA,NA,"phd",NA,NA,NA,"Canis lupus familiaris","Dog","Domestic","Mindanao","R11-22-001"
"R11-22-002",NA,NA,"Canis familiaris",NA,"=""05-Jan-2022""","date_collected","Talomo","Davao City","Davao del Sur-Malita","Davao del Sur","Davao del Sur","Region XI (Davao Region)","Region XI (Davao Region)",7.254430625,125.4144871,"phd; manual_correction",NA,NA,NA,"Canis lupus familiaris","Dog","Domestic","Mindanao","R11-22-002"
"R2-081",NA,NA,"Canis familiaris",NA,"=""31-Aug-2020""","date_collected","Ugac Norte","Tuguegarao  City","Cagayan-Tuguegarao City","Cagayan","Cagayan","Cagayan Valley","Region II (Cagayan Valley)",17.60612446,121.7593619,"phd",NA,NA,NA,"Canis lupus familiaris","Dog","Domestic","Luzon","R2-081"
"R2-22-5302",NA,NA,"Canis familiaris",NA,"=""04-Mar-2022""","date_collected","","Santa Maria","Isabela-Mallig","Isabela","Isabela","Cagayan Valley","Region II (Cagayan Valley)",NA,NA,"phd",NA,NA,NA,"Canis lupus familiaris","Dog","Domestic","Luzon","R2-22-5302"
"R2-22-5814",NA,NA,"Canis familiaris",NA,"=""07-Mar-2022""","date_collected","Ugad","Tumauini","Isabela-Tumauini","Isabela","Isabela","Cagayan Valley","Region II (Cagayan Valley)",NA,NA,"phd",NA,NA,NA,"Canis lupus familiaris","Dog","Domestic","Luzon","R2-22-5814"
"R2-22-84711",NA,NA,"Canis familiaris",NA,"=""06-Apr-2022""","date_collected","","Cauayan City","Isabela-Cauayan City","Isabela","Isabela","Cagayan Valley","Region II (Cagayan Valley)",NA,NA,"phd",NA,NA,NA,"Canis lupus familiaris","Dog","Domestic","Luzon","R2-22-84711"
"R2-22-8924",NA,NA,"Canis familiaris",NA,"=""01-Jan-2022""","date_collected","","Bayombong","Nueva Vizcaya-Bayombong","Nueva Vizcaya","Nueva Vizcaya","Cagayan Valley","Region II (Cagayan Valley)",NA,NA,"phd",NA,NA,NA,"Canis lupus familiaris","Dog","Domestic","Luzon","R2-22-8924"
"R3-0483",NA,NA,"Canis familiaris",NA,"=""01-Jan-2022""","date_collected","","",NA,"",NA,"Region III (Central Luzon)","Region III (Central Luzon)",NA,NA,"phd",NA,NA,NA,"Canis lupus familiaris","Dog","Domestic","Luzon","R3-0483"
"R3-731",NA,NA,"Canis familiaris",NA,"=""09-Dec-2021""","date_collected","Sangitan","Cabanatuan City","Nueva Ecija-Cabanatuan City","Nueva Ecija","Nueva Ecija","Central Luzon","Region III (Central Luzon)",15.49243695,120.9899426,"phd",NA,NA,NA,"Canis lupus familiaris","Dog","Domestic","Luzon","R3-731"
"R5-21-115",NA,NA,"Canis familiaris",NA,"=""28-Sep-2021""","date_collected","Pob. III","Vinzons","Camarines Norte-Vinzons","Camarines Norte","Camarines Norte","Bicol Region","Region V (Bicol Region)",14.19277209,122.8889974,"phd",NA,NA,NA,"Canis lupus familiaris","Dog","Domestic","Luzon","R5-21-115"
"R5-21-119",NA,NA,"Canis familiaris",NA,"=""15-Oct-2021""","date_collected","San Pedro","Irosin","Sorsogon-Irosin","Sorsogon","Sorsogon","Bicol Region","Region V (Bicol Region)",12.71458793,124.0300037,"phd",NA,NA,NA,"Canis lupus familiaris","Dog","Domestic","Luzon","R5-21-119"
"R5-21-128",NA,NA,"Canis familiaris",NA,"=""09-Nov-2021""","date_collected","Cararayan","Naga City","Camarines Sur-Bato","Camarines Sur","Camarines Sur","Bicol Region","Region V (Bicol Region)",13.64368803,123.2594656,"phd",NA,NA,NA,"Canis lupus familiaris","Dog","Domestic","Luzon","R5-21-128"
"R5-21-132",NA,NA,"Canis familiaris",NA,"=""15-Nov-2021""","date_collected","Labnig","Malinao","Albay-Malinao","Albay","Albay","Bicol Region","Region V (Bicol Region)",13.3845747,123.6522757,"phd",NA,NA,NA,"Canis lupus familiaris","Dog","Domestic","Luzon","R5-21-132"
"R5-21-136",NA,NA,"Canis familiaris",NA,"=""02-Dec-2021""","date_collected","-","Libon","Albay-Libon","Albay","Albay","Bicol Region","Region V (Bicol Region)",13.24707931,123.3705704,"phd",NA,NA,NA,"Canis lupus familiaris","Dog","Domestic","Luzon","R5-21-136"
"R5-21-140",NA,NA,"Canis familiaris",NA,"=""10-Dec-2021""","date_collected","Calang Calawan","Vinzons","Camarines Norte-Vinzons","Camarines Norte","Camarines Norte","Bicol Region","Region V (Bicol Region)",14.19277209,122.8889974,"phd",NA,NA,NA,"Canis lupus familiaris","Dog","Domestic","Luzon","R5-21-140"
"R5-22-008",NA,NA,"Canis familiaris",NA,"=""02-Feb-2022""","date_collected","Sto. Cristo","Tabaco","Albay-Oas","Albay","Albay","Bicol Region","Region V (Bicol Region)",13.32537797,123.668741,"phd",NA,NA,NA,"Canis lupus familiaris","Dog","Domestic","Luzon","R5-22-008"
"R5-22-09",NA,NA,"Felis catus",NA,"=""07-Feb-2022""","date_collected","Bauud","Malilipot","Albay-Malilipot","Albay","Albay","Bicol Region","Region V (Bicol Region)",13.30206264,123.724162,"phd",NA,NA,NA,"Felis catus","Cat","Domestic","Luzon","R5-22-09"
"R6-21-4343",NA,NA,"Canis familiaris",NA,"=""01-Jan-2021""","date_collected","","",NA,"",NA,"Region VI (Western Visayas)","Region VI (Western Visayas)",NA,NA,"phd",NA,NA,NA,"Canis lupus familiaris","Dog","Domestic","Visayas","R6-21-4343"
"R6-21-4375",NA,NA,"Canis familiaris",NA,"=""01-Oct-2021""","date_collected","Labigan","Sara","Iloilo-Sara","Iloilo","Iloilo","Western Visayas","Region VI (Western Visayas)",11.29863894,122.9983924,"phd",NA,NA,NA,"Canis lupus familiaris","Dog","Domestic","Visayas","R6-21-4375"
"R6-21-4511",NA,NA,"Canis familiaris",NA,"=""08-Oct-2021""","date_collected","San Isidro","Tibiao","Antique-Tibiao","Antique","Antique","Western Visayas","Region VI (Western Visayas)",11.31177392,122.0839795,"phd",NA,NA,NA,"Canis lupus familiaris","Dog","Domestic","Visayas","R6-21-4511"
"R6-21-4600",NA,NA,"Canis familiaris",NA,"=""14-Oct-2021""","date_collected","Jibao-An","Pavia","Iloilo-Pavia","Iloilo","Iloilo","Western Visayas","Region VI (Western Visayas)",10.76834195,122.5361294,"phd",NA,NA,NA,"Canis lupus familiaris","Dog","Domestic","Visayas","R6-21-4600"
"R6-4342",NA,NA,"Bos taurus",NA,"=""30-Sep-2021""","date_collected","Cabanban","Oton","Iloilo-Oton","Iloilo","Iloilo","Western Visayas","Region VI (Western Visayas)",10.72535873,122.4673796,"phd",NA,NA,NA,"Bos taurus","Cow","Livestock","Visayas","R6-4342"
"R6-4568",NA,NA,"Canis familiaris",NA,"=""13-Oct-2021""","date_collected","Avila","Buenavista","Guimaras-Buenavista","Guimaras","Guimaras","Western Visayas","Region VI (Western Visayas)",10.69136331,122.6621626,"phd",NA,NA,NA,"Canis lupus familiaris","Dog","Domestic","Visayas","R6-4568"
"R7-21-149",NA,NA,"Canis familiaris",NA,"=""01-Jan-2021""","date_collected","","",NA,"",NA,"Region VII (Central Visayas)","Region VII (Central Visayas)",NA,NA,"phd",NA,NA,NA,"Canis lupus familiaris","Dog","Domestic","Visayas","R7-21-149"
"R7-21-161",NA,NA,"Canis familiaris",NA,"=""18-Oct-2021""","date_collected","Pusok","Lapu-Lapu City","Cebu-Lapu-Lapu City","Cebu","Cebu","Central Visayas","Region VII (Central Visayas)",10.29788925,123.9784138,"phd",NA,NA,NA,"Canis lupus familiaris","Dog","Domestic","Visayas","R7-21-161"
"R9-010",NA,NA,"Felis catus",NA,"=""27-Jan-2020""","date_collected","San Roque","Zamboanga City","Zamboanga del Sur-Bayog","Zamboanga del Sur","Zamboanga del Sur","Region IX (Zamboanga Peninsula)","Region IX (Zamboanga Peninsula)",7.154200895,122.139348,"phd; manual_correction",NA,NA,NA,"Felis catus","Cat","Domestic","Mindanao","R9-010"
"R9-074",NA,NA,"Canis familiaris",NA,"=""20-Aug-2021""","date_collected","Cogon","Vincenzo A. Sagun","Zamboanga del Sur-Bayog","Zamboanga del Sur","Zamboanga del Sur","Region IX (Zamboanga Peninsula)","Region IX (Zamboanga Peninsula)",7.519657705,123.1738437,"phd; manual_correction",NA,NA,NA,"Canis lupus familiaris","Dog","Domestic","Mindanao","R9-074"
"R9-089",NA,NA,"Canis familiaris",NA,"=""07-Oct-2021""","date_collected","Pangi","Ipil","Zamboanga Sibugay-Ipil","Zamboanga Sibugay","Zamboanga Sibugay","Region IX (Zamboanga Peninsula)","Region IX (Zamboanga Peninsula)",7.780235248,122.5765115,"phd; manual_correction",NA,NA,NA,"Canis lupus familiaris","Dog","Domestic","Mindanao","R9-089"
"R9-105",NA,NA,"Canis familiaris",NA,"=""09-Dec-2021""","date_collected","Lopoc","Labason","Zamboanga del Norte-Labason","Zamboanga del Norte","Zamboanga del Norte","Region IX (Zamboanga Peninsula)","Region IX (Zamboanga Peninsula)",8.030135135,122.5303567,"phd; manual_correction",NA,NA,NA,"Canis lupus familiaris","Dog","Domestic","Mindanao","R9-105"
"RADDL1-16-153",NA,NA,"Canis familiaris",NA,"=""18-Jul-2016""","date_collected","Real","Urbiztondo","Pangasinan-Urbiztondo","Pangasinan","Pangasinan","Ilocos Region","Region I (Ilocos Region)",15.82353439,120.3636915,"phd",NA,NA,NA,"Canis lupus familiaris","Dog","Domestic","Luzon","RADDL1-16-153"
"RADDL1-16-154",NA,NA,"Dog",NA,"=""21-Jul-2016""","date_collected","Torac, Malay","San Carlos City","Pangasinan-San Carlos City","Pangasinan","Pangasinan","Ilocos Region (I)","Region I (Ilocos Region)",NA,NA,"2018_workshop",NA,NA,NA,"Canis lupus familiaris","Dog","Domestic","Luzon","RADDL1-16-154"
"RADDL1-16-166",NA,NA,"Canis familiaris",NA,"=""09-Aug-2016""","date_collected","West","unknown","Pangasinan-Agno","Pangasinan","Pangasinan","Ilocos Region","Region I (Ilocos Region)",15.99415023,120.3184423,"phd",NA,NA,NA,"Canis lupus familiaris","Dog","Domestic","Luzon","RADDL1-16-166"
"RADDL3-1038",NA,NA,"Dog",NA,"=""22-Oct-2015""","date_collected","CM Recto","Angeles City","Pampanga-Angeles City","Pampanga","Pampanga","Central Luzon (III)","Region III (Central Luzon)",NA,NA,"2018_workshop",NA,NA,NA,"Canis lupus familiaris","Dog","Domestic","Luzon","RADDL3-1038"
"RADDL3-1045",NA,NA,"Canis familiaris",NA,"=""23-Oct-2015""","date_collected","St. Francis","Limay","Bataan-Limay","Bataan","Bataan","Central Luzon","Region III (Central Luzon)",14.53878982,120.5544428,"phd",NA,NA,NA,"Canis lupus familiaris","Dog","Domestic","Luzon","RADDL3-1045"
"RADDL3-15-172",NA,NA,"Canis familiaris",NA,"=""12-Feb-2015""","date_collected","Cvo","San Jose  City","Nueva Ecija-San Jose City","Nueva Ecija","Nueva Ecija","Central Luzon","Region III (Central Luzon)",15.78462183,120.9975839,"phd",NA,NA,NA,"Canis lupus familiaris","Dog","Domestic","Luzon","RADDL3-15-172"
"RADDL3-16-1008",NA,NA,"Canis familiaris",NA,"=""27-Oct-2016""","date_collected","Pamaldan","Cabanatuan City","Nueva Ecija-Cabanatuan City","Nueva Ecija","Nueva Ecija","Central Luzon","Region III (Central Luzon)",15.49243695,120.9899426,"phd",NA,NA,NA,"Canis lupus familiaris","Dog","Domestic","Luzon","RADDL3-16-1008"
"RADDL3-16-468",NA,NA,"Canis familiaris",NA,"=""01-Jun-2016""","date_collected","Sta Teresita","Angeles  City","Pampanga-Angeles City","Pampanga","Pampanga","Central Luzon","Region III (Central Luzon)",15.14555779,120.5862479,"phd",NA,NA,NA,"Canis lupus familiaris","Dog","Domestic","Luzon","RADDL3-16-468"
"RADDL3-16-521",NA,NA,"Canis familiaris",NA,"=""15-Jun-2016""","date_collected","Bulihan","Malolos City","Bulacan-Malolos City","Bulacan","Bulacan","Central Luzon","Region III (Central Luzon)",14.82958643,120.8367451,"phd",NA,NA,NA,"Canis lupus familiaris","Dog","Domestic","Luzon","RADDL3-16-521"
"RADDL3-16-627",NA,NA,"Canis familiaris",NA,"=""27-Jul-2016""","date_collected","Ligas","Malolos City","Bulacan-Malolos City","Bulacan","Bulacan","Central Luzon","Region III (Central Luzon)",14.82958643,120.8367451,"phd",NA,NA,NA,"Canis lupus familiaris","Dog","Domestic","Luzon","RADDL3-16-627"
"RADDL3-845",NA,NA,"Canis familiaris",NA,"=""02-Sep-2015""","date_collected","San Jose","Floridablanca","Pampanga-Floridablanca","Pampanga","Pampanga","Central Luzon","Region III (Central Luzon)",14.98771276,120.4868625,"phd",NA,NA,NA,"Canis lupus familiaris","Dog","Domestic","Luzon","RADDL3-845"
"RADDL4B-23-042","R-56",NA,"Dog",NA,"=""07-Jul-2023""","date_collected","Matutuna","San Andres","Romblon-San Andres","Romblon","Romblon","MIMIROPA","Mimaropa Region",12.485430189542,122.037858315898,"speedier",NA,NA,0.9884,"Canis lupus familiaris","Dog","Domestic","Luzon","RADDL4B-23-042"
"RADDL4B-23-044","OM-35",NA,"Dog",NA,"=""01-Aug-2023""","date_collected","Libtong","Roxas","Oriental Mindoro-Roxas","Oriental Mindoro","Oriental Mindoro","MIMIROPA","Mimaropa Region",12.62432924,121.5031667,"speedier",NA,NA,0.9893,"Canis lupus familiaris","Dog","Domestic","Luzon","RADDL4B-23-044"
"RADDL4B-23-045","R-58",NA,"Dog",NA,"=""03-Aug-2023""","date_collected","Linawan","San Andres","Romblon-San Andres","Romblon","Romblon","MIMIROPA","Mimaropa Region",12.5613811526055,122.024643646665,"speedier",NA,NA,0.9884,"Canis lupus familiaris","Dog","Domestic","Luzon","RADDL4B-23-045"
"RADDL4B-23-046","R-59",NA,"Dog",NA,"=""04-Jul-2023""","date_collected","Carmen","San Agustin","Romblon-San Agustin","Romblon","Romblon","MIMIROPA","Mimaropa Region",12.6207441732869,122.112268131429,"speedier",NA,NA,0.9884,"Canis lupus familiaris","Dog","Domestic","Luzon","RADDL4B-23-046"
"RADDL4B-23-047","OM-36",NA,"Dog",NA,"=""23-Aug-2023""","date_collected","San Isidro","Puerto Galera","Oriental Mindoro-Baco","Oriental Mindoro","Oriental Mindoro","MIMIROPA","Mimaropa Region",13.37785692,120.8703821,"speedier",NA,NA,0.9884,"Canis lupus familiaris","Dog","Domestic","Luzon","RADDL4B-23-047"
"RADDL4B-23-049","OM-37",NA,"Dog",NA,"=""31-Aug-2023""","date_collected","Bagumbayan I","Bongabong","Oriental Mindoro-Bongabong","Oriental Mindoro","Oriental Mindoro","MIMIROPA","Mimaropa Region",12.74706568,121.4748503,"speedier",NA,NA,0.9889,"Canis lupus familiaris","Dog","Domestic","Luzon","RADDL4B-23-049"
"RADDL4B-23-052","R-61",NA,"Dog",NA,"=""29-Aug-2023""","date_collected","Mat-I","Santa Fe","Romblon-Santa Fe","Romblon","Romblon","MIMIROPA","Mimaropa Region",12.1825790019622,121.982068760844,"speedier",NA,NA,0.9887,"Canis lupus familiaris","Dog","Domestic","Luzon","RADDL4B-23-052"
"RADDL4B-23-056","R-63",NA,"Dog",NA,"=""11-Sep-2023""","date_collected","Concepcion Norte","Santa Maria","Romblon-Santa Maria","Romblon","Romblon","MIMIROPA","Mimaropa Region",12.4009725318673,122.089783542696,"speedier",NA,NA,0.9882,"Canis lupus familiaris","Dog","Domestic","Luzon","RADDL4B-23-056"
"RADDL4B-23-057","M-1",NA,"Pig",NA,"=""24-Sep-2023""","date_collected","Apitong","Boac","Marinduque-Boac","Marinduque","Marinduque","MIMIROPA","Mimaropa Region",13.45365494,121.8709323,"speedier",NA,NA,0.9887,"Sus scrofa domesticus","Pig","Livestock","Luzon","RADDL4B-23-057"
"RADDL4B-23-058","OM-38",NA,"Dog",NA,"=""02-Oct-2023""","date_collected","Poblacion III","Victoria","Oriental Mindoro-Baco","Oriental Mindoro","Oriental Mindoro","MIMIROPA","Mimaropa Region",13.1693714,121.2550578,"speedier",NA,NA,0.9485,"Canis lupus familiaris","Dog","Domestic","Luzon","RADDL4B-23-058"
"RADDL4B-23-060","M-2",NA,"Dog",NA,"=""06-Oct-2023""","date_collected","Balogo","Boac","Marinduque-Boac","Marinduque","Marinduque","MIMIROPA","Mimaropa Region",13.46850874,121.8289235,"speedier",NA,NA,0.9716,"Canis lupus familiaris","Dog","Domestic","Luzon","RADDL4B-23-060"
"RADDL4B-23-061","M-3",NA,"Dog",NA,"=""09-Oct-2023""","date_collected","Agumaymayan","Boac","Marinduque-Boac","Marinduque","Marinduque","MIMIROPA","Mimaropa Region",13.44998665,121.8994821,"speedier",NA,NA,0.9885,"Canis lupus familiaris","Dog","Domestic","Luzon","RADDL4B-23-061"
"RADDL4B-23-065","M-4",NA,"Dog",NA,"=""23-Oct-2023""","date_collected","Laylay","Boac","Marinduque-Boac","Marinduque","Marinduque","MIMIROPA","Mimaropa Region",13.43668126,121.8203817,"speedier",NA,NA,0.9717566209,"Canis lupus familiaris","Dog","Domestic","Luzon","RADDL4B-23-065"
"RADDL4B-23-070","M-10",NA,"Dog",NA,"=""23-Oct-2023""","date_collected","Pili","Boac","Marinduque-Boac","Marinduque","Marinduque","MIMIROPA","Mimaropa Region",13.46393265,121.8260512,"speedier",NA,NA,0.9885,"Canis lupus familiaris","Dog","Domestic","Luzon","RADDL4B-23-070"
"RADDL4B-23-072","M-9",NA,"Dog",NA,"=""23-Oct-2023""","date_collected","Bocboc","Mogpog","Marinduque-Mogpog","Marinduque","Marinduque","MIMIROPA","Mimaropa Region",13.47143036,121.9410823,"speedier",NA,NA,0.9713,"Canis lupus familiaris","Dog","Domestic","Luzon","RADDL4B-23-072"
"RADDL4B-23-076","R-66",NA,"Dog",NA,"=""17-Oct-2023""","date_collected","Poblacion","Alcantara","Romblon-Alcantara","Romblon","Romblon","MIMIROPA","Mimaropa Region",12.2598547361178,122.053286260471,"speedier",NA,NA,0.972,"Canis lupus familiaris","Dog","Domestic","Luzon","RADDL4B-23-076"
"RADDL4B-23-080","R-67",NA,"Dog",NA,"=""26-Oct-2023""","date_collected","Pangulo","Calatrava","Romblon-Calatrava","Romblon","Romblon","MIMIROPA","Mimaropa Region",12.6133966287614,122.093403546437,"speedier",NA,NA,0.9874,"Canis lupus familiaris","Dog","Domestic","Luzon","RADDL4B-23-080"
"RADDL4B-23-081","R-65",NA,"Dog",NA,"=""30-Sep-2023""","date_collected","Bachawan","San Agustin","Romblon-San Agustin","Romblon","Romblon","MIMIROPA","Mimaropa Region",12.4577618696032,122.090565303083,"speedier",NA,NA,0.9711,"Canis lupus familiaris","Dog","Domestic","Luzon","RADDL4B-23-081"
"RADDL4B-23-085","M-13",NA,"Dog",NA,"=""20-Aug-2023""","date_collected","Maligaya","Boac","Marinduque-Boac","Marinduque","Marinduque","MIMIROPA","Mimaropa Region",13.47444205,121.840682,"speedier",NA,NA,0.9891,"Canis lupus familiaris","Dog","Domestic","Luzon","RADDL4B-23-085"
"RADDL4B-23-089","M-14",NA,"Dog",NA,"=""20-Jul-2023""","date_collected","Maligaya","Boac","Marinduque-Boac","Marinduque","Marinduque","MIMIROPA","Mimaropa Region",13.47444205,121.840682,"speedier",NA,NA,0.9509721757,"Canis lupus familiaris","Dog","Domestic","Luzon","RADDL4B-23-089"
"RADDL4B-23-090","OM-41",NA,"Dog",NA,"=""16-Nov-2023""","date_collected","Ilag","San Teodoro","Oriental Mindoro-Baco","Oriental Mindoro","Oriental Mindoro","MIMIROPA","Mimaropa Region",13.45164877,120.9775215,"speedier",NA,NA,0.9884,"Canis lupus familiaris","Dog","Domestic","Luzon","RADDL4B-23-090"
"RADDL4B-23-092","M-15",NA,"Dog",NA,"=""07-Dec-2023""","date_collected","Balimbing","Boac","Marinduque-Boac","Marinduque","Marinduque","MIMIROPA","Mimaropa Region",13.43694015,121.8821268,"speedier",NA,NA,0.9507207509,"Canis lupus familiaris","Dog","Domestic","Luzon","RADDL4B-23-092"
"RADDL4B-23-093","M-20",NA,"Goat",NA,"=""26-Nov-2023""","date_collected","Lupac","Boac","Marinduque-Boac","Marinduque","Marinduque","MIMIROPA","Mimaropa Region",13.45972903,121.8180698,"speedier",NA,NA,0.9888,"Capra hircus","Goat","Livestock","Luzon","RADDL4B-23-093"
"RADDL4B-23-094","M-21",NA,"Dog",NA,"=""28-Nov-2023""","date_collected","Maligaya","Boac","Marinduque-Boac","Marinduque","Marinduque","MIMIROPA","Mimaropa Region",13.47444205,121.840682,"speedier",NA,NA,0.9146832048,"Canis lupus familiaris","Dog","Domestic","Luzon","RADDL4B-23-094"
"RADDL4B-23-095","M-22",NA,"Dog",NA,"=""28-Nov-2023""","date_collected","Laon","Mogpog","Marinduque-Mogpog","Marinduque","Marinduque","MIMIROPA","Mimaropa Region",13.4919948,121.8532421,"speedier",NA,NA,0.9888,"Canis lupus familiaris","Dog","Domestic","Luzon","RADDL4B-23-095"
"RADDL4B-23-097","M-23",NA,"Dog",NA,"=""27-Nov-2023""","date_collected","Poctoy","Boac","Marinduque-Boac","Marinduque","Marinduque","MIMIROPA","Mimaropa Region",13.43235691,121.8690073,"speedier",NA,NA,0.9889,"Canis lupus familiaris","Dog","Domestic","Luzon","RADDL4B-23-097"
"RADDL4B-23-098","M-24",NA,"Dog",NA,"=""27-Nov-2023""","date_collected","Cawit","Boac","Marinduque-Boac","Marinduque","Marinduque","MIMIROPA","Mimaropa Region",13.38170012,121.8415498,"speedier",NA,NA,0.9887,"Canis lupus familiaris","Dog","Domestic","Luzon","RADDL4B-23-098"
"RADDL4B-23-099","M-25",NA,"Dog",NA,"=""30-Nov-2023""","date_collected","Bunganay","Boac","Marinduque-Boac","Marinduque","Marinduque","MIMIROPA","Mimaropa Region",13.38814351,121.830912,"speedier",NA,NA,0.9889,"Canis lupus familiaris","Dog","Domestic","Luzon","RADDL4B-23-099"
"RADDL4B-23-100","M-26",NA,"Pig",NA,"=""05-Dec-2023""","date_collected","Tabigue","Boac","Marinduque-Boac","Marinduque","Marinduque","MIMIROPA","Mimaropa Region",13.4508379,121.820882,"speedier",NA,NA,0.9889,"Sus scrofa domesticus","Pig","Livestock","Luzon","RADDL4B-23-100"
"RADDL4B-23-101","M-27",NA,"Dog",NA,"=""05-Dec-2023""","date_collected","Hinapulan","Boac","Marinduque-Boac","Marinduque","Marinduque","MIMIROPA","Mimaropa Region",13.40056028,121.9413747,"speedier",NA,NA,0.9886,"Canis lupus familiaris","Dog","Domestic","Luzon","RADDL4B-23-101"
"RADDL4B-23-104","R-70",NA,"Dog",NA,"=""12-Dec-2023""","date_collected","Poblacion","Alcantara","Romblon-Alcantara","Romblon","Romblon","MIMIROPA","Mimaropa Region",12.2598547361178,122.053286260471,"speedier",NA,NA,0.9885,"Canis lupus familiaris","Dog","Domestic","Luzon","RADDL4B-23-104"
"RADDL4B-23-105","R-69",NA,"Dog",NA,"=""13-Nov-2023""","date_collected","Poblacion","Looc","Romblon-Looc","Romblon","Romblon","MIMIROPA","Mimaropa Region",12.2710913046505,122.007370649571,"speedier",NA,NA,0.9878,"Canis lupus familiaris","Dog","Domestic","Luzon","RADDL4B-23-105"
"RADDL4B-24-001","M-29",NA,"Dog",NA,"=""05-Jan-2024""","date_collected","Dampulan","Torrijos","Marinduque-Torrijos","Marinduque","Marinduque","MIMIROPA","Mimaropa Region",13.23584673,122.0313094,"speedier",NA,NA,0.9891,"Canis lupus familiaris","Dog","Domestic","Luzon","RADDL4B-24-001"
"RADDL4B-24-002","M-30",NA,"Dog",NA,"=""09-Jan-2024""","date_collected","Malusak","Boac","Marinduque-Boac","Marinduque","Marinduque","MIMIROPA","Mimaropa Region",13.44708203,121.8412843,"speedier",NA,NA,0.9883,"Canis lupus familiaris","Dog","Domestic","Luzon","RADDL4B-24-002"
"RADDL4B-24-003","M-31",NA,"Dog",NA,"=""09-Jan-2024""","date_collected","Masiga","Gasan","Marinduque-Gasan","Marinduque","Marinduque","MIMIROPA","Mimaropa Region",13.35871898,121.8255082,"speedier",NA,NA,0.9884,"Canis lupus familiaris","Dog","Domestic","Luzon","RADDL4B-24-003"
"RADDL4B-24-007","OM-45",NA,"Dog",NA,"=""17-Jan-2024""","date_collected","Poblacion","Bansud","Oriental Mindoro-Bansud","Oriental Mindoro","Oriental Mindoro","MIMIROPA","Mimaropa Region",12.84652574,121.4611416,"speedier",NA,NA,0.9702480724,"Canis lupus familiaris","Dog","Domestic","Luzon","RADDL4B-24-007"
"RADDL4B-24-009","OM-46",NA,"Dog",NA,"=""29-Jan-2024""","date_collected","Balatero","Puerto Galera","Oriental Mindoro-Baco","Oriental Mindoro","Oriental Mindoro","MIMIROPA","Mimaropa Region",13.34693739,120.8836262,"speedier",NA,NA,0.9873,"Canis lupus familiaris","Dog","Domestic","Luzon","RADDL4B-24-009"
"RADDL4B-24-011","M-38",NA,"Dog",NA,"=""24-Jan-2024""","date_collected","Laylay","Boac","Marinduque-Boac","Marinduque","Marinduque","MIMIROPA","Mimaropa Region",13.43668126,121.8203817,"speedier",NA,NA,0.9889,"Canis lupus familiaris","Dog","Domestic","Luzon","RADDL4B-24-011"
"RADDL4B-24-012","M-40",NA,"Dog",NA,"=""25-Jan-2024""","date_collected","Poblacion","Torrijos","Marinduque-Torrijos","Marinduque","Marinduque","MIMIROPA","Mimaropa Region",13.32381038,122.0762274,"speedier",NA,NA,0.9713,"Canis lupus familiaris","Dog","Domestic","Luzon","RADDL4B-24-012"
"RADDL4B-24-013","M-34",NA,"Dog",NA,"=""16-Jan-2024""","date_collected","Buangan","Torrijos","Marinduque-Torrijos","Marinduque","Marinduque","MIMIROPA","Mimaropa Region",13.31305087,122.0537056,"speedier",NA,NA,0.9503855179,"Canis lupus familiaris","Dog","Domestic","Luzon","RADDL4B-24-013"
"RADDL4B-24-014","M-35",NA,"Dog",NA,"=""29-Jan-2024""","date_collected","Masiga","Gasan","Marinduque-Gasan","Marinduque","Marinduque","MIMIROPA","Mimaropa Region",13.35871898,121.8255082,"speedier",NA,NA,0.9878,"Canis lupus familiaris","Dog","Domestic","Luzon","RADDL4B-24-014"
"RADDL4B-24-015","M-41",NA,"Dog",NA,"=""31-Jan-2024""","date_collected","Tampus","Boac","Marinduque-Boac","Marinduque","Marinduque","MIMIROPA","Mimaropa Region",13.44607203,121.8483871,"speedier",NA,NA,0.95,"Canis lupus familiaris","Dog","Domestic","Luzon","RADDL4B-24-015"
"RADDL4B-24-016","M-42",NA,"Dog",NA,"=""31-Jan-2024""","date_collected","San Isidro","Santa Cruz","Marinduque-Santa Cruz","Marinduque","Marinduque","MIMIROPA","Mimaropa Region",13.52187638,121.937044,"speedier",NA,NA,0.9679,"Canis lupus familiaris","Dog","Domestic","Luzon","RADDL4B-24-016"
"RADDL4B-24-017","M-39",NA,"Dog",NA,"=""25-Jan-2024""","date_collected","Masiga","Gasan","Marinduque-Gasan","Marinduque","Marinduque","MIMIROPA","Mimaropa Region",13.35871898,121.8255082,"speedier",NA,NA,0.9883,"Canis lupus familiaris","Dog","Domestic","Luzon","RADDL4B-24-017"
"RADDL4B-24-018","M-43",NA,"Dog",NA,"=""01-Feb-2024""","date_collected","Barangay IV","Buenavista","Marinduque-Buenavista","Marinduque","Marinduque","MIMIROPA","Mimaropa Region",13.25222414,121.9482043,"speedier",NA,NA,0.9708,"Canis lupus familiaris","Dog","Domestic","Luzon","RADDL4B-24-018"
"RADDL4B-24-019","M-47",NA,"Pig",NA,"=""08-Feb-2024""","date_collected","Daykitin","Buenavista","Marinduque-Buenavista","Marinduque","Marinduque","MIMIROPA","Mimaropa Region",13.27382681,121.9228134,"speedier",NA,NA,0.9885,"Sus scrofa domesticus","Pig","Livestock","Luzon","RADDL4B-24-019"
"RADDL4B-24-021","M-44",NA,"Dog",NA,"=""01-Feb-2024""","date_collected","Tabi","Boac","Marinduque-Boac","Marinduque","Marinduque","MIMIROPA","Mimaropa Region",13.45428134,121.8406166,"speedier",NA,NA,0.9721,"Canis lupus familiaris","Dog","Domestic","Luzon","RADDL4B-24-021"
"RADDL4B-24-023","OM-48",NA,"Dog",NA,"=""15-Feb-2024""","date_collected","Canubing I","Calapan City","Oriental Mindoro-Calapan City","Oriental Mindoro","Oriental Mindoro","MIMIROPA","Mimaropa Region",13.34916389,121.1373121,"speedier",NA,NA,0.9882,"Canis lupus familiaris","Dog","Domestic","Luzon","RADDL4B-24-023"
"RADDL4B-24-026","M-53",NA,"Dog",NA,"=""16-Feb-2024""","date_collected","Bangbangalon","Boac","Marinduque-Boac","Marinduque","Marinduque","MIMIROPA","Mimaropa Region",13.43848981,121.8276107,"speedier",NA,NA,0.972,"Canis lupus familiaris","Dog","Domestic","Luzon","RADDL4B-24-026"
"RADDL4B-24-027","M-52",NA,"Dog",NA,"=""14-Feb-2024""","date_collected","Daykitin","Buenavista","Marinduque-Buenavista","Marinduque","Marinduque","MIMIROPA","Mimaropa Region",13.27382681,121.9228134,"speedier",NA,NA,0.9716,"Canis lupus familiaris","Dog","Domestic","Luzon","RADDL4B-24-027"
"RADDL4B-24-028","M-51",NA,"Dog",NA,"=""14-Feb-2024""","date_collected","Masiga","Gasan","Marinduque-Gasan","Marinduque","Marinduque","MIMIROPA","Mimaropa Region",13.35871898,121.8255082,"speedier",NA,NA,0.9884,"Canis lupus familiaris","Dog","Domestic","Luzon","RADDL4B-24-028"
"RADDL4B-24-029","M-50",NA,"Dog",NA,"=""20-Feb-2024""","date_collected","Caigangan","Buenavista","Marinduque-Buenavista","Marinduque","Marinduque","MIMIROPA","Mimaropa Region",13.26212226,121.9342731,"speedier",NA,NA,0.9716,"Canis lupus familiaris","Dog","Domestic","Luzon","RADDL4B-24-029"
"RADDL4B-24-030","M-49",NA,"Dog",NA,"=""17-Feb-2024""","date_collected","Barangay I","Buenavista","Marinduque-Buenavista","Marinduque","Marinduque","MIMIROPA","Mimaropa Region",13.2559971,121.9418071,"speedier",NA,NA,0.9875125712,"Canis lupus familiaris","Dog","Domestic","Luzon","RADDL4B-24-030"
"RADDL4B-24-034","M-55",NA,"Dog",NA,"=""29-Feb-2024""","date_collected","Bamban","Boac","Marinduque-Boac","Marinduque","Marinduque","MIMIROPA","Mimaropa Region",13.42366341,121.8779105,"speedier",NA,NA,0.9713,"Canis lupus familiaris","Dog","Domestic","Luzon","RADDL4B-24-034"
"RADDL4B-24-035","M-56",NA,"Dog",NA,"=""26-Feb-2024""","date_collected","Masiga","Gasan","Marinduque-Gasan","Marinduque","Marinduque","MIMIROPA","Mimaropa Region",13.35871898,121.8255082,"speedier",NA,NA,0.9889,"Canis lupus familiaris","Dog","Domestic","Luzon","RADDL4B-24-035"
"RADDL4B-24-037","M-58",NA,"Dog",NA,"=""28-Feb-2024""","date_collected","Buangan","Torrijos","Marinduque-Torrijos","Marinduque","Marinduque","MIMIROPA","Mimaropa Region",13.31305087,122.0537056,"speedier",NA,NA,0.9718,"Canis lupus familiaris","Dog","Domestic","Luzon","RADDL4B-24-037"
"RADDL4B-24-038","M-59",NA,"Dog",NA,"=""05-Mar-2024""","date_collected","Barangay I","Buenavista","Marinduque-Buenavista","Marinduque","Marinduque","MIMIROPA","Mimaropa Region",13.2559971,121.9418071,"speedier",NA,NA,0.988,"Canis lupus familiaris","Dog","Domestic","Luzon","RADDL4B-24-038"
"RADDL4B-24-042","R-63",NA,"Dog",NA,"=""12-Feb-2024""","date_collected","Mahabang Baybay","San Agustin","Romblon-San Agustin","Romblon","Romblon","MIMIROPA","Mimaropa Region",12.6389756037373,122.150335754756,"speedier",NA,NA,0.9884,"Canis lupus familiaris","Dog","Domestic","Luzon","RADDL4B-24-042"
"RADDL4B-24-043","R-56",NA,"Dog",NA,"=""04-Mar-2024""","date_collected","Camili","Alcantara","Romblon-Alcantara","Romblon","Romblon","MIMIROPA","Mimaropa Region",12.2601674937412,122.042413009168,"speedier",NA,NA,0.9878,"Canis lupus familiaris","Dog","Domestic","Luzon","RADDL4B-24-043"
"RADDL4B-24-046","OM-55",NA,"Dog",NA,"=""10-Mar-2024""","date_collected","Poblacion I","Victoria","Oriental Mindoro-Baco","Oriental Mindoro","Oriental Mindoro","MIMIROPA","Mimaropa Region",13.17380713,121.2853345,"speedier",NA,NA,0.9888,"Canis lupus familiaris","Dog","Domestic","Luzon","RADDL4B-24-046"
"RADDL4B-24-048","M-62",NA,"Dog",NA,"=""07-Mar-2024""","date_collected","Daykitin","Buenavista","Marinduque-Buenavista","Marinduque","Marinduque","MIMIROPA","Mimaropa Region",13.27382681,121.9228134,"speedier",NA,NA,0.9497988602,"Canis lupus familiaris","Dog","Domestic","Luzon","RADDL4B-24-048"
"RADDL4B-24-049","M-63",NA,"Dog",NA,"=""13-Mar-2024""","date_collected","Barangay IV","Buenavista","Marinduque-Buenavista","Marinduque","Marinduque","MIMIROPA","Mimaropa Region",13.25222414,121.9482043,"speedier",NA,NA,0.9885,"Canis lupus familiaris","Dog","Domestic","Luzon","RADDL4B-24-049"
"RADDL4B-24-051","OM-56",NA,"Dog",NA,"=""26-Mar-2024""","date_collected","Bagumbayan","Roxas","Oriental Mindoro-Roxas","Oriental Mindoro","Oriental Mindoro","MIMIROPA","Mimaropa Region",12.5902022,121.5209491,"speedier",NA,NA,0.9887,"Canis lupus familiaris","Dog","Domestic","Luzon","RADDL4B-24-051"
"RADDL4B-24-052","OM-57",NA,"Dog",NA,"=""29-Mar-2024""","date_collected","Poblacion","Mansalay","Oriental Mindoro-Baco","Oriental Mindoro","Oriental Mindoro","MIMIROPA","Mimaropa Region",12.53483774,121.4385791,"speedier",NA,NA,0.9883506537,"Canis lupus familiaris","Dog","Domestic","Luzon","RADDL4B-24-052"
"RADDL4B-24-053","M-65",NA,"Dog",NA,"=""17-Mar-2024""","date_collected","Barangay 1","Buenavista","Marinduque-Buenavista","Marinduque","Marinduque","MIMIROPA","Mimaropa Region",13.2559971,121.9418071,"speedier",NA,NA,0.9718,"Canis lupus familiaris","Dog","Domestic","Luzon","RADDL4B-24-053"
"RADDL4B-24-054","M-66",NA,"Dog",NA,"=""20-Mar-2024""","date_collected","Caigangan","Buenavista","Marinduque-Buenavista","Marinduque","Marinduque","MIMIROPA","Mimaropa Region",13.26212226,121.9342731,"speedier",NA,NA,0.9884,"Canis lupus familiaris","Dog","Domestic","Luzon","RADDL4B-24-054"
"RADDL4B-24-055","M-67",NA,"Dog",NA,"=""21-Mar-2024""","date_collected","Barangay 2","Buenavista","Marinduque-Buenavista","Marinduque","Marinduque","MIMIROPA","Mimaropa Region",13.25463205,121.9448458,"speedier",NA,NA,0.9888,"Canis lupus familiaris","Dog","Domestic","Luzon","RADDL4B-24-055"
"RADDL4B-24-056","M-68",NA,"Dog",NA,"=""26-Mar-2024""","date_collected","Barangay 1","Buenavista","Marinduque-Buenavista","Marinduque","Marinduque","MIMIROPA","Mimaropa Region",13.2559971,121.9418071,"speedier",NA,NA,0.9892,"Canis lupus familiaris","Dog","Domestic","Luzon","RADDL4B-24-056"
"RADDL4B-24-057","M-69",NA,"Dog",NA,"=""20-Jan-2024""","date_collected","Barangay 1","Buenavista","Marinduque-Buenavista","Marinduque","Marinduque","MIMIROPA","Mimaropa Region",13.2559971,121.9418071,"speedier",NA,NA,0.9884,"Canis lupus familiaris","Dog","Domestic","Luzon","RADDL4B-24-057"
"RADDL4B-24-058","M-70",NA,"Dog",NA,"=""20-Mar-2024""","date_collected","Mendez","Mogpog","Marinduque-Mogpog","Marinduque","Marinduque","MIMIROPA","Mimaropa Region",13.5108188,121.8994064,"speedier",NA,NA,0.9717,"Canis lupus familiaris","Dog","Domestic","Luzon","RADDL4B-24-058"
"RADDL4B-24-059","M-71",NA,"Dog",NA,"=""20-Mar-2024""","date_collected","Villa Mendez","Mogpog","Marinduque-Mogpog","Marinduque","Marinduque","MIMIROPA","Mimaropa Region",13.47788656,121.8607316,"speedier",NA,NA,0.9888,"Canis lupus familiaris","Dog","Domestic","Luzon","RADDL4B-24-059"
"RADDL4B-24-062","M-74",NA,"Dog",NA,"=""20-Jan-2024""","date_collected","Masiga","Gasan","Marinduque-Gasan","Marinduque","Marinduque","MIMIROPA","Mimaropa Region",13.35871898,121.8255082,"speedier",NA,NA,0.9025310091,"Canis lupus familiaris","Dog","Domestic","Luzon","RADDL4B-24-062"
"RADDL4B-24-063","R-77",NA,"Dog",NA,"=""13-Apr-2024""","date_collected","Tulay","Odiongan","Romblon-Odiongan","Romblon","Romblon","MIMIROPA","Mimaropa Region",12.3900864414564,121.992303480972,"speedier",NA,NA,0.9881,"Canis lupus familiaris","Dog","Domestic","Luzon","RADDL4B-24-063"
"RADDL4B-24-066","R-75",NA,"Dog",NA,"=""20-Oct-2024""","date_collected","Tugdan","Alcantara","Romblon-Alcantara","Romblon","Romblon","MIMIROPA","Mimaropa Region",12.3272698719486,122.070177099507,"speedier",NA,NA,0.9879,"Canis lupus familiaris","Dog","Domestic","Luzon","RADDL4B-24-066"
"RADDL4B-24-067","M-75",NA,"Dog",NA,"=""20-Feb-2024""","date_collected","Cabugao","Gasan","Marinduque-Gasan","Marinduque","Marinduque","MIMIROPA","Mimaropa Region",13.35486893,121.8479733,"speedier",NA,NA,0.9892,"Canis lupus familiaris","Dog","Domestic","Luzon","RADDL4B-24-067"
"RADDL4B-24-069","M-77",NA,"Dog",NA,"=""20-Mar-2024""","date_collected","Barangay I","Buenavista","Marinduque-Buenavista","Marinduque","Marinduque","MIMIROPA","Mimaropa Region",13.2559971,121.9418071,"speedier",NA,NA,0.9885,"Canis lupus familiaris","Dog","Domestic","Luzon","RADDL4B-24-069"
"RADDL4B-24-070","M-78",NA,"Dog",NA,"=""20-Apr-2024""","date_collected","Malibago","Buenavista","Marinduque-Buenavista","Marinduque","Marinduque","MIMIROPA","Mimaropa Region",13.28798166,122.0068653,"speedier",NA,NA,0.9883,"Canis lupus familiaris","Dog","Domestic","Luzon","RADDL4B-24-070"
"RADDL4B-24-071","M-79",NA,"Dog",NA,"=""20-May-2024""","date_collected","Murallon","Boac","Marinduque-Boac","Marinduque","Marinduque","MIMIROPA","Mimaropa Region",13.44947749,121.8370936,"speedier",NA,NA,0.9722,"Canis lupus familiaris","Dog","Domestic","Luzon","RADDL4B-24-071"
"RADDL4B-24-073","M-81",NA,"Dog",NA,"=""20-Jul-2024""","date_collected","Bangbangalon","Boac","Marinduque-Boac","Marinduque","Marinduque","MIMIROPA","Mimaropa Region",13.43848981,121.8276107,"speedier",NA,NA,0.9886,"Canis lupus familiaris","Dog","Domestic","Luzon","RADDL4B-24-073"
"RADDL4B-24-074","M-82",NA,"Dog",NA,"=""20-Nov-2024""","date_collected","Caigangan","Buenavista","Marinduque-Buenavista","Marinduque","Marinduque","MIMIROPA","Mimaropa Region",13.26212226,121.9342731,"speedier",NA,NA,0.9889,"Canis lupus familiaris","Dog","Domestic","Luzon","RADDL4B-24-074"
"RADDL4B-24-076","M-84",NA,"Dog",NA,"=""20-Jul-2024""","date_collected","Barangay I","Buenavista","Marinduque-Buenavista","Marinduque","Marinduque","MIMIROPA","Mimaropa Region",13.2559971,121.9418071,"speedier",NA,NA,0.9884,"Canis lupus familiaris","Dog","Domestic","Luzon","RADDL4B-24-076"
"RADDL4B-24-077","M-85",NA,"Dog",NA,"=""20-Nov-2024""","date_collected","Bicas-Bicas","Buenavista","Marinduque-Buenavista","Marinduque","Marinduque","MIMIROPA","Mimaropa Region",13.24157594,122.0002222,"speedier",NA,NA,0.9887,"Canis lupus familiaris","Dog","Domestic","Luzon","RADDL4B-24-077"
"RADDL4B-24-078","M-86",NA,"Dog",NA,"=""20-Dec-2024""","date_collected","Barangay II","Buenavista","Marinduque-Buenavista","Marinduque","Marinduque","MIMIROPA","Mimaropa Region",13.25463205,121.9448458,"speedier",NA,NA,0.9884,"Canis lupus familiaris","Dog","Domestic","Luzon","RADDL4B-24-078"
"RADDL4B-24-080","OM-58",NA,"Dog",NA,"=""18-Apr-2024""","date_collected","Baruyan","Calapan City","Oriental Mindoro-Calapan City","Oriental Mindoro","Oriental Mindoro","MIMIROPA","Mimaropa Region",13.35919359,121.1359505,"speedier",NA,NA,0.9704994972,"Canis lupus familiaris","Dog","Domestic","Luzon","RADDL4B-24-080"
"RADDL4B-24-081","M-88",NA,"Dog",NA,"=""15-Apr-2024""","date_collected","Buangan","Torrijos","Marinduque-Torrijos","Marinduque","Marinduque","MIMIROPA","Mimaropa Region",13.31305087,122.0537056,"speedier",NA,NA,0.9882,"Canis lupus familiaris","Dog","Domestic","Luzon","RADDL4B-24-081"
"RADDL4B-24-082","M-89",NA,"Dog",NA,"=""18-Apr-2024""","date_collected","Mahunig","Gasan","Marinduque-Gasan","Marinduque","Marinduque","MIMIROPA","Mimaropa Region",13.31497743,121.8549846,"speedier",NA,NA,0.9884,"Canis lupus familiaris","Dog","Domestic","Luzon","RADDL4B-24-082"
"RADDL4B-24-084","M-91",NA,"Dog",NA,"=""19-Apr-2024""","date_collected","Matandang Gasan","Gasan","Marinduque-Gasan","Marinduque","Marinduque","MIMIROPA","Mimaropa Region",13.32695219,121.8773683,"speedier",NA,NA,0.9888,"Canis lupus familiaris","Dog","Domestic","Luzon","RADDL4B-24-084"
"RADDL4B-24-085","M-92",NA,"Dog",NA,"=""20-Apr-2024""","date_collected","Malibago","Torrijos","Marinduque-Torrijos","Marinduque","Marinduque","MIMIROPA","Mimaropa Region",13.28714633,122.0077236,"speedier",NA,NA,0.9883,"Canis lupus familiaris","Dog","Domestic","Luzon","RADDL4B-24-085"
"RADDL4B-24-086","M-93",NA,"Dog",NA,"=""20-Apr-2024""","date_collected","Pulong-Parang","Santa Cruz","Marinduque-Santa Cruz","Marinduque","Marinduque","MIMIROPA","Mimaropa Region",13.41549537,122.0584289,"speedier",NA,NA,0.9345,"Canis lupus familiaris","Dog","Domestic","Luzon","RADDL4B-24-086"
"RADDL4B-24-087","M-94",NA,"Dog",NA,"=""21-Apr-2024""","date_collected","Marlangga","Torrijos","Marinduque-Torrijos","Marinduque","Marinduque","MIMIROPA","Mimaropa Region",13.33186615,122.0865576,"speedier",NA,NA,0.9712,"Canis lupus familiaris","Dog","Domestic","Luzon","RADDL4B-24-087"
"RADDL4B-24-088","M-95",NA,"Dog",NA,"=""22-Apr-2024""","date_collected","Mangiliol","Gasan","Marinduque-Gasan","Marinduque","Marinduque","MIMIROPA","Mimaropa Region",13.35766762,121.8384787,"speedier",NA,NA,0.9155,"Canis lupus familiaris","Dog","Domestic","Luzon","RADDL4B-24-088"
"RADDL4B-24-093","OM-61",NA,"Dog",NA,"=""29-Apr-2024""","date_collected","B. Del Mundo","Mansalay","Oriental Mindoro-Baco","Oriental Mindoro","Oriental Mindoro","MIMIROPA","Mimaropa Region",12.53191189,121.4645635,"speedier",NA,NA,0.988434462,"Canis lupus familiaris","Dog","Domestic","Luzon","RADDL4B-24-093"
"RADDL4B-24-095","R-80",NA,"Dog",NA,"=""20-Mar-2024""","date_collected","Malilico","Odiongan","Romblon-Odiongan","Romblon","Romblon","MIMIROPA","Mimaropa Region",12.3452844690591,121.972738203729,"speedier",NA,NA,0.9875,"Canis lupus familiaris","Dog","Domestic","Luzon","RADDL4B-24-095"
"RADDL4B-24-096","R-81",NA,"Dog",NA,"=""15-Apr-2024""","date_collected","Tumingad","Odiongan","Romblon-Odiongan","Romblon","Romblon","MIMIROPA","Mimaropa Region",12.4371876319143,122.042943243506,"speedier",NA,NA,0.9874,"Canis lupus familiaris","Dog","Domestic","Luzon","RADDL4B-24-096"
"RADDL4B-24-097","R-82",NA,"Dog",NA,"=""26-Apr-2024""","date_collected","Bonlao","Alcantara","Romblon-Alcantara","Romblon","Romblon","MIMIROPA","Mimaropa Region",12.3144065613179,122.048142854933,"speedier",NA,NA,0.9878,"Canis lupus familiaris","Dog","Domestic","Luzon","RADDL4B-24-097"
"RADDL4B-24-098","R-83",NA,"Dog",NA,"=""30-Apr-2024""","date_collected","Pili","San Fernando","Romblon-San Fernando","Romblon","Romblon","MIMIROPA","Mimaropa Region",12.3202302160604,122.59889299915,"speedier",NA,NA,0.9878,"Canis lupus familiaris","Dog","Domestic","Luzon","RADDL4B-24-098"
"RADDL4B-24-099","R-84",NA,"Dog",NA,"=""20-Mar-2024""","date_collected","Poctoy","Odiongan","Romblon-Odiongan","Romblon","Romblon","MIMIROPA","Mimaropa Region",12.4086736675198,122.002251059774,"speedier",NA,NA,0.9876,"Canis lupus familiaris","Dog","Domestic","Luzon","RADDL4B-24-099"
"RADDL4B-24-100","M-98",NA,"Dog",NA,"=""24-Apr-2024""","date_collected","Caigangan","Buenavista","Marinduque-Buenavista","Marinduque","Marinduque","MIMIROPA","Mimaropa Region",13.26212226,121.9342731,"speedier",NA,NA,0.9708,"Canis lupus familiaris","Dog","Domestic","Luzon","RADDL4B-24-100"
"RADDL4B-24-101","M-99",NA,"Dog",NA,"=""25-Apr-2024""","date_collected","Poras","Boac","Marinduque-Boac","Marinduque","Marinduque","MIMIROPA","Mimaropa Region",13.45804967,121.8323598,"speedier",NA,NA,0.9888,"Canis lupus familiaris","Dog","Domestic","Luzon","RADDL4B-24-101"
"RADDL4B-24-102","M-100",NA,"Dog",NA,"=""28-Apr-2024""","date_collected","Bagacay","Buenavista","Marinduque-Buenavista","Marinduque","Marinduque","MIMIROPA","Mimaropa Region",13.24881654,121.9900226,"speedier",NA,NA,0.9886,"Canis lupus familiaris","Dog","Domestic","Luzon","RADDL4B-24-102"
"RADDL4B-24-106","M-104",NA,"Dog",NA,"=""20-Mar-2024""","date_collected","Daykitin","Buenavista","Marinduque-Buenavista","Marinduque","Marinduque","MIMIROPA","Mimaropa Region",13.27382681,121.9228134,"speedier",NA,NA,0.9885,"Canis lupus familiaris","Dog","Domestic","Luzon","RADDL4B-24-106"
"RADDL4B-24-107","M-105",NA,"Dog",NA,"=""20-Mar-2024""","date_collected","Daykitin","Buenavista","Marinduque-Buenavista","Marinduque","Marinduque","MIMIROPA","Mimaropa Region",13.27382681,121.9228134,"speedier",NA,NA,0.9503017097,"Canis lupus familiaris","Dog","Domestic","Luzon","RADDL4B-24-107"
"RADDL4B-24-112","R-88",NA,"Dog",NA,"=""16-May-2024""","date_collected","Pili","Looc","Romblon-Looc","Romblon","Romblon","MIMIROPA","Mimaropa Region",12.3030336406049,122.004635465751,"speedier",NA,NA,0.988,"Canis lupus familiaris","Dog","Domestic","Luzon","RADDL4B-24-112"
"RADDL4B-24-113","R-89",NA,"Dog",NA,"=""20-Aug-2024""","date_collected","Limon Norte","Looc","Romblon-Looc","Romblon","Romblon","MIMIROPA","Mimaropa Region",12.3220188515114,122.021920139859,"speedier",NA,NA,0.9884,"Canis lupus familiaris","Dog","Domestic","Luzon","RADDL4B-24-113"
"RADDL4B-24-114","R-90",NA,"Dog",NA,"=""18-May-2024""","date_collected","Mahabang Baybay","San Agustin","Romblon-San Agustin","Romblon","Romblon","MIMIROPA","Mimaropa Region",12.6389756037373,122.150335754756,"speedier",NA,NA,0.9873,"Canis lupus familiaris","Dog","Domestic","Luzon","RADDL4B-24-114"
"RADDL4B-24-116","R-91",NA,"Dog",NA,"=""13-May-2024""","date_collected","Tugdan","Alcantara","Romblon-Alcantara","Romblon","Romblon","MIMIROPA","Mimaropa Region",12.3272698719486,122.070177099507,"speedier",NA,NA,0.9872,"Canis lupus familiaris","Dog","Domestic","Luzon","RADDL4B-24-116"
"RADDL4B-24-117","R-92",NA,"Dog",NA,"=""20-Aug-2024""","date_collected","Tabobo-An","Odiongan","Romblon-Odiongan","Romblon","Romblon","MIMIROPA","Mimaropa Region",12.3661296017299,121.992456948138,"speedier",NA,NA,0.9879,"Canis lupus familiaris","Dog","Domestic","Luzon","RADDL4B-24-117"
"RADDL4B-24-120","M-106",NA,"Dog",NA,"=""20-Sep-2024""","date_collected","Mainit","Boac","Marinduque-Boac","Marinduque","Marinduque","MIMIROPA","Mimaropa Region",13.40855837,121.8831096,"speedier",NA,NA,0.9886,"Canis lupus familiaris","Dog","Domestic","Luzon","RADDL4B-24-120"
"RADDL4B-24-121","M-107",NA,"Dog",NA,"=""20-Sep-2024""","date_collected","Barangay II","Buenavista","Marinduque-Buenavista","Marinduque","Marinduque","MIMIROPA","Mimaropa Region",13.25463205,121.9448458,"speedier",NA,NA,0.9882,"Canis lupus familiaris","Dog","Domestic","Luzon","RADDL4B-24-121"
"RADDL4B-24-122","M-108",NA,"Dog",NA,"=""20-Oct-2024""","date_collected","Bangbangalon","Boac","Marinduque-Boac","Marinduque","Marinduque","MIMIROPA","Mimaropa Region",13.43848981,121.8276107,"speedier",NA,NA,0.988,"Canis lupus familiaris","Dog","Domestic","Luzon","RADDL4B-24-122"
"RADDL4B-24-124","M-110",NA,"Dog",NA,"=""13-May-2024""","date_collected","Yook","Buenavista","Marinduque-Buenavista","Marinduque","Marinduque","MIMIROPA","Mimaropa Region",13.22428692,121.9851771,"speedier",NA,NA,0.9889,"Canis lupus familiaris","Dog","Domestic","Luzon","RADDL4B-24-124"
"RADDL4B-24-125","M-111",NA,"Dog",NA,"=""13-May-2024""","date_collected","Yook","Buenavista","Marinduque-Buenavista","Marinduque","Marinduque","MIMIROPA","Mimaropa Region",13.22428692,121.9851771,"speedier",NA,NA,0.9871773383,"Canis lupus familiaris","Dog","Domestic","Luzon","RADDL4B-24-125"
"RADDL4B-24-127","M-113",NA,"Dog",NA,"=""16-May-2024""","date_collected","Caigangan","Buenavista","Marinduque-Buenavista","Marinduque","Marinduque","MIMIROPA","Mimaropa Region",13.26212226,121.9342731,"speedier",NA,NA,0.9706671136,"Canis lupus familiaris","Dog","Domestic","Luzon","RADDL4B-24-127"
"RADDL4B-24-138","R-109",NA,"Dog",NA,"=""20-Jun-2024""","date_collected","Agutay","Magdiwang","Romblon-Magdiwang","Romblon","Romblon","MIMIROPA","Mimaropa Region",12.4602661224461,122.448777181916,"speedier",NA,NA,0.9877,"Canis lupus familiaris","Dog","Domestic","Luzon","RADDL4B-24-138"
"RADDL4B-24-151","M-124",NA,"Dog",NA,"=""08-Jul-2024""","date_collected","Angas","Santa Cruz","Marinduque-Santa Cruz","Marinduque","Marinduque","MIMIROPA","Mimaropa Region",13.440175,122.105919,"speedier",NA,NA,0.9144317801,"Canis lupus familiaris","Dog","Domestic","Luzon","RADDL4B-24-151"
"RADDL4B-24-153","OM-92",NA,"Dog",NA,"=""25-Jul-2024""","date_collected","Camilmil","Calapan City","Oriental Mindoro-Calapan City","Oriental Mindoro","Oriental Mindoro","MIMIROPA","Mimaropa Region",13.40118777,121.1833225,"speedier",NA,NA,0.9708,"Canis lupus familiaris","Dog","Domestic","Luzon","RADDL4B-24-153"
"RADDL4B-24-154","R-111",NA,"Dog",NA,"=""15-Jul-2024""","date_collected","Cambajao","Cajidiocan","Romblon-Cajidiocan","Romblon","Romblon","MIMIROPA","Mimaropa Region",12.3683040199771,122.669872643641,"speedier",NA,NA,0.9878,"Canis lupus familiaris","Dog","Domestic","Luzon","RADDL4B-24-154"
"RADDL4B-24-155","R-110",NA,"Dog",NA,"=""11-Jul-2024""","date_collected","Taclobo","San Fernando","Romblon-San Fernando","Romblon","Romblon","MIMIROPA","Mimaropa Region",12.3622272502327,122.575373756321,"speedier",NA,NA,0.9877,"Canis lupus familiaris","Dog","Domestic","Luzon","RADDL4B-24-155"
"RADDL4B-24-156","R-113",NA,"Dog",NA,"=""26-Jul-2024""","date_collected","Calagonsao","Alcantara","Romblon-Alcantara","Romblon","Romblon","MIMIROPA","Mimaropa Region",12.3475553588476,122.079254920785,"speedier",NA,NA,0.971,"Canis lupus familiaris","Dog","Domestic","Luzon","RADDL4B-24-156"
"RADDL4B-24-157","R-112",NA,"Dog",NA,"=""08-Jul-2024""","date_collected","San Isidro","Alcantara","Romblon-Alcantara","Romblon","Romblon","MIMIROPA","Mimaropa Region",12.2919290027811,122.052741797624,"speedier",NA,NA,0.9531,"Canis lupus familiaris","Dog","Domestic","Luzon","RADDL4B-24-157"
"RADDL4B-24-162","OM-75",NA,"Dog",NA,"=""27-Sep-2024""","date_collected","Ilaya","Calapan City","Oriental Mindoro-Calapan City","Oriental Mindoro","Oriental Mindoro","MIMIROPA","Mimaropa Region",13.41158277,121.1938885,"speedier",NA,NA,0.9878478042,"Canis lupus familiaris","Dog","Domestic","Luzon","RADDL4B-24-162"
"RADDL4B-24-173","OM-80",NA,"Dog",NA,"=""20-Aug-2024""","date_collected","Poblacion IV","Victoria","Oriental Mindoro-Baco","Oriental Mindoro","Oriental Mindoro","MIMIROPA","Mimaropa Region",13.19101365,121.2841142,"speedier",NA,NA,0.9285,"Canis lupus familiaris","Dog","Domestic","Luzon","RADDL4B-24-173"
"RADDL4B-24-174","OM-81",NA,"Dog",NA,"=""22-Nov-2024""","date_collected","Maligaya","Gloria","Oriental Mindoro-Baco","Oriental Mindoro","Oriental Mindoro","MIMIROPA","Mimaropa Region",12.97843859,121.4769904,"speedier",NA,NA,0.954,"Canis lupus familiaris","Dog","Domestic","Luzon","RADDL4B-24-174"
"RADDL4B-24-178","M-132",NA,"Dog",NA,"=""15-Jul-2024""","date_collected","Barangay I","Buenavista","Marinduque-Buenavista","Marinduque","Marinduque","MIMIROPA","Mimaropa Region",13.255314,121.940796,"speedier",NA,NA,0.9875,"Canis lupus familiaris","Dog","Domestic","Luzon","RADDL4B-24-178"
"RADDL4B-24-180","M-131",NA,"Dog",NA,"=""22-Aug-2024""","date_collected","Sawi","Boac","Marinduque-Boac","Marinduque","Marinduque","MIMIROPA","Mimaropa Region",13.440701,121.854599,"speedier",NA,NA,0.9884,"Canis lupus familiaris","Dog","Domestic","Luzon","RADDL4B-24-180"
"RADDL4B-24-181","M-134",NA,"Dog",NA,"=""09-Sep-2024""","date_collected","Yook","Buenavista","Marinduque-Buenavista","Marinduque","Marinduque","MIMIROPA","Mimaropa Region",13.223896,121.981628,"speedier",NA,NA,0.9882,"Canis lupus familiaris","Dog","Domestic","Luzon","RADDL4B-24-181"
"RADDL4B-24-183","M-127",NA,"Dog",NA,"=""20-Nov-2024""","date_collected","Tawiran","Santa Cruz","Marinduque-Santa Cruz","Marinduque","Marinduque","MIMIROPA","Mimaropa Region",13.462624,122.076691,"speedier",NA,NA,0.9325,"Canis lupus familiaris","Dog","Domestic","Luzon","RADDL4B-24-183"
"RADDL4B-24-184","M-135",NA,"Dog",NA,"=""19-Nov-2024""","date_collected","Bangbang","Gasan","Marinduque-Gasan","Marinduque","Marinduque","MIMIROPA","Mimaropa Region",13.343593,121.838409,"speedier",NA,NA,0.9887696949,"Canis lupus familiaris","Dog","Domestic","Luzon","RADDL4B-24-184"
"RADDL4B-24-185","R-121",NA,"Dog",NA,"=""20-Nov-2024""","date_collected","Poblacion","Cajidiocan","Romblon-Cajidiocan","Romblon","Romblon","MIMIROPA","Mimaropa Region",12.3738159498218,122.680201141506,"speedier",NA,NA,0.9875,"Canis lupus familiaris","Dog","Domestic","Luzon","RADDL4B-24-185"
"RADDL4B-24-186","R-120",NA,"Dog",NA,"=""20-Dec-2024""","date_collected","Poblacion","Magdiwang","Romblon-Magdiwang","Romblon","Romblon","MIMIROPA","Mimaropa Region",12.4908099892792,122.508178781622,"speedier",NA,NA,0.9358,"Canis lupus familiaris","Dog","Domestic","Luzon","RADDL4B-24-186"
"RADDL4B-24-187","R-122",NA,"Dog",NA,"=""20-Nov-2024""","date_collected","Poblacion","Magdiwang","Romblon-Magdiwang","Romblon","Romblon","MIMIROPA","Mimaropa Region",12.4908099892792,122.508178781622,"speedier",NA,NA,0.9886,"Canis lupus familiaris","Dog","Domestic","Luzon","RADDL4B-24-187"
"RADDL4B-24-188","R-119",NA,"Dog",NA,"=""29-Nov-2024""","date_collected","Ipil","Magdiwang","Romblon-Magdiwang","Romblon","Romblon","MIMIROPA","Mimaropa Region",12.473056623118,122.475619478547,"speedier",NA,NA,0.9878,"Canis lupus familiaris","Dog","Domestic","Luzon","RADDL4B-24-188"
"RADDL4B-25-005","M-137",NA,"Dog",NA,"=""17-Dec-2024""","date_collected","Bahi","Gasan","Marinduque-Gasan","Marinduque","Marinduque","MIMIROPA","Mimaropa Region",13.368669,121.834976,"speedier",NA,NA,0.9537,"Canis lupus familiaris","Dog","Domestic","Luzon","RADDL4B-25-005"
"RADDL4B-25-006","M-138",NA,"Dog",NA,"=""20-Dec-2024""","date_collected","Ihatub","Boac","Marinduque-Boac","Marinduque","Marinduque","MIMIROPA","Mimaropa Region",13.425975,121.829941,"speedier",NA,NA,0.9537,"Canis lupus familiaris","Dog","Domestic","Luzon","RADDL4B-25-006"
"RADDL4B-25-008","M-140",NA,"Cow",NA,"=""04-Jan-2025""","date_collected","Bocboc","Mogpog","Marinduque-Mogpog","Marinduque","Marinduque","MIMIROPA","Mimaropa Region",13.471229,121.931534,"speedier",NA,NA,0.9539,"Bos taurus","Cow","Livestock","Luzon","RADDL4B-25-008"
"RADDL4B-25-009","M-141",NA,"Dog",NA,"=""09-Jan-2025""","date_collected","Bunganay","Boac","Marinduque-Boac","Marinduque","Marinduque","MIMIROPA","Mimaropa Region",13.397696,121.847771,"speedier",NA,NA,0.9313,"Canis lupus familiaris","Dog","Domestic","Luzon","RADDL4B-25-009"
"RADDL4B-25-017","OC-16",NA,"Dog",NA,"=""07-Mar-2025""","date_collected","Rumbang","Rizal","Occidental Mindoro-Rizal","Occidental Mindoro","Occidental Mindoro","MIMIROPA","Mimaropa Region",12.4726457,120.967584,"speedier",NA,NA,0.9869,"Canis lupus familiaris","Dog","Domestic","Luzon","RADDL4B-25-017"
"RADDL4B-25-022","R-127",NA,"Dog",NA,"=""20-Dec-2025""","date_collected","Poblacion","Ferrol","Romblon-Ferrol","Romblon","Romblon","MIMIROPA","Mimaropa Region",12.3364554134232,121.947095097053,"speedier",NA,NA,0.9661414683,"Canis lupus familiaris","Dog","Domestic","Luzon","RADDL4B-25-022"
"RADDL4B-25-032","OM-102",NA,"Dog",NA,"=""06-Jun-2025""","date_collected","Balete","Gloria","Oriental Mindoro-Baco","Oriental Mindoro","Oriental Mindoro","MIMIROPA","Mimaropa Region",12.93990519,121.4763888,"speedier",NA,NA,0.9668957425,"Canis lupus familiaris","Dog","Domestic","Luzon","RADDL4B-25-032"
"RADDL4B-25-039","OM-109",NA,"Dog",NA,"=""21-Jul-2025""","date_collected","Parang","Calapan City","Oriental Mindoro-Calapan City","Oriental Mindoro","Oriental Mindoro","MIMIROPA","Mimaropa Region",13.40593075,121.2126546,"speedier",NA,NA,0.9356352665,"Canis lupus familiaris","Dog","Domestic","Luzon","RADDL4B-25-039"
"RADDL5-005",NA,NA,"Canis familiaris",NA,"=""30-Jan-2015""","date_collected","San Nicolas","Iriga  City","Camarines Sur-Bato","Camarines Sur","Camarines Sur","Bicol Region","Region V (Bicol Region)",13.44838237,123.4332975,"phd",NA,NA,NA,"Canis lupus familiaris","Dog","Domestic","Luzon","RADDL5-005"
"REGION_5_2018-100",NA,NA,"Dog",NA,"=""27-Mar-2018""","date_collected","ZONE 1","LIBON","Albay-Libon","ALBAY","Albay","Bicol (V)","Region V (Bicol Region)",NA,NA,"2018_workshop",NA,NA,NA,"Canis lupus familiaris","Dog","Domestic","Luzon","REGION_5_2018-100"
"REGION_5_2018-304",NA,NA,"Dog",NA,"=""25-Oct-2018""","date_collected","SAN ROQUE","DARAGA","Albay-Daraga","ALBAY","Albay","Bicol (V)","Region V (Bicol Region)",NA,NA,"2018_workshop",NA,NA,NA,"Canis lupus familiaris","Dog","Domestic","Luzon","REGION_5_2018-304"
"REGION_5_2018-311",NA,NA,"Dog",NA,"=""13-Nov-2018""","date_collected","BARIIS","TIWI","Albay-Tiwi","ALBAY","Albay","Bicol (V)","Region V (Bicol Region)",NA,NA,"2018_workshop",NA,NA,NA,"Canis lupus familiaris","Dog","Domestic","Luzon","REGION_5_2018-311"
"REGION_5_2018-50",NA,NA,"Dog",NA,"=""20-Dec-2018""","date_collected","BASAG","LIGAO","Albay-Oas","ALBAY","Albay","Bicol (V)","Region V (Bicol Region)",NA,NA,"2018_workshop",NA,NA,NA,"Canis lupus familiaris","Dog","Domestic","Luzon","REGION_5_2018-50"
"REGION_5_2019-1",NA,NA,"Dog",NA,"=""20-Mar-2019""","date_collected","PANAL","TABACO","Albay-Oas","ALBAY","Albay","Bicol (V)","Region V (Bicol Region)",NA,NA,"2018_workshop",NA,NA,NA,"Canis lupus familiaris","Dog","Domestic","Luzon","REGION_5_2019-1"
"REGION_5_2019-13",NA,NA,"Dog",NA,"=""17-Jan-2019""","date_collected","BATANG","LIGAO","Albay-Oas","ALBAY","Albay","Bicol (V)","Region V (Bicol Region)",NA,NA,"2018_workshop",NA,NA,NA,"Canis lupus familiaris","Dog","Domestic","Luzon","REGION_5_2019-13"
"Z-05-102",NA,NA,"Canis familiaris",NA,"=""21-Feb-2005""","date_collected","","Muntinlupa","Metropolitan Manila-Muntinlupa","Metropolitan Manila","Metropolitan Manila","National Capital Region (NCR)","National Capital Region (NCR)",14.40197636,121.0327847,"phd",NA,NA,NA,"Canis lupus familiaris","Dog","Domestic","Luzon","Z-05-102"
"Z-05-191",NA,NA,"Canis familiaris",NA,"=""10-Apr-2005""","date_collected","Lower Bicutan","Taguig","Metropolitan Manila-Taguig","Metropolitan Manila","Metropolitan Manila","National Capital Region (NCR)","National Capital Region (NCR)",14.51469695,121.0660524,"phd",NA,NA,NA,"Canis lupus familiaris","Dog","Domestic","Luzon","Z-05-191"
"Z-05-557",NA,NA,"Canis familiaris",NA,"=""03-Dec-2005""","date_collected","Rizal","Makati City","Metropolitan Manila-Makati City","Metropolitan Manila","Metropolitan Manila","National Capital Region (NCR)","National Capital Region (NCR)",14.54943127,121.0335906,"phd",NA,NA,NA,"Canis lupus familiaris","Dog","Domestic","Luzon","Z-05-557"
"Z-05-96",NA,NA,"Canis familiaris",NA,"=""17-Feb-2005""","date_collected","Maywood Sucat","Parañaque","Metropolitan Manila-Parañaque","Metropolitan Manila","Metropolitan Manila","National Capital Region (NCR)","National Capital Region (NCR)",14.48357034,121.0147858,"phd",NA,NA,NA,"Canis lupus familiaris","Dog","Domestic","Luzon","Z-05-96"
"Z-06-150",NA,NA,"Canis familiaris",NA,"=""24-Apr-2006""","date_collected","Balete","Batangas  City","Batangas-Lian","Batangas","Batangas","Calabarzon","Region IV-A (Calabarzon)",13.7207195,121.103796,"phd",NA,NA,NA,"Canis lupus familiaris","Dog","Domestic","Luzon","Z-06-150"
"Z-06-295",NA,NA,"Canis familiaris",NA,"=""22-Jul-2006""","date_collected","Lucsuhin","Calatagan","Batangas-Lian","Batangas","Batangas","Calabarzon","Region IV-A (Calabarzon)",13.86384068,120.6585868,"phd",NA,NA,NA,"Canis lupus familiaris","Dog","Domestic","Luzon","Z-06-295"
"Z-06-39",NA,NA,"Canis familiaris",NA,"=""26-Jan-2006""","date_collected","Ambulong","Tanauan","Batangas-Bauan","Batangas","Batangas","Calabarzon","Region IV-A (Calabarzon)",14.09625533,121.0970452,"phd",NA,NA,NA,"Canis lupus familiaris","Dog","Domestic","Luzon","Z-06-39"
"Z-07-07",NA,NA,"Canis familiaris",NA,"=""08-Jan-2007""","date_collected","Molino 6","General Trias","Cavite-General Trias","Cavite","Cavite","Calabarzon","Region IV-A (Calabarzon)",14.32966619,120.8999068,"phd",NA,NA,NA,"Canis lupus familiaris","Dog","Domestic","Luzon","Z-07-07"
"Z-07-351",NA,NA,"Canis familiaris",NA,"=""25-Oct-2007""","date_collected","-","Taguig","Metropolitan Manila-Taguig","Metropolitan Manila","Metropolitan Manila","National Capital Region (NCR)","National Capital Region (NCR)",14.51469695,121.0660524,"phd",NA,NA,NA,"Canis lupus familiaris","Dog","Domestic","Luzon","Z-07-351"
"Z-07-366",NA,NA,"Canis familiaris",NA,"=""12-Nov-2007""","date_collected","Wawa","Lipa City","Batangas-Lipa City","Batangas","Batangas","Calabarzon","Region IV-A (Calabarzon)",13.94086577,121.1746864,"phd",NA,NA,NA,"Canis lupus familiaris","Dog","Domestic","Luzon","Z-07-366"
"Z-07-38",NA,NA,"Canis familiaris",NA,"=""02-May-2007""","date_collected","Timbol","Bacoor","Cavite-Bacoor","Cavite","Cavite","Calabarzon","Region IV-A (Calabarzon)",14.41614393,120.9704734,"phd",NA,NA,NA,"Canis lupus familiaris","Dog","Domestic","Luzon","Z-07-38"
"Z-07-387",NA,NA,"Canis familiaris",NA,"=""07-Dec-2007""","date_collected","Bagong Liing","San Antonio","Quezon-San Antonio","Quezon","Quezon","Calabarzon","Region IV-A (Calabarzon)",13.89985141,121.2980234,"phd",NA,NA,NA,"Canis lupus familiaris","Dog","Domestic","Luzon","Z-07-387"
"Z-07-398",NA,NA,"Canis familiaris",NA,"=""19-Dec-2007""","date_collected","Paciano Rizal","Calamba City","Laguna-Calamba City","Laguna","Laguna","Calabarzon","Region IV-A (Calabarzon)",14.18862277,121.1242055,"phd",NA,NA,NA,"Canis lupus familiaris","Dog","Domestic","Luzon","Z-07-398"
"Z-07-403",NA,NA,"Canis familiaris",NA,"=""22-Dec-2007""","date_collected","Sampagutia Exit","Lucena","Quezon-Real","Quezon","Quezon","Calabarzon","Region IV-A (Calabarzon)",13.93834754,121.6153593,"phd",NA,NA,NA,"Canis lupus familiaris","Dog","Domestic","Luzon","Z-07-403"
"Z-07-407",NA,NA,"Canis familiaris",NA,"=""26-Dec-2007""","date_collected","Southland Talon 1","Las Piñas","Metropolitan Manila-Las Piñas","Metropolitan Manila","Metropolitan Manila","National Capital Region (NCR)","National Capital Region (NCR)",14.4423825,120.9940879,"phd",NA,NA,NA,"Canis lupus familiaris","Dog","Domestic","Luzon","Z-07-407"
"Z-08-351",NA,NA,"Canis familiaris",NA,"=""12-Dec-2008""","date_collected","-","General Mariano Alvarez","Cavite-General Mariano Alvarez","Cavite","Cavite","Calabarzon","Region IV-A (Calabarzon)",14.30698662,121.0184177,"phd",NA,NA,NA,"Canis lupus familiaris","Dog","Domestic","Luzon","Z-08-351"
"Z-08-359",NA,NA,"Canis familiaris",NA,"=""25-Dec-2008""","date_collected","San Lucas II","San Pablo City","Laguna-San Pablo City","Laguna","Laguna","Calabarzon","Region IV-A (Calabarzon)",14.05146733,121.3315598,"phd",NA,NA,NA,"Canis lupus familiaris","Dog","Domestic","Luzon","Z-08-359"
"Z-09-94",NA,NA,"Canis familiaris",NA,"=""08-Apr-2009""","date_collected","Brgy 191","Pasay  City","Metropolitan Manila-Pasay City","Metropolitan Manila","Metropolitan Manila","National Capital Region (NCR)","National Capital Region (NCR)",14.53080944,121.0041508,"phd",NA,NA,NA,"Canis lupus familiaris","Dog","Domestic","Luzon","Z-09-94"
"Z-12-001",NA,NA,"Dog",NA,"=""20-Jan-2012""","date_collected","Sinalhan","Sta. Rosa City","Laguna-Santa Rosa City","Laguna","Laguna","Calabarzon (IV-A)","Calabarzon (Iv-A)",NA,NA,"2018_workshop",NA,NA,NA,"Canis lupus familiaris","Dog","Domestic",NA,"Z-12-001"
"Z-12-012",NA,NA,"Canis familiaris",NA,"=""16-Jan-2012""","date_collected","Sulpoc","Tanauan","Batangas-Bauan","Batangas","Batangas","Calabarzon","Region IV-A (Calabarzon)",14.09625533,121.0970452,"phd",NA,NA,NA,"Canis lupus familiaris","Dog","Domestic","Luzon","Z-12-012"
"Z-12-029",NA,NA,"Canis familiaris",NA,"=""03-Feb-2012""","date_collected","Sss Village","Marikina","Metropolitan Manila-Manila","Metropolitan Manila","Metropolitan Manila","National Capital Region (NCR)","National Capital Region (NCR)",14.64718362,121.1030131,"phd",NA,NA,NA,"Canis lupus familiaris","Dog","Domestic","Luzon","Z-12-029"
"Z-12-060",NA,NA,"Canis familiaris",NA,"=""25-Feb-2012""","date_collected","F.De Castro","General Mariano Alvarez","Cavite-General Mariano Alvarez","Cavite","Cavite","Calabarzon","Region IV-A (Calabarzon)",14.30698662,121.0184177,"phd",NA,NA,NA,"Canis lupus familiaris","Dog","Domestic","Luzon","Z-12-060"
"Z-12-088",NA,NA,"Dog",NA,"=""29-Mar-2012""","date_collected","TS Cruz Subd.","Las Pinas City","Metropolitan Manila-Pasay City","Metropolitan Manila","Metropolitan Manila","National Capital Region (NCR)","National Capital Region (NCR)",NA,NA,"2018_workshop; manual_correction",NA,NA,NA,"Canis lupus familiaris","Dog","Domestic","Luzon","Z-12-088"
"Z-12-118",NA,NA,"Dog",NA,"=""31-May-2012""","date_collected","Bacao 2","Gen. Trias","Cavite-Imus","Cavite","Cavite","Calabarzon (IV-A)","Calabarzon (Iv-A)",NA,NA,"2018_workshop",NA,NA,NA,"Canis lupus familiaris","Dog","Domestic",NA,"Z-12-118"
"Z-12-134",NA,NA,"Dog",NA,"=""18-Jun-2012""","date_collected","Pag-asa","Imus","Cavite-Imus","Cavite","Cavite","Calabarzon (IV-A)","Calabarzon (Iv-A)",NA,NA,"2018_workshop",NA,NA,NA,"Canis lupus familiaris","Dog","Domestic",NA,"Z-12-134"
"Z-12-149",NA,NA,"Canis familiaris",NA,"=""28-Jun-2012""","date_collected","Palayan","Pinamalayan","Oriental Mindoro-Baco","Oriental Mindoro","Oriental Mindoro","Southwestern Tagalog Region","Mimaropa Region",13.02301767,121.4031803,"phd",NA,NA,NA,"Canis lupus familiaris","Dog","Domestic","Luzon","Z-12-149"
"Z-12-208",NA,NA,"Canis familiaris",NA,"=""02-Oct-2012""","date_collected","De Paro St.","Kalookan  City","Metropolitan Manila-Taguig","Metropolitan Manila","Metropolitan Manila","National Capital Region (NCR)","National Capital Region (NCR)",14.74647256,121.0486805,"phd",NA,NA,NA,"Canis lupus familiaris","Dog","Domestic","Luzon","Z-12-208"
"Z-12-212",NA,NA,"Dog",NA,"=""20-Apr-2012""","date_collected","-","Bauan","Batangas-Tuy","Batangas","Batangas","Calabarzon (IV-A)","Calabarzon (Iv-A)",NA,NA,"2018_workshop",NA,NA,NA,"Canis lupus familiaris","Dog","Domestic",NA,"Z-12-212"
"Z-13-002",NA,NA,"Dog",NA,"=""20-Feb-2013""","date_collected","BF International","Las Pinas City","Metropolitan Manila-Pasay City","Metropolitan Manila","Metropolitan Manila","National Capital Region (NCR)","National Capital Region (NCR)",NA,NA,"2018_workshop; manual_correction",NA,NA,NA,"Canis lupus familiaris","Dog","Domestic","Luzon","Z-13-002"
"Z-13-009",NA,NA,"Dog",NA,"=""19-Jan-2013""","date_collected","Paradahan I","Tanza","Cavite-Tanza","Cavite","Cavite","Calabarzon (IV-A)","Calabarzon (Iv-A)",NA,NA,"2018_workshop",NA,NA,NA,"Canis lupus familiaris","Dog","Domestic",NA,"Z-13-009"
"Z-13-020",NA,NA,"Canis familiaris",NA,"=""02-Feb-2013""","date_collected","Sucat","Muntinlupa","Metropolitan Manila-Muntinlupa","Metropolitan Manila","Metropolitan Manila","National Capital Region (NCR)","National Capital Region (NCR)",14.40197636,121.0327847,"phd",NA,NA,NA,"Canis lupus familiaris","Dog","Domestic","Luzon","Z-13-020"
"Z-13-032",NA,NA,"Canis familiaris",NA,"=""14-Feb-2013""","date_collected","Lower Bicutan","Taguig","Metropolitan Manila-Taguig","Metropolitan Manila","Metropolitan Manila","National Capital Region (NCR)","National Capital Region (NCR)",14.51469695,121.0660524,"phd",NA,NA,NA,"Canis lupus familiaris","Dog","Domestic","Luzon","Z-13-032"
"Z-13-036",NA,NA,"Canis familiaris",NA,"=""25-Feb-2013""","date_collected","Upper Bicutan","Taguig","Metropolitan Manila-Taguig","Metropolitan Manila","Metropolitan Manila","National Capital Region (NCR)","National Capital Region (NCR)",14.51469695,121.0660524,"phd",NA,NA,NA,"Canis lupus familiaris","Dog","Domestic","Luzon","Z-13-036"
"Z-13-065",NA,NA,"Canis familiaris",NA,"=""04-Apr-2013""","date_collected","Dumuclay North","Batangas  City","Batangas-Lian","Batangas","Batangas","Calabarzon","Region IV-A (Calabarzon)",13.7207195,121.103796,"phd",NA,NA,NA,"Canis lupus familiaris","Dog","Domestic","Luzon","Z-13-065"
"Z-13-066",NA,NA,"Canis familiaris",NA,"=""05-Apr-2013""","date_collected","Bayan Luma","Imus","Cavite-Imus","Cavite","Cavite","Calabarzon","Region IV-A (Calabarzon)",14.39822975,120.9319992,"phd",NA,NA,NA,"Canis lupus familiaris","Dog","Domestic","Luzon","Z-13-066"
"Z-13-071",NA,NA,"Canis familiaris",NA,"=""10-Apr-2013""","date_collected","Golden Acres","Las Piñas","Metropolitan Manila-Las Piñas","Metropolitan Manila","Metropolitan Manila","National Capital Region (NCR)","National Capital Region (NCR)",14.4423825,120.9940879,"phd",NA,NA,NA,"Canis lupus familiaris","Dog","Domestic","Luzon","Z-13-071"
"Z-13-073",NA,NA,"Canis familiaris",NA,"=""12-Apr-2013""","date_collected","Bf Homes","Parañaque","Metropolitan Manila-Parañaque","Metropolitan Manila","Metropolitan Manila","National Capital Region (NCR)","National Capital Region (NCR)",14.48357034,121.0147858,"phd",NA,NA,NA,"Canis lupus familiaris","Dog","Domestic","Luzon","Z-13-073"
"Z-13-081",NA,NA,"Canis familiaris",NA,"=""25-Apr-2013""","date_collected","Sto. Angel Norte","Santa Cruz","Laguna-Santa Cruz","Laguna","Laguna","Calabarzon","Region IV-A (Calabarzon)",14.26443013,121.4040122,"phd",NA,NA,NA,"Canis lupus familiaris","Dog","Domestic","Luzon","Z-13-081"
"Z-13-086",NA,NA,"Canis familiaris",NA,"=""03-May-2013""","date_collected","San Carlos","Binangonan","Rizal-Binangonan","Rizal","Rizal","Calabarzon","Region IV-A (Calabarzon)",14.49353136,121.1932147,"phd",NA,NA,NA,"Canis lupus familiaris","Dog","Domestic","Luzon","Z-13-086"
"Z-13-089",NA,NA,"Canis familiaris",NA,"=""04-May-2013""","date_collected","Malainen Luma","Naic","Cavite-Naic","Cavite","Cavite","Calabarzon","Region IV-A (Calabarzon)",14.29182513,120.7960137,"phd",NA,NA,NA,"Canis lupus familiaris","Dog","Domestic","Luzon","Z-13-089"
"Z-13-094",NA,NA,"Canis familiaris",NA,"=""10-May-2013""","date_collected","Palico II","Imus","Cavite-Imus","Cavite","Cavite","Calabarzon","Region IV-A (Calabarzon)",14.39822975,120.9319992,"phd",NA,NA,NA,"Canis lupus familiaris","Dog","Domestic","Luzon","Z-13-094"
"Z-13-096",NA,NA,"Felis catus",NA,"=""12-May-2013""","date_collected","Bf International","Las Piñas","Metropolitan Manila-Las Piñas","Metropolitan Manila","Metropolitan Manila","National Capital Region (NCR)","National Capital Region (NCR)",14.4423825,120.9940879,"phd",NA,NA,NA,"Felis catus","Cat","Domestic","Luzon","Z-13-096"
"Z-13-098",NA,NA,"Canis familiaris",NA,"=""13-May-2013""","date_collected","-","San Juan","Metropolitan Manila-San Juan","Metropolitan Manila","Metropolitan Manila","National Capital Region (NCR)","National Capital Region (NCR)",14.60295528,121.0338172,"phd",NA,NA,NA,"Canis lupus familiaris","Dog","Domestic","Luzon","Z-13-098"
"Z-13-134",NA,NA,"Canis familiaris",NA,"=""10-Jun-2013""","date_collected","Sto. Nino Vill.,Tunasan","Muntinlupa","Metropolitan Manila-Muntinlupa","Metropolitan Manila","Metropolitan Manila","National Capital Region (NCR)","National Capital Region (NCR)",14.40197636,121.0327847,"phd",NA,NA,NA,"Canis lupus familiaris","Dog","Domestic","Luzon","Z-13-134"
"Z-13-135",NA,NA,"Canis familiaris",NA,"=""12-Jun-2013""","date_collected","Alulod","Indang","Cavite-Indang","Cavite","Cavite","Calabarzon","Region IV-A (Calabarzon)",14.18917642,120.8713283,"phd",NA,NA,NA,"Canis lupus familiaris","Dog","Domestic","Luzon","Z-13-135"
"Z-13-161",NA,NA,"Canis familiaris",NA,"=""20-Jul-2013""","date_collected","Pansol","Calamba City","Laguna-Calamba City","Laguna","Laguna","Calabarzon","Region IV-A (Calabarzon)",14.18862277,121.1242055,"phd",NA,NA,NA,"Canis lupus familiaris","Dog","Domestic","Luzon","Z-13-161"
"Z-13-171",NA,NA,"Canis familiaris",NA,"=""05-Aug-2013""","date_collected","Pinamocan Silangan","Batangas  City","Batangas-Lian","Batangas","Batangas","Calabarzon","Region IV-A (Calabarzon)",13.7207195,121.103796,"phd",NA,NA,NA,"Canis lupus familiaris","Dog","Domestic","Luzon","Z-13-171"
"Z-13-184",NA,NA,"Canis familiaris",NA,"=""29-Aug-2013""","date_collected","Tabangaw","Batangas  City","Batangas-Lian","Batangas","Batangas","Calabarzon","Region IV-A (Calabarzon)",13.7207195,121.103796,"phd",NA,NA,NA,"Canis lupus familiaris","Dog","Domestic","Luzon","Z-13-184"
"Z-13-204",NA,NA,"Canis familiaris",NA,"=""26-Sep-2013""","date_collected","Dayap","Calauan","Laguna-Bay","Laguna","Laguna","Calabarzon","Region IV-A (Calabarzon)",14.13318557,121.2951683,"phd",NA,NA,NA,"Canis lupus familiaris","Dog","Domestic","Luzon","Z-13-204"
"Z-13-216",NA,NA,"Canis familiaris",NA,"=""25-Oct-2013""","date_collected","Bgy. 2","Mamburao","Occidental Mindoro-Looc","Occidental Mindoro","Occidental Mindoro","Southwestern Tagalog Region","Mimaropa Region",13.25401504,120.6612766,"phd",NA,NA,NA,"Canis lupus familiaris","Dog","Domestic","Luzon","Z-13-216"
"Z-13-234",NA,NA,"Canis familiaris",NA,"=""15-Nov-2013""","date_collected","Mayapa","Calamba City","Laguna-Calamba City","Laguna","Laguna","Calabarzon","Region IV-A (Calabarzon)",14.18862277,121.1242055,"phd",NA,NA,NA,"Canis lupus familiaris","Dog","Domestic","Luzon","Z-13-234"
"Z-13-259",NA,NA,"Canis familiaris",NA,"=""18-Dec-2013""","date_collected","Pound","Cavite  City","Cavite-Kawit","Cavite","Cavite","Calabarzon","Region IV-A (Calabarzon)",14.48021461,120.8978023,"phd",NA,NA,NA,"Canis lupus familiaris","Dog","Domestic","Luzon","Z-13-259"
"Z-14-023",NA,NA,"Canis familiaris",NA,"=""31-Jan-2014""","date_collected","Poblacion I","Santa Cruz","Laguna-Santa Cruz","Laguna","Laguna","Calabarzon","Region IV-A (Calabarzon)",14.26443013,121.4040122,"phd",NA,NA,NA,"Canis lupus familiaris","Dog","Domestic","Luzon","Z-14-023"
"Z-14-033",NA,NA,"Canis familiaris",NA,"=""07-Feb-2014""","date_collected","Bagumbayan, Zone 4","Atimonan","Quezon-Atimonan","Quezon","Quezon","Calabarzon","Region IV-A (Calabarzon)",13.98301338,121.8863992,"phd",NA,NA,NA,"Canis lupus familiaris","Dog","Domestic","Luzon","Z-14-033"
"Z-14-05",NA,NA,"Canis familiaris",NA,"=""05-Jan-2014""","date_collected","Pasong Camachile","General Trias","Cavite-General Trias","Cavite","Cavite","Calabarzon","Region IV-A (Calabarzon)",14.32966619,120.8999068,"phd",NA,NA,NA,"Canis lupus familiaris","Dog","Domestic","Luzon","Z-14-05"
"Z-14-058",NA,NA,"Canis familiaris",NA,"=""14-Mar-2014""","date_collected","-","Taytay","Rizal-Taytay","Rizal","Rizal","Calabarzon","Region IV-A (Calabarzon)",14.56080116,121.1315174,"phd",NA,NA,NA,"Canis lupus familiaris","Dog","Domestic","Luzon","Z-14-058"
"Z-14-098",NA,NA,"Canis familiaris",NA,"=""29-Apr-2014""","date_collected","Dita","Cuenca","Batangas-Cuenca","Batangas","Batangas","Calabarzon","Region IV-A (Calabarzon)",13.90952328,121.0537657,"phd",NA,NA,NA,"Canis lupus familiaris","Dog","Domestic","Luzon","Z-14-098"
"Z-14-101",NA,NA,"Canis familiaris",NA,"=""04-May-2014""","date_collected","Upper Bicutan","Taguig","Metropolitan Manila-Taguig","Metropolitan Manila","Metropolitan Manila","National Capital Region (NCR)","National Capital Region (NCR)",14.51469695,121.0660524,"phd",NA,NA,NA,"Canis lupus familiaris","Dog","Domestic","Luzon","Z-14-101"
"Z-14-106",NA,NA,"Felis catus",NA,"=""08-May-2014""","date_collected","Sta. Cruz","Cavite  City","Cavite-Kawit","Cavite","Cavite","Calabarzon","Region IV-A (Calabarzon)",14.48021461,120.8978023,"phd",NA,NA,NA,"Felis catus","Cat","Domestic","Luzon","Z-14-106"
"Z-14-126",NA,NA,"Canis familiaris",NA,"=""31-May-2014""","date_collected","Talon 5","Las Piñas","Metropolitan Manila-Las Piñas","Metropolitan Manila","Metropolitan Manila","National Capital Region (NCR)","National Capital Region (NCR)",14.4423825,120.9940879,"phd",NA,NA,NA,"Canis lupus familiaris","Dog","Domestic","Luzon","Z-14-126"
"Z-14-136",NA,NA,"Canis familiaris",NA,"=""11-Jun-2014""","date_collected","Parklane,San Francisco","General Trias","Cavite-General Trias","Cavite","Cavite","Calabarzon","Region IV-A (Calabarzon)",14.32966619,120.8999068,"phd",NA,NA,NA,"Canis lupus familiaris","Dog","Domestic","Luzon","Z-14-136"
"Z-14-138",NA,NA,"Dog",NA,"=""16-Jun-2014""","date_collected","Seacom Compd., Sucat","Paranaque City","Metropolitan Manila-Quezon City","Metropolitan Manila","Metropolitan Manila","National Capital Region (NCR)","National Capital Region (NCR)",NA,NA,"2018_workshop; manual_correction",NA,NA,NA,"Canis lupus familiaris","Dog","Domestic","Luzon","Z-14-138"
"Z-14-142",NA,NA,"Canis familiaris",NA,"=""21-Jun-2014""","date_collected","Mercedes Homes 3","Binan","Laguna-Bay","Laguna","Laguna","Calabarzon","Region IV-A (Calabarzon)",14.30526494,121.0647852,"phd",NA,NA,NA,"Canis lupus familiaris","Dog","Domestic","Luzon","Z-14-142"
"Z-14-146",NA,NA,"Dog",NA,"=""26-Jun-2014""","date_collected","Sampaga Centro","Batangas City","Batangas-Lian","Batangas","Batangas","Calabarzon (IV-A)","Calabarzon (Iv-A)",NA,NA,"2018_workshop",NA,NA,NA,"Canis lupus familiaris","Dog","Domestic",NA,"Z-14-146"
"Z-14-149",NA,NA,"Dog",NA,"=""28-Jun-2014""","date_collected","San Rafael","San Pablo City","Laguna-San Pablo City","Laguna","Laguna","Calabarzon (IV-A)","Calabarzon (Iv-A)",NA,NA,"2018_workshop",NA,NA,NA,"Canis lupus familiaris","Dog","Domestic",NA,"Z-14-149"
"Z-14-152",NA,NA,"Dog",NA,"=""20-Feb-2014""","date_collected","Tipas","Taguig City","Metropolitan Manila-Pasig City","Metropolitan Manila","Metropolitan Manila","National Capital Region (NCR)","National Capital Region (NCR)",NA,NA,"2018_workshop; manual_correction",NA,NA,NA,"Canis lupus familiaris","Dog","Domestic","Luzon","Z-14-152"
"Z-14-182",NA,NA,"Canis familiaris",NA,"=""20-Aug-2014""","date_collected","San Francisco","Pulilan","Bulacan-Pulilan","Bulacan","Bulacan","Central Luzon","Region III (Central Luzon)",14.91386664,120.8556301,"phd",NA,NA,NA,"Canis lupus familiaris","Dog","Domestic","Luzon","Z-14-182"
"Z-14-243",NA,NA,"Canis familiaris",NA,"=""13-Nov-2014""","date_collected","Bubukal St.","Santa Cruz","Laguna-Santa Cruz","Laguna","Laguna","Calabarzon","Region IV-A (Calabarzon)",14.26443013,121.4040122,"phd",NA,NA,NA,"Canis lupus familiaris","Dog","Domestic","Luzon","Z-14-243"
"Z-15-001",NA,NA,"Canis familiaris",NA,"=""01-Jan-2015""","date_collected","Bagumbayan","Pililla","Rizal-Pililla","Rizal","Rizal","Calabarzon","Region IV-A (Calabarzon)",14.4548703,121.3449535,"phd",NA,NA,NA,"Canis lupus familiaris","Dog","Domestic","Luzon","Z-15-001"
"Z-15-009",NA,NA,"Canis familiaris",NA,"=""16-Jan-2015""","date_collected","South Triangle","Quezon City","Metropolitan Manila-Quezon City","Metropolitan Manila","Metropolitan Manila","National Capital Region (NCR)","National Capital Region (NCR)",14.67428047,121.0574986,"phd",NA,NA,NA,"Canis lupus familiaris","Dog","Domestic","Luzon","Z-15-009"
"Z-15-019",NA,NA,"Dog",NA,"=""28-Jan-2015""","date_collected","Multinational Vill.","Paranaque City","Metropolitan Manila-Quezon City","Metropolitan Manila","Metropolitan Manila","National Capital Region (NCR)","National Capital Region (NCR)",NA,NA,"2018_workshop; manual_correction",NA,NA,NA,"Canis lupus familiaris","Dog","Domestic","Luzon","Z-15-019"
"Z-15-116",NA,NA,"Dog",NA,"=""17-Jun-2015""","date_collected","Purok 6, Landayan","San Pedro","Laguna-San Pedro","Laguna","Laguna","Calabarzon (IV-A)","Calabarzon (Iv-A)",NA,NA,"2018_workshop",NA,NA,NA,"Canis lupus familiaris","Dog","Domestic",NA,"Z-15-116"
"Z-15-130",NA,NA,"Dog",NA,"=""20-Jun-2015""","date_collected","Pinagtipunan","Gen. Trias","Cavite-Imus","Cavite","Cavite","Calabarzon (IV-A)","Calabarzon (Iv-A)",NA,NA,"2018_workshop",NA,NA,NA,"Canis lupus familiaris","Dog","Domestic",NA,"Z-15-130"
"Z-15-148",NA,NA,"Dog",NA,"=""20-Apr-2015""","date_collected","Upper Bicutan","Taguig","Metropolitan Manila-Taguig","Metropolitan Manila","Metropolitan Manila","National Capital Region (NCR)","National Capital Region (NCR)",NA,NA,"2018_workshop; manual_correction",NA,NA,NA,"Canis lupus familiaris","Dog","Domestic","Luzon","Z-15-148"
"Z-15-163",NA,NA,"Canis familiaris",NA,"=""05-Sep-2015""","date_collected","Panapaan 8","Bacoor","Cavite-Bacoor","Cavite","Cavite","Calabarzon","Region IV-A (Calabarzon)",14.41614393,120.9704734,"phd",NA,NA,NA,"Canis lupus familiaris","Dog","Domestic","Luzon","Z-15-163"
"Z-15-185",NA,NA,"Dog",NA,"=""18-Oct-2015""","date_collected","San Dionisio","Paranaque City","Metropolitan Manila-Quezon City","Metropolitan Manila","Metropolitan Manila","National Capital Region (NCR)","National Capital Region (NCR)",NA,NA,"2018_workshop; manual_correction",NA,NA,NA,"Canis lupus familiaris","Dog","Domestic","Luzon","Z-15-185"
"Z-16-013",NA,NA,"Dog",NA,"=""16-Jan-2016""","date_collected","PEA 2A, Langgam","San Pedro","Laguna-San Pedro","Laguna","Laguna","Calabarzon (IV-A)","Calabarzon (Iv-A)",NA,NA,"2018_workshop",NA,NA,NA,"Canis lupus familiaris","Dog","Domestic",NA,"Z-16-013"
"Z-16-082",NA,NA,"Canis familiaris",NA,"=""24-May-2016""","date_collected","Caingin","Santa Rosa City","Laguna-Santa Rosa City","Laguna","Laguna","Calabarzon","Region IV-A (Calabarzon)",14.27260264,121.0895167,"phd",NA,NA,NA,"Canis lupus familiaris","Dog","Domestic","Luzon","Z-16-082"
"Z-16-150",NA,NA,"Canis familiaris",NA,"=""05-Sep-2016""","date_collected","Putatan","Muntinlupa","Metropolitan Manila-Muntinlupa","Metropolitan Manila","Metropolitan Manila","National Capital Region (NCR)","National Capital Region (NCR)",14.40197636,121.0327847,"phd",NA,NA,NA,"Canis lupus familiaris","Dog","Domestic","Luzon","Z-16-150"
"Z-16-151",NA,NA,"Canis familiaris",NA,"=""05-Sep-2016""","date_collected","-","Carmona","Cavite-Carmona","Cavite","Cavite","Calabarzon","Region IV-A (Calabarzon)",14.29896527,121.0371349,"phd",NA,NA,NA,"Canis lupus familiaris","Dog","Domestic","Luzon","Z-16-151"
"Z-16-159",NA,NA,"Dog",NA,"=""20-Dec-2016""","date_collected","Capipisa","Tanza","Cavite-Tanza","Cavite","Cavite","Calabarzon (IV-A)","Calabarzon (Iv-A)",NA,NA,"2018_workshop",NA,NA,NA,"Canis lupus familiaris","Dog","Domestic",NA,"Z-16-159"
"Z-16-186",NA,NA,"Dog",NA,"=""20-Mar-2016""","date_collected","Woodrow Subd.,Bgy. Pasig","Antipolo City","Rizal-Antipolo City","Rizal","Rizal","Calabarzon (IV-A)","Calabarzon (Iv-A)",NA,NA,"2018_workshop",NA,NA,NA,"Canis lupus familiaris","Dog","Domestic",NA,"Z-16-186"
"Z-16-196",NA,NA,"Canis familiaris",NA,"=""23-Nov-2016""","date_collected","Sampaloc","Dasmariñas","Cavite-Dasmariñas","Cavite","Cavite","Calabarzon","Region IV-A (Calabarzon)",14.31850325,120.9657797,"phd",NA,NA,NA,"Canis lupus familiaris","Dog","Domestic","Luzon","Z-16-196"
"Z-16-209",NA,NA,"Canis familiaris",NA,"=""14-Dec-2016""","date_collected","Pahinga Sur","Candelaria","Quezon-Candelaria","Quezon","Quezon","Calabarzon","Region IV-A (Calabarzon)",13.94085961,121.4302409,"phd",NA,NA,NA,"Canis lupus familiaris","Dog","Domestic","Luzon","Z-16-209"
"Z-16-210",NA,NA,"Canis familiaris",NA,"=""16-Dec-2016""","date_collected","Almanza 2","Las Piñas","Metropolitan Manila-Las Piñas","Metropolitan Manila","Metropolitan Manila","National Capital Region (NCR)","National Capital Region (NCR)",14.4423825,120.9940879,"phd",NA,NA,NA,"Canis lupus familiaris","Dog","Domestic","Luzon","Z-16-210"
"Z-16-211",NA,NA,"Canis familiaris",NA,"=""19-Dec-2016""","date_collected","Las Villas De Manila","Binan","Laguna-Bay","Laguna","Laguna","Calabarzon","Region IV-A (Calabarzon)",14.30526494,121.0647852,"phd",NA,NA,NA,"Canis lupus familiaris","Dog","Domestic","Luzon","Z-16-211"
"Z-17-177",NA,NA,"Canis familiaris",NA,"=""25-Sep-2017""","date_collected","Bgy. Navarro","General Trias","Cavite-General Trias","Cavite","Cavite","Calabarzon","Region IV-A (Calabarzon)",14.32966619,120.8999068,"phd",NA,NA,NA,"Canis lupus familiaris","Dog","Domestic","Luzon","Z-17-177"
"Z-17-193",NA,NA,"Canis familiaris",NA,"=""13-Oct-2017""","date_collected","Binonoan","Infanta","Quezon-Infanta","Quezon","Quezon","Calabarzon","Region IV-A (Calabarzon)",14.71657136,121.650984,"phd",NA,NA,NA,"Canis lupus familiaris","Dog","Domestic","Luzon","Z-17-193"
"Z-17-200",NA,NA,"Canis familiaris",NA,"=""31-Oct-2017""","date_collected","Mamatid","Cabuyao","Laguna-Bay","Laguna","Laguna","Calabarzon","Region IV-A (Calabarzon)",14.24922952,121.121079,"phd",NA,NA,NA,"Canis lupus familiaris","Dog","Domestic","Luzon","Z-17-200"
"Z-17-217",NA,NA,"Canis familiaris",NA,"=""16-Nov-2017""","date_collected","Paliko 4","Imus","Cavite-Imus","Cavite","Cavite","Calabarzon","Region IV-A (Calabarzon)",14.39822975,120.9319992,"phd",NA,NA,NA,"Canis lupus familiaris","Dog","Domestic","Luzon","Z-17-217"
"Z-17-221",NA,NA,"Canis familiaris",NA,"=""28-Nov-2017""","date_collected","Bgy. Nawasa","Noveleta","Cavite-Noveleta","Cavite","Cavite","Calabarzon","Region IV-A (Calabarzon)",14.43119105,120.8796209,"phd",NA,NA,NA,"Canis lupus familiaris","Dog","Domestic","Luzon","Z-17-221"
"Z-17-57",NA,NA,"Canis familiaris",NA,"=""29-Mar-2017""","date_collected","Magbag","San Jose","Occidental Mindoro-San Jose","Occidental Mindoro","Occidental Mindoro","Southwestern Tagalog Region","Mimaropa Region",12.45581677,121.1219622,"phd",NA,NA,NA,"Canis lupus familiaris","Dog","Domestic","Luzon","Z-17-57"
"Z-18-001",NA,NA,"Felis catus",NA,"=""02-Jan-2018""","date_collected","Andrea Vill. I, Panapaan Vi","Bacoor","Cavite-Bacoor","Cavite","Cavite","Calabarzon","Region IV-A (Calabarzon)",14.41614393,120.9704734,"phd",NA,NA,NA,"Felis catus","Cat","Domestic","Luzon","Z-18-001"
"Z-18-114",NA,NA,"Canis familiaris",NA,"=""28-May-2018""","date_collected","Banay-Banay 1St","San Jose","Batangas-San Jose","Batangas","Batangas","Calabarzon","Region IV-A (Calabarzon)",13.87787315,121.0901132,"phd",NA,NA,NA,"Canis lupus familiaris","Dog","Domestic","Luzon","Z-18-114"
"Z-18-159",NA,NA,"Canis familiaris",NA,"=""19-Jul-2018""","date_collected","Sta. Cruz","Guiginto","Bulacan-Guiguinto","Bulacan","Bulacan","Central Luzon","Region III (Central Luzon)",14.83746463,120.8923363,"phd",NA,NA,NA,"Canis lupus familiaris","Dog","Domestic","Luzon","Z-18-159"
"Z-18-224",NA,NA,"Canis familiaris",NA,"=""28-Oct-2018""","date_collected","Camarin Rd.","Kalookan  City","Metropolitan Manila-Taguig","Metropolitan Manila","Metropolitan Manila","National Capital Region (NCR)","National Capital Region (NCR)",14.74647256,121.0486805,"phd",NA,NA,NA,"Canis lupus familiaris","Dog","Domestic","Luzon","Z-18-224"
"Z-18-251",NA,NA,"Canis familiaris",NA,"=""07-Dec-2018""","date_collected","Rpa Enterprises, Don Jose","Santa Rosa City","Laguna-Santa Rosa City","Laguna","Laguna","Calabarzon","Region IV-A (Calabarzon)",14.27260264,121.0895167,"phd",NA,NA,NA,"Canis lupus familiaris","Dog","Domestic","Luzon","Z-18-251"
"Z-19-029",NA,NA,"Canis familiaris",NA,"=""26-Feb-2019""","date_collected","Antipolo Del Sur","Lipa City","Batangas-Lipa City","Batangas","Batangas","Calabarzon","Region IV-A (Calabarzon)",13.94086577,121.1746864,"phd",NA,NA,NA,"Canis lupus familiaris","Dog","Domestic","Luzon","Z-19-029"
"Z-19-123",NA,NA,"Canis familiaris",NA,"=""11-Aug-2019""","date_collected","Anabu 2F","Imus","Cavite-Imus","Cavite","Cavite","Calabarzon","Region IV-A (Calabarzon)",14.39822975,120.9319992,"phd",NA,NA,NA,"Canis lupus familiaris","Dog","Domestic","Luzon","Z-19-123"
"Z-19-136",NA,NA,"Canis familiaris",NA,"=""05-Sep-2019""","date_collected","Canlubang","Calamba City","Laguna-Calamba City","Laguna","Laguna","Calabarzon","Region IV-A (Calabarzon)",14.18862277,121.1242055,"phd",NA,NA,NA,"Canis lupus familiaris","Dog","Domestic","Luzon","Z-19-136"
"Z-19-88",NA,NA,"Canis familiaris",NA,"=""31-May-2019""","date_collected","San Isidro","Angono","Rizal-Angono","Rizal","Rizal","Calabarzon","Region IV-A (Calabarzon)",14.54362773,121.165434,"phd",NA,NA,NA,"Canis lupus familiaris","Dog","Domestic","Luzon","Z-19-88"
"Z-20-01",NA,NA,"Canis familiaris",NA,"=""03-Jan-2020""","date_collected","Meadowood Subd.,Panapaan 8","Bacoor","Cavite-Bacoor","Cavite","Cavite","Calabarzon","Region IV-A (Calabarzon)",14.41614393,120.9704734,"phd",NA,NA,NA,"Canis lupus familiaris","Dog","Domestic","Luzon","Z-20-01"
"Z-20-110",NA,NA,"Canis familiaris",NA,"=""23-Oct-2020""","date_collected","Pacita Complex 1, San Vicente","San Pedro","Laguna-San Pedro","Laguna","Laguna","Calabarzon","Region IV-A (Calabarzon)",14.34936983,121.0384844,"phd",NA,NA,NA,"Canis lupus familiaris","Dog","Domestic","Luzon","Z-20-110"
"Z-20-24",NA,NA,"Canis familiaris",NA,"=""14-Feb-2020""","date_collected","Bayanan","Muntinlupa","Metropolitan Manila-Muntinlupa","Metropolitan Manila","Metropolitan Manila","National Capital Region (NCR)","National Capital Region (NCR)",14.40197636,121.0327847,"phd",NA,NA,NA,"Canis lupus familiaris","Dog","Domestic","Luzon","Z-20-24"
"Z-20-33",NA,NA,"Canis familiaris",NA,"=""18-Feb-2020""","date_collected","F.B. Harizon Edsa","Pasay  City","Metropolitan Manila-Pasay City","Metropolitan Manila","Metropolitan Manila","National Capital Region (NCR)","National Capital Region (NCR)",14.53080944,121.0041508,"phd",NA,NA,NA,"Canis lupus familiaris","Dog","Domestic","Luzon","Z-20-33"
"Z-20-51",NA,NA,"Canis familiaris",NA,"=""02-Mar-2020""","date_collected","Herald Village Subd.","Angono","Rizal-Angono","Rizal","Rizal","Calabarzon","Region IV-A (Calabarzon)",14.54362773,121.165434,"phd",NA,NA,NA,"Canis lupus familiaris","Dog","Domestic","Luzon","Z-20-51"
"Z-22-103",NA,NA,"Canis familiaris",NA,"=""21-Nov-2022""","date_collected","Paroyhog","Santa Maria","Romblon-Santa Maria","Romblon","Romblon","Southwestern Tagalog Region","Mimaropa Region",12.40310216,122.0836566,"phd",NA,NA,NA,"Canis lupus familiaris","Dog","Domestic","Luzon","Z-22-103"
"Z-22-119",NA,NA,"Canis familiaris",NA,"=""28-Dec-2022""","date_collected","Tulay","Odiongan","Romblon-Odiongan","Romblon","Romblon","Southwestern Tagalog Region","Mimaropa Region",12.39865996,122.0177701,"phd",NA,NA,NA,"Canis lupus familiaris","Dog","Domestic","Luzon","Z-22-119"
"Z-22-121",NA,NA,"Canis familiaris",NA,"=""19-Dec-2022""","date_collected","Carmen","San Agustin","Romblon-San Agustin","Romblon","Romblon","Southwestern Tagalog Region","Mimaropa Region",12.55403552,122.1124048,"phd",NA,NA,NA,"Canis lupus familiaris","Dog","Domestic","Luzon","Z-22-121"
"Z-23-01",NA,NA,"Canis familiaris",NA,"=""03-Jan-2023""","date_collected","Balibago","Santa Rosa City","Laguna-Santa Rosa City","Laguna","Laguna","Calabarzon","Region IV-A (Calabarzon)",14.27260264,121.0895167,"phd",NA,NA,NA,"Canis lupus familiaris","Dog","Domestic","Luzon","Z-23-01"
"Z-23-01Sa",NA,NA,"Canis familiaris",NA,"=""03-Jan-2023""","date_collected","Balibago","Santa Rosa City","Laguna-Santa Rosa City","Laguna","Laguna","Calabarzon","Region IV-A (Calabarzon)",14.27260264,121.0895167,"phd",NA,NA,NA,"Canis lupus familiaris","Dog","Domestic","Luzon","Z-23-01Sa"
"Z-24-141","P-34",NA,"Dog",NA,"=""24-Sep-2024""","date_collected","Poblacion","Narra","Palawan-Narra","Palawan","Palawan","MIMIROPA","Mimaropa Region",9.250884096,118.3463664,"speedier",NA,NA,0.9884,"Canis lupus familiaris","Dog","Domestic","Luzon","Z-24-141"
"Z-24-142","P-35",NA,"Dog",NA,"=""24-Sep-2024""","date_collected","Culandanum","Bataraza","Palawan-Bataraza","Palawan","Palawan","MIMIROPA","Mimaropa Region",8.6727041,117.450586,"speedier",NA,NA,0.9716,"Canis lupus familiaris","Dog","Domestic","Luzon","Z-24-142"
"Z-98-1061",NA,NA,"Canis familiaris",NA,"=""05-Aug-1998""","date_collected","Tejero","General Trias","Cavite-General Trias","Cavite","Cavite","Calabarzon","Region IV-A (Calabarzon)",14.32966619,120.8999068,"phd",NA,NA,NA,"Canis lupus familiaris","Dog","Domestic","Luzon","Z-98-1061"
"Z-98-285",NA,NA,"Canis familiaris",NA,"=""18-Mar-1998""","date_collected","-","San Pablo City","Laguna-San Pablo City","Laguna","Laguna","Calabarzon","Region IV-A (Calabarzon)",14.05146733,121.3315598,"phd",NA,NA,NA,"Canis lupus familiaris","Dog","Domestic","Luzon","Z-98-285"
"Z-98-286",NA,NA,"Canis familiaris",NA,"=""19-Mar-1998""","date_collected","Tayuman","Mulanay","Quezon-Mulanay","Quezon","Quezon","Calabarzon","Region IV-A (Calabarzon)",13.52552491,122.4578973,"phd",NA,NA,NA,"Canis lupus familiaris","Dog","Domestic","Luzon","Z-98-286"
"Z-98-433",NA,NA,"Canis familiaris",NA,"=""30-Apr-1998""","date_collected","Palamitan","Kawit","Cavite-Kawit","Cavite","Cavite","Calabarzon","Region IV-A (Calabarzon)",14.44475736,120.9012276,"phd",NA,NA,NA,"Canis lupus familiaris","Dog","Domestic","Luzon","Z-98-433"
"Z-98-454",NA,NA,"Canis familiaris",NA,"=""04-May-1998""","date_collected","Betterliving Subd","Parañaque","Metropolitan Manila-Parañaque","Metropolitan Manila","Metropolitan Manila","National Capital Region (NCR)","National Capital Region (NCR)",14.48357034,121.0147858,"phd",NA,NA,NA,"Canis lupus familiaris","Dog","Domestic","Luzon","Z-98-454"
"Z-98-515",NA,NA,"Canis familiaris",NA,"=""20-May-1998""","date_collected","Cupang","Muntinlupa","Metropolitan Manila-Muntinlupa","Metropolitan Manila","Metropolitan Manila","National Capital Region (NCR)","National Capital Region (NCR)",14.40197636,121.0327847,"phd",NA,NA,NA,"Canis lupus familiaris","Dog","Domestic","Luzon","Z-98-515"
"Z-98-616",NA,NA,"Canis familiaris",NA,"=""18-Jun-1998""","date_collected","-","San Miguel","Bulacan-San Miguel","Bulacan","Bulacan","Central Luzon","Region III (Central Luzon)",15.17310142,121.0401182,"phd",NA,NA,NA,"Canis lupus familiaris","Dog","Domestic","Luzon","Z-98-616"
"Z-98-718",NA,NA,"Canis familiaris",NA,"=""13-Jul-1998""","date_collected","Maraykid","San Juan","Batangas-Bauan","Batangas","Batangas","Calabarzon","Region IV-A (Calabarzon)",13.75727426,121.3908944,"phd",NA,NA,NA,"Canis lupus familiaris","Dog","Domestic","Luzon","Z-98-718"
"Z-98-780",NA,NA,"Canis familiaris",NA,"=""25-Jul-1998""","date_collected","San Miguel","Alaminos","Laguna-Alaminos","Laguna","Laguna","Calabarzon","Region IV-A (Calabarzon)",14.04459696,121.2475488,"phd",NA,NA,NA,"Canis lupus familiaris","Dog","Domestic","Luzon","Z-98-780"
"Z-98-838",NA,NA,"Canis familiaris",NA,"=""09-Aug-1998""","date_collected","Upper Bicutan","Taguig","Metropolitan Manila-Taguig","Metropolitan Manila","Metropolitan Manila","National Capital Region (NCR)","National Capital Region (NCR)",14.51469695,121.0660524,"phd",NA,NA,NA,"Canis lupus familiaris","Dog","Domestic","Luzon","Z-98-838"
"Z-98-860",NA,NA,"Canis familiaris",NA,"=""14-Aug-1998""","date_collected","-","San Francisco","Quezon-San Francisco","Quezon","Quezon","Calabarzon","Region IV-A (Calabarzon)",13.29448721,122.5720534,"phd",NA,NA,NA,"Canis lupus familiaris","Dog","Domestic","Luzon","Z-98-860"
