"Sample_ID","Case_no","Accession","Host","Sample_type","Preferred_date","Date_source","Barangay","Municipality","Municipality_std","Province","Province_std","Region","Region_std","Latitude","Longitude","Source","Author","Pubmed","Genome_coverage","Host_scientific","Host_common","Host_type","Major_Island","seq_name","phylogenetic_clade"
"Z-24-141","P-34",NA,"Dog",NA,"=""24-Sep-2024""","date_collected","Poblacion","Narra","Palawan-Narra","Palawan","Palawan","MIMIROPA","Mimaropa Region",9.250884096,118.3463664,"speedier",NA,NA,0.9884,"Canis lupus familiaris","Dog","Domestic","Luzon","Z-24-141","AL_Asian_SEA4"
"Z-24-142","P-35",NA,"Dog",NA,"=""24-Sep-2024""","date_collected","Culandanum","Bataraza","Palawan-Bataraza","Palawan","Palawan","MIMIROPA","Mimaropa Region",8.6727041,117.450586,"speedier",NA,NA,0.9716,"Canis lupus familiaris","Dog","Domestic","Luzon","Z-24-142","AL_Asian_SEA4"
"RADDL4B-23-060","M-2",NA,"Dog",NA,"=""06-Oct-2023""","date_collected","Balogo","Boac","Marinduque-Boac","Marinduque","Marinduque","MIMIROPA","Mimaropa Region",13.46850874,121.8289235,"speedier",NA,NA,0.9716,"Canis lupus familiaris","Dog","Domestic","Luzon","RADDL4B-23-060","AL_Asian_SEA4"
"RADDL4B-23-061","M-3",NA,"Dog",NA,"=""09-Oct-2023""","date_collected","Agumaymayan","Boac","Marinduque-Boac","Marinduque","Marinduque","MIMIROPA","Mimaropa Region",13.44998665,121.8994821,"speedier",NA,NA,0.9885,"Canis lupus familiaris","Dog","Domestic","Luzon","RADDL4B-23-061","AL_Asian_SEA4"
"RADDL4B-23-070","M-10",NA,"Dog",NA,"=""23-Oct-2023""","date_collected","Pili","Boac","Marinduque-Boac","Marinduque","Marinduque","MIMIROPA","Mimaropa Region",13.46393265,121.8260512,"speedier",NA,NA,0.9885,"Canis lupus familiaris","Dog","Domestic","Luzon","RADDL4B-23-070","AL_Asian_SEA4"
"RADDL4B-23-072","M-9",NA,"Dog",NA,"=""23-Oct-2023""","date_collected","Bocboc","Mogpog","Marinduque-Mogpog","Marinduque","Marinduque","MIMIROPA","Mimaropa Region",13.47143036,121.9410823,"speedier",NA,NA,0.9713,"Canis lupus familiaris","Dog","Domestic","Luzon","RADDL4B-23-072","AL_Asian_SEA4"
"RADDL4B-23-057","M-1",NA,"Pig",NA,"=""24-Sep-2023""","date_collected","Apitong","Boac","Marinduque-Boac","Marinduque","Marinduque","MIMIROPA","Mimaropa Region",13.45365494,121.8709323,"speedier",NA,NA,0.9887,"Sus scrofa domesticus","Pig","Livestock","Luzon","RADDL4B-23-057","AL_Asian_SEA4"
"RADDL4B-24-019","M-47",NA,"Pig",NA,"=""08-Feb-2024""","date_collected","Daykitin","Buenavista","Marinduque-Buenavista","Marinduque","Marinduque","MIMIROPA","Mimaropa Region",13.27382681,121.9228134,"speedier",NA,NA,0.9885,"Sus scrofa domesticus","Pig","Livestock","Luzon","RADDL4B-24-019","AL_Asian_SEA4"
"RADDL4B-24-021","M-44",NA,"Dog",NA,"=""01-Feb-2024""","date_collected","Tabi","Boac","Marinduque-Boac","Marinduque","Marinduque","MIMIROPA","Mimaropa Region",13.45428134,121.8406166,"speedier",NA,NA,0.9721,"Canis lupus familiaris","Dog","Domestic","Luzon","RADDL4B-24-021","AL_Asian_SEA4"
"RADDL4B-24-026","M-53",NA,"Dog",NA,"=""16-Feb-2024""","date_collected","Bangbangalon","Boac","Marinduque-Boac","Marinduque","Marinduque","MIMIROPA","Mimaropa Region",13.43848981,121.8276107,"speedier",NA,NA,0.972,"Canis lupus familiaris","Dog","Domestic","Luzon","RADDL4B-24-026","AL_Asian_SEA4"
"RADDL4B-24-027","M-52",NA,"Dog",NA,"=""14-Feb-2024""","date_collected","Daykitin","Buenavista","Marinduque-Buenavista","Marinduque","Marinduque","MIMIROPA","Mimaropa Region",13.27382681,121.9228134,"speedier",NA,NA,0.9716,"Canis lupus familiaris","Dog","Domestic","Luzon","RADDL4B-24-027","AL_Asian_SEA4"
"RADDL4B-24-029","M-50",NA,"Dog",NA,"=""20-Feb-2024""","date_collected","Caigangan","Buenavista","Marinduque-Buenavista","Marinduque","Marinduque","MIMIROPA","Mimaropa Region",13.26212226,121.9342731,"speedier",NA,NA,0.9716,"Canis lupus familiaris","Dog","Domestic","Luzon","RADDL4B-24-029","AL_Asian_SEA4"
"RADDL4B-24-034","M-55",NA,"Dog",NA,"=""29-Feb-2024""","date_collected","Bamban","Boac","Marinduque-Boac","Marinduque","Marinduque","MIMIROPA","Mimaropa Region",13.42366341,121.8779105,"speedier",NA,NA,0.9713,"Canis lupus familiaris","Dog","Domestic","Luzon","RADDL4B-24-034","AL_Asian_SEA4"
"RADDL4B-24-035","M-56",NA,"Dog",NA,"=""26-Feb-2024""","date_collected","Masiga","Gasan","Marinduque-Gasan","Marinduque","Marinduque","MIMIROPA","Mimaropa Region",13.35871898,121.8255082,"speedier",NA,NA,0.9889,"Canis lupus familiaris","Dog","Domestic","Luzon","RADDL4B-24-035","AL_Asian_SEA4"
"RADDL4B-24-037","M-58",NA,"Dog",NA,"=""28-Feb-2024""","date_collected","Buangan","Torrijos","Marinduque-Torrijos","Marinduque","Marinduque","MIMIROPA","Mimaropa Region",13.31305087,122.0537056,"speedier",NA,NA,0.9718,"Canis lupus familiaris","Dog","Domestic","Luzon","RADDL4B-24-037","AL_Asian_SEA4"
"RADDL4B-24-053","M-65",NA,"Dog",NA,"=""17-Mar-2024""","date_collected","Barangay 1","Buenavista","Marinduque-Buenavista","Marinduque","Marinduque","MIMIROPA","Mimaropa Region",13.2559971,121.9418071,"speedier",NA,NA,0.9718,"Canis lupus familiaris","Dog","Domestic","Luzon","RADDL4B-24-053","AL_Asian_SEA4"
"RADDL4B-24-055","M-67",NA,"Dog",NA,"=""21-Mar-2024""","date_collected","Barangay 2","Buenavista","Marinduque-Buenavista","Marinduque","Marinduque","MIMIROPA","Mimaropa Region",13.25463205,121.9448458,"speedier",NA,NA,0.9888,"Canis lupus familiaris","Dog","Domestic","Luzon","RADDL4B-24-055","AL_Asian_SEA4"
"RADDL4B-24-056","M-68",NA,"Dog",NA,"=""26-Mar-2024""","date_collected","Barangay 1","Buenavista","Marinduque-Buenavista","Marinduque","Marinduque","MIMIROPA","Mimaropa Region",13.2559971,121.9418071,"speedier",NA,NA,0.9892,"Canis lupus familiaris","Dog","Domestic","Luzon","RADDL4B-24-056","AL_Asian_SEA4"
"RADDL4B-24-057","M-69",NA,"Dog",NA,"=""20-Jan-2024""","date_collected","Barangay 1","Buenavista","Marinduque-Buenavista","Marinduque","Marinduque","MIMIROPA","Mimaropa Region",13.2559971,121.9418071,"speedier",NA,NA,0.9884,"Canis lupus familiaris","Dog","Domestic","Luzon","RADDL4B-24-057","AL_Asian_SEA4"
"RADDL4B-24-058","M-70",NA,"Dog",NA,"=""20-Mar-2024""","date_collected","Mendez","Mogpog","Marinduque-Mogpog","Marinduque","Marinduque","MIMIROPA","Mimaropa Region",13.5108188,121.8994064,"speedier",NA,NA,0.9717,"Canis lupus familiaris","Dog","Domestic","Luzon","RADDL4B-24-058","AL_Asian_SEA4"
"RADDL4B-24-059","M-71",NA,"Dog",NA,"=""20-Mar-2024""","date_collected","Villa Mendez","Mogpog","Marinduque-Mogpog","Marinduque","Marinduque","MIMIROPA","Mimaropa Region",13.47788656,121.8607316,"speedier",NA,NA,0.9888,"Canis lupus familiaris","Dog","Domestic","Luzon","RADDL4B-24-059","AL_Asian_SEA4"
"RADDL4B-24-067","M-75",NA,"Dog",NA,"=""20-Feb-2024""","date_collected","Cabugao","Gasan","Marinduque-Gasan","Marinduque","Marinduque","MIMIROPA","Mimaropa Region",13.35486893,121.8479733,"speedier",NA,NA,0.9892,"Canis lupus familiaris","Dog","Domestic","Luzon","RADDL4B-24-067","AL_Asian_SEA4"
"RADDL4B-24-070","M-78",NA,"Dog",NA,"=""20-Apr-2024""","date_collected","Malibago","Buenavista","Marinduque-Buenavista","Marinduque","Marinduque","MIMIROPA","Mimaropa Region",13.28798166,122.0068653,"speedier",NA,NA,0.9883,"Canis lupus familiaris","Dog","Domestic","Luzon","RADDL4B-24-070","AL_Asian_SEA4"
"RADDL4B-24-071","M-79",NA,"Dog",NA,"=""20-May-2024""","date_collected","Murallon","Boac","Marinduque-Boac","Marinduque","Marinduque","MIMIROPA","Mimaropa Region",13.44947749,121.8370936,"speedier",NA,NA,0.9722,"Canis lupus familiaris","Dog","Domestic","Luzon","RADDL4B-24-071","AL_Asian_SEA4"
"RADDL4B-24-077","M-85",NA,"Dog",NA,"=""20-Nov-2024""","date_collected","Bicas-Bicas","Buenavista","Marinduque-Buenavista","Marinduque","Marinduque","MIMIROPA","Mimaropa Region",13.24157594,122.0002222,"speedier",NA,NA,0.9887,"Canis lupus familiaris","Dog","Domestic","Luzon","RADDL4B-24-077","AL_Asian_SEA4"
"RADDL4B-24-082","M-89",NA,"Dog",NA,"=""18-Apr-2024""","date_collected","Mahunig","Gasan","Marinduque-Gasan","Marinduque","Marinduque","MIMIROPA","Mimaropa Region",13.31497743,121.8549846,"speedier",NA,NA,0.9884,"Canis lupus familiaris","Dog","Domestic","Luzon","RADDL4B-24-082","AL_Asian_SEA4"
"RADDL4B-24-102","M-100",NA,"Dog",NA,"=""28-Apr-2024""","date_collected","Bagacay","Buenavista","Marinduque-Buenavista","Marinduque","Marinduque","MIMIROPA","Mimaropa Region",13.24881654,121.9900226,"speedier",NA,NA,0.9886,"Canis lupus familiaris","Dog","Domestic","Luzon","RADDL4B-24-102","AL_Asian_SEA4"
"RADDL4B-23-085","M-13",NA,"Dog",NA,"=""20-Aug-2023""","date_collected","Maligaya","Boac","Marinduque-Boac","Marinduque","Marinduque","MIMIROPA","Mimaropa Region",13.47444205,121.840682,"speedier",NA,NA,0.9891,"Canis lupus familiaris","Dog","Domestic","Luzon","RADDL4B-23-085","AL_Asian_SEA4"
"RADDL4B-23-093","M-20",NA,"Goat",NA,"=""26-Nov-2023""","date_collected","Lupac","Boac","Marinduque-Boac","Marinduque","Marinduque","MIMIROPA","Mimaropa Region",13.45972903,121.8180698,"speedier",NA,NA,0.9888,"Capra hircus","Goat","Livestock","Luzon","RADDL4B-23-093","AL_Asian_SEA4"
"RADDL4B-23-095","M-22",NA,"Dog",NA,"=""28-Nov-2023""","date_collected","Laon","Mogpog","Marinduque-Mogpog","Marinduque","Marinduque","MIMIROPA","Mimaropa Region",13.4919948,121.8532421,"speedier",NA,NA,0.9888,"Canis lupus familiaris","Dog","Domestic","Luzon","RADDL4B-23-095","AL_Asian_SEA4"
"RADDL4B-23-097","M-23",NA,"Dog",NA,"=""27-Nov-2023""","date_collected","Poctoy","Boac","Marinduque-Boac","Marinduque","Marinduque","MIMIROPA","Mimaropa Region",13.43235691,121.8690073,"speedier",NA,NA,0.9889,"Canis lupus familiaris","Dog","Domestic","Luzon","RADDL4B-23-097","AL_Asian_SEA4"
"RADDL4B-23-098","M-24",NA,"Dog",NA,"=""27-Nov-2023""","date_collected","Cawit","Boac","Marinduque-Boac","Marinduque","Marinduque","MIMIROPA","Mimaropa Region",13.38170012,121.8415498,"speedier",NA,NA,0.9887,"Canis lupus familiaris","Dog","Domestic","Luzon","RADDL4B-23-098","AL_Asian_SEA4"
"RADDL4B-23-099","M-25",NA,"Dog",NA,"=""30-Nov-2023""","date_collected","Bunganay","Boac","Marinduque-Boac","Marinduque","Marinduque","MIMIROPA","Mimaropa Region",13.38814351,121.830912,"speedier",NA,NA,0.9889,"Canis lupus familiaris","Dog","Domestic","Luzon","RADDL4B-23-099","AL_Asian_SEA4"
"RADDL4B-23-100","M-26",NA,"Pig",NA,"=""05-Dec-2023""","date_collected","Tabigue","Boac","Marinduque-Boac","Marinduque","Marinduque","MIMIROPA","Mimaropa Region",13.4508379,121.820882,"speedier",NA,NA,0.9889,"Sus scrofa domesticus","Pig","Livestock","Luzon","RADDL4B-23-100","AL_Asian_SEA4"
"RADDL4B-24-001","M-29",NA,"Dog",NA,"=""05-Jan-2024""","date_collected","Dampulan","Torrijos","Marinduque-Torrijos","Marinduque","Marinduque","MIMIROPA","Mimaropa Region",13.23584673,122.0313094,"speedier",NA,NA,0.9891,"Canis lupus familiaris","Dog","Domestic","Luzon","RADDL4B-24-001","AL_Asian_SEA4"
"RADDL4B-24-011","M-38",NA,"Dog",NA,"=""24-Jan-2024""","date_collected","Laylay","Boac","Marinduque-Boac","Marinduque","Marinduque","MIMIROPA","Mimaropa Region",13.43668126,121.8203817,"speedier",NA,NA,0.9889,"Canis lupus familiaris","Dog","Domestic","Luzon","RADDL4B-24-011","AL_Asian_SEA4"
"RADDL4B-24-012","M-40",NA,"Dog",NA,"=""25-Jan-2024""","date_collected","Poblacion","Torrijos","Marinduque-Torrijos","Marinduque","Marinduque","MIMIROPA","Mimaropa Region",13.32381038,122.0762274,"speedier",NA,NA,0.9713,"Canis lupus familiaris","Dog","Domestic","Luzon","RADDL4B-24-012","AL_Asian_SEA4"
"RADDL4B-24-015","M-41",NA,"Dog",NA,"=""31-Jan-2024""","date_collected","Tampus","Boac","Marinduque-Boac","Marinduque","Marinduque","MIMIROPA","Mimaropa Region",13.44607203,121.8483871,"speedier",NA,NA,0.95,"Canis lupus familiaris","Dog","Domestic","Luzon","RADDL4B-24-015","AL_Asian_SEA4"
"RADDL4B-24-016","M-42",NA,"Dog",NA,"=""31-Jan-2024""","date_collected","San Isidro","Santa Cruz","Marinduque-Santa Cruz","Marinduque","Marinduque","MIMIROPA","Mimaropa Region",13.52187638,121.937044,"speedier",NA,NA,0.9679,"Canis lupus familiaris","Dog","Domestic","Luzon","RADDL4B-24-016","AL_Asian_SEA4"
"RADDL4B-24-049","M-63",NA,"Dog",NA,"=""13-Mar-2024""","date_collected","Barangay IV","Buenavista","Marinduque-Buenavista","Marinduque","Marinduque","MIMIROPA","Mimaropa Region",13.25222414,121.9482043,"speedier",NA,NA,0.9885,"Canis lupus familiaris","Dog","Domestic","Luzon","RADDL4B-24-049","AL_Asian_SEA4"
"RADDL4B-24-084","M-91",NA,"Dog",NA,"=""19-Apr-2024""","date_collected","Matandang Gasan","Gasan","Marinduque-Gasan","Marinduque","Marinduque","MIMIROPA","Mimaropa Region",13.32695219,121.8773683,"speedier",NA,NA,0.9888,"Canis lupus familiaris","Dog","Domestic","Luzon","RADDL4B-24-084","AL_Asian_SEA4"
"RADDL4B-24-085","M-92",NA,"Dog",NA,"=""20-Apr-2024""","date_collected","Malibago","Torrijos","Marinduque-Torrijos","Marinduque","Marinduque","MIMIROPA","Mimaropa Region",13.28714633,122.0077236,"speedier",NA,NA,0.9883,"Canis lupus familiaris","Dog","Domestic","Luzon","RADDL4B-24-085","AL_Asian_SEA4"
"RADDL4B-24-086","M-93",NA,"Dog",NA,"=""20-Apr-2024""","date_collected","Pulong-Parang","Santa Cruz","Marinduque-Santa Cruz","Marinduque","Marinduque","MIMIROPA","Mimaropa Region",13.41549537,122.0584289,"speedier",NA,NA,0.9345,"Canis lupus familiaris","Dog","Domestic","Luzon","RADDL4B-24-086","AL_Asian_SEA4"
"RADDL4B-24-087","M-94",NA,"Dog",NA,"=""21-Apr-2024""","date_collected","Marlangga","Torrijos","Marinduque-Torrijos","Marinduque","Marinduque","MIMIROPA","Mimaropa Region",13.33186615,122.0865576,"speedier",NA,NA,0.9712,"Canis lupus familiaris","Dog","Domestic","Luzon","RADDL4B-24-087","AL_Asian_SEA4"
"RADDL4B-24-088","M-95",NA,"Dog",NA,"=""22-Apr-2024""","date_collected","Mangiliol","Gasan","Marinduque-Gasan","Marinduque","Marinduque","MIMIROPA","Mimaropa Region",13.35766762,121.8384787,"speedier",NA,NA,0.9155,"Canis lupus familiaris","Dog","Domestic","Luzon","RADDL4B-24-088","AL_Asian_SEA4"
"RADDL4B-24-101","M-99",NA,"Dog",NA,"=""25-Apr-2024""","date_collected","Poras","Boac","Marinduque-Boac","Marinduque","Marinduque","MIMIROPA","Mimaropa Region",13.45804967,121.8323598,"speedier",NA,NA,0.9888,"Canis lupus familiaris","Dog","Domestic","Luzon","RADDL4B-24-101","AL_Asian_SEA4"
"RADDL4B-24-106","M-104",NA,"Dog",NA,"=""20-Mar-2024""","date_collected","Daykitin","Buenavista","Marinduque-Buenavista","Marinduque","Marinduque","MIMIROPA","Mimaropa Region",13.27382681,121.9228134,"speedier",NA,NA,0.9885,"Canis lupus familiaris","Dog","Domestic","Luzon","RADDL4B-24-106","AL_Asian_SEA4"
"RADDL4B-24-120","M-106",NA,"Dog",NA,"=""20-Sep-2024""","date_collected","Mainit","Boac","Marinduque-Boac","Marinduque","Marinduque","MIMIROPA","Mimaropa Region",13.40855837,121.8831096,"speedier",NA,NA,0.9886,"Canis lupus familiaris","Dog","Domestic","Luzon","RADDL4B-24-120","AL_Asian_SEA4"
"RADDL4B-24-124","M-110",NA,"Dog",NA,"=""13-May-2024""","date_collected","Yook","Buenavista","Marinduque-Buenavista","Marinduque","Marinduque","MIMIROPA","Mimaropa Region",13.22428692,121.9851771,"speedier",NA,NA,0.9889,"Canis lupus familiaris","Dog","Domestic","Luzon","RADDL4B-24-124","AL_Asian_SEA4"
"RADDL4B-23-042","R-56",NA,"Dog",NA,"=""07-Jul-2023""","date_collected","Matutuna","San Andres","Romblon-San Andres","Romblon","Romblon","MIMIROPA","Mimaropa Region",12.485430189542,122.037858315898,"speedier",NA,NA,0.9884,"Canis lupus familiaris","Dog","Domestic","Luzon","RADDL4B-23-042","AL_Asian_SEA4"
"RADDL4B-23-044","OM-35",NA,"Dog",NA,"=""01-Aug-2023""","date_collected","Libtong","Roxas","Oriental Mindoro-Roxas","Oriental Mindoro","Oriental Mindoro","MIMIROPA","Mimaropa Region",12.62432924,121.5031667,"speedier",NA,NA,0.9893,"Canis lupus familiaris","Dog","Domestic","Luzon","RADDL4B-23-044","AL_Asian_SEA4"
"RADDL4B-23-045","R-58",NA,"Dog",NA,"=""03-Aug-2023""","date_collected","Linawan","San Andres","Romblon-San Andres","Romblon","Romblon","MIMIROPA","Mimaropa Region",12.5613811526055,122.024643646665,"speedier",NA,NA,0.9884,"Canis lupus familiaris","Dog","Domestic","Luzon","RADDL4B-23-045","AL_Asian_SEA4"
"RADDL4B-23-046","R-59",NA,"Dog",NA,"=""04-Jul-2023""","date_collected","Carmen","San Agustin","Romblon-San Agustin","Romblon","Romblon","MIMIROPA","Mimaropa Region",12.6207441732869,122.112268131429,"speedier",NA,NA,0.9884,"Canis lupus familiaris","Dog","Domestic","Luzon","RADDL4B-23-046","AL_Asian_SEA4"
"RADDL4B-23-047","OM-36",NA,"Dog",NA,"=""23-Aug-2023""","date_collected","San Isidro","Puerto Galera","Oriental Mindoro-Baco","Oriental Mindoro","Oriental Mindoro","MIMIROPA","Mimaropa Region",13.37785692,120.8703821,"speedier",NA,NA,0.9884,"Canis lupus familiaris","Dog","Domestic","Luzon","RADDL4B-23-047","AL_Asian_SEA4"
"RADDL4B-23-049","OM-37",NA,"Dog",NA,"=""31-Aug-2023""","date_collected","Bagumbayan I","Bongabong","Oriental Mindoro-Bongabong","Oriental Mindoro","Oriental Mindoro","MIMIROPA","Mimaropa Region",12.74706568,121.4748503,"speedier",NA,NA,0.9889,"Canis lupus familiaris","Dog","Domestic","Luzon","RADDL4B-23-049","AL_Asian_SEA4"
"RADDL4B-23-052","R-61",NA,"Dog",NA,"=""29-Aug-2023""","date_collected","Mat-I","Santa Fe","Romblon-Santa Fe","Romblon","Romblon","MIMIROPA","Mimaropa Region",12.1825790019622,121.982068760844,"speedier",NA,NA,0.9887,"Canis lupus familiaris","Dog","Domestic","Luzon","RADDL4B-23-052","AL_Asian_SEA4"
"RADDL4B-23-056","R-63",NA,"Dog",NA,"=""11-Sep-2023""","date_collected","Concepcion Norte","Santa Maria","Romblon-Santa Maria","Romblon","Romblon","MIMIROPA","Mimaropa Region",12.4009725318673,122.089783542696,"speedier",NA,NA,0.9882,"Canis lupus familiaris","Dog","Domestic","Luzon","RADDL4B-23-056","AL_Asian_SEA4"
"RADDL4B-23-058","OM-38",NA,"Dog",NA,"=""02-Oct-2023""","date_collected","Poblacion III","Victoria","Oriental Mindoro-Baco","Oriental Mindoro","Oriental Mindoro","MIMIROPA","Mimaropa Region",13.1693714,121.2550578,"speedier",NA,NA,0.9485,"Canis lupus familiaris","Dog","Domestic","Luzon","RADDL4B-23-058","AL_Asian_SEA4"
"RADDL4B-23-076","R-66",NA,"Dog",NA,"=""17-Oct-2023""","date_collected","Poblacion","Alcantara","Romblon-Alcantara","Romblon","Romblon","MIMIROPA","Mimaropa Region",12.2598547361178,122.053286260471,"speedier",NA,NA,0.972,"Canis lupus familiaris","Dog","Domestic","Luzon","RADDL4B-23-076","AL_Asian_SEA4"
"RADDL4B-23-080","R-67",NA,"Dog",NA,"=""26-Oct-2023""","date_collected","Pangulo","Calatrava","Romblon-Calatrava","Romblon","Romblon","MIMIROPA","Mimaropa Region",12.6133966287614,122.093403546437,"speedier",NA,NA,0.9874,"Canis lupus familiaris","Dog","Domestic","Luzon","RADDL4B-23-080","AL_Asian_SEA4"
"RADDL4B-23-081","R-65",NA,"Dog",NA,"=""30-Sep-2023""","date_collected","Bachawan","San Agustin","Romblon-San Agustin","Romblon","Romblon","MIMIROPA","Mimaropa Region",12.4577618696032,122.090565303083,"speedier",NA,NA,0.9711,"Canis lupus familiaris","Dog","Domestic","Luzon","RADDL4B-23-081","AL_Asian_SEA4"
"RADDL4B-23-090","OM-41",NA,"Dog",NA,"=""16-Nov-2023""","date_collected","Ilag","San Teodoro","Oriental Mindoro-Baco","Oriental Mindoro","Oriental Mindoro","MIMIROPA","Mimaropa Region",13.45164877,120.9775215,"speedier",NA,NA,0.9884,"Canis lupus familiaris","Dog","Domestic","Luzon","RADDL4B-23-090","AL_Asian_SEA4"
"RADDL4B-23-101","M-27",NA,"Dog",NA,"=""05-Dec-2023""","date_collected","Hinapulan","Boac","Marinduque-Boac","Marinduque","Marinduque","MIMIROPA","Mimaropa Region",13.40056028,121.9413747,"speedier",NA,NA,0.9886,"Canis lupus familiaris","Dog","Domestic","Luzon","RADDL4B-23-101","AL_Asian_SEA4"
"RADDL4B-23-104","R-70",NA,"Dog",NA,"=""12-Dec-2023""","date_collected","Poblacion","Alcantara","Romblon-Alcantara","Romblon","Romblon","MIMIROPA","Mimaropa Region",12.2598547361178,122.053286260471,"speedier",NA,NA,0.9885,"Canis lupus familiaris","Dog","Domestic","Luzon","RADDL4B-23-104","AL_Asian_SEA4"
"RADDL4B-23-105","R-69",NA,"Dog",NA,"=""13-Nov-2023""","date_collected","Poblacion","Looc","Romblon-Looc","Romblon","Romblon","MIMIROPA","Mimaropa Region",12.2710913046505,122.007370649571,"speedier",NA,NA,0.9878,"Canis lupus familiaris","Dog","Domestic","Luzon","RADDL4B-23-105","AL_Asian_SEA4"
"RADDL4B-24-002","M-30",NA,"Dog",NA,"=""09-Jan-2024""","date_collected","Malusak","Boac","Marinduque-Boac","Marinduque","Marinduque","MIMIROPA","Mimaropa Region",13.44708203,121.8412843,"speedier",NA,NA,0.9883,"Canis lupus familiaris","Dog","Domestic","Luzon","RADDL4B-24-002","AL_Asian_SEA4"
"RADDL4B-24-003","M-31",NA,"Dog",NA,"=""09-Jan-2024""","date_collected","Masiga","Gasan","Marinduque-Gasan","Marinduque","Marinduque","MIMIROPA","Mimaropa Region",13.35871898,121.8255082,"speedier",NA,NA,0.9884,"Canis lupus familiaris","Dog","Domestic","Luzon","RADDL4B-24-003","AL_Asian_SEA4"
"RADDL4B-24-017","M-39",NA,"Dog",NA,"=""25-Jan-2024""","date_collected","Masiga","Gasan","Marinduque-Gasan","Marinduque","Marinduque","MIMIROPA","Mimaropa Region",13.35871898,121.8255082,"speedier",NA,NA,0.9883,"Canis lupus familiaris","Dog","Domestic","Luzon","RADDL4B-24-017","AL_Asian_SEA4"
"RADDL4B-24-023","OM-48",NA,"Dog",NA,"=""15-Feb-2024""","date_collected","Canubing I","Calapan City","Oriental Mindoro-Calapan City","Oriental Mindoro","Oriental Mindoro","MIMIROPA","Mimaropa Region",13.34916389,121.1373121,"speedier",NA,NA,0.9882,"Canis lupus familiaris","Dog","Domestic","Luzon","RADDL4B-24-023","AL_Asian_SEA4"
"RADDL4B-24-028","M-51",NA,"Dog",NA,"=""14-Feb-2024""","date_collected","Masiga","Gasan","Marinduque-Gasan","Marinduque","Marinduque","MIMIROPA","Mimaropa Region",13.35871898,121.8255082,"speedier",NA,NA,0.9884,"Canis lupus familiaris","Dog","Domestic","Luzon","RADDL4B-24-028","AL_Asian_SEA4"
"RADDL4B-24-038","M-59",NA,"Dog",NA,"=""05-Mar-2024""","date_collected","Barangay I","Buenavista","Marinduque-Buenavista","Marinduque","Marinduque","MIMIROPA","Mimaropa Region",13.2559971,121.9418071,"speedier",NA,NA,0.988,"Canis lupus familiaris","Dog","Domestic","Luzon","RADDL4B-24-038","AL_Asian_SEA4"
"RADDL4B-24-042","R-63",NA,"Dog",NA,"=""12-Feb-2024""","date_collected","Mahabang Baybay","San Agustin","Romblon-San Agustin","Romblon","Romblon","MIMIROPA","Mimaropa Region",12.6389756037373,122.150335754756,"speedier",NA,NA,0.9884,"Canis lupus familiaris","Dog","Domestic","Luzon","RADDL4B-24-042","AL_Asian_SEA4"
"RADDL4B-24-043","R-56",NA,"Dog",NA,"=""04-Mar-2024""","date_collected","Camili","Alcantara","Romblon-Alcantara","Romblon","Romblon","MIMIROPA","Mimaropa Region",12.2601674937412,122.042413009168,"speedier",NA,NA,0.9878,"Canis lupus familiaris","Dog","Domestic","Luzon","RADDL4B-24-043","AL_Asian_SEA4"
"RADDL4B-24-046","OM-55",NA,"Dog",NA,"=""10-Mar-2024""","date_collected","Poblacion I","Victoria","Oriental Mindoro-Baco","Oriental Mindoro","Oriental Mindoro","MIMIROPA","Mimaropa Region",13.17380713,121.2853345,"speedier",NA,NA,0.9888,"Canis lupus familiaris","Dog","Domestic","Luzon","RADDL4B-24-046","AL_Asian_SEA4"
"RADDL4B-24-051","OM-56",NA,"Dog",NA,"=""26-Mar-2024""","date_collected","Bagumbayan","Roxas","Oriental Mindoro-Roxas","Oriental Mindoro","Oriental Mindoro","MIMIROPA","Mimaropa Region",12.5902022,121.5209491,"speedier",NA,NA,0.9887,"Canis lupus familiaris","Dog","Domestic","Luzon","RADDL4B-24-051","AL_Asian_SEA4"
"RADDL4B-24-054","M-66",NA,"Dog",NA,"=""20-Mar-2024""","date_collected","Caigangan","Buenavista","Marinduque-Buenavista","Marinduque","Marinduque","MIMIROPA","Mimaropa Region",13.26212226,121.9342731,"speedier",NA,NA,0.9884,"Canis lupus familiaris","Dog","Domestic","Luzon","RADDL4B-24-054","AL_Asian_SEA4"
"RADDL4B-24-063","R-77",NA,"Dog",NA,"=""13-Apr-2024""","date_collected","Tulay","Odiongan","Romblon-Odiongan","Romblon","Romblon","MIMIROPA","Mimaropa Region",12.3900864414564,121.992303480972,"speedier",NA,NA,0.9881,"Canis lupus familiaris","Dog","Domestic","Luzon","RADDL4B-24-063","AL_Asian_SEA4"
"RADDL4B-24-066","R-75",NA,"Dog",NA,"=""20-Oct-2024""","date_collected","Tugdan","Alcantara","Romblon-Alcantara","Romblon","Romblon","MIMIROPA","Mimaropa Region",12.3272698719486,122.070177099507,"speedier",NA,NA,0.9879,"Canis lupus familiaris","Dog","Domestic","Luzon","RADDL4B-24-066","AL_Asian_SEA4"
"RADDL4B-24-069","M-77",NA,"Dog",NA,"=""20-Mar-2024""","date_collected","Barangay I","Buenavista","Marinduque-Buenavista","Marinduque","Marinduque","MIMIROPA","Mimaropa Region",13.2559971,121.9418071,"speedier",NA,NA,0.9885,"Canis lupus familiaris","Dog","Domestic","Luzon","RADDL4B-24-069","AL_Asian_SEA4"
"RADDL4B-24-073","M-81",NA,"Dog",NA,"=""20-Jul-2024""","date_collected","Bangbangalon","Boac","Marinduque-Boac","Marinduque","Marinduque","MIMIROPA","Mimaropa Region",13.43848981,121.8276107,"speedier",NA,NA,0.9886,"Canis lupus familiaris","Dog","Domestic","Luzon","RADDL4B-24-073","AL_Asian_SEA4"
"RADDL4B-24-074","M-82",NA,"Dog",NA,"=""20-Nov-2024""","date_collected","Caigangan","Buenavista","Marinduque-Buenavista","Marinduque","Marinduque","MIMIROPA","Mimaropa Region",13.26212226,121.9342731,"speedier",NA,NA,0.9889,"Canis lupus familiaris","Dog","Domestic","Luzon","RADDL4B-24-074","AL_Asian_SEA4"
"RADDL4B-24-076","M-84",NA,"Dog",NA,"=""20-Jul-2024""","date_collected","Barangay I","Buenavista","Marinduque-Buenavista","Marinduque","Marinduque","MIMIROPA","Mimaropa Region",13.2559971,121.9418071,"speedier",NA,NA,0.9884,"Canis lupus familiaris","Dog","Domestic","Luzon","RADDL4B-24-076","AL_Asian_SEA4"
"RADDL4B-24-078","M-86",NA,"Dog",NA,"=""20-Dec-2024""","date_collected","Barangay II","Buenavista","Marinduque-Buenavista","Marinduque","Marinduque","MIMIROPA","Mimaropa Region",13.25463205,121.9448458,"speedier",NA,NA,0.9884,"Canis lupus familiaris","Dog","Domestic","Luzon","RADDL4B-24-078","AL_Asian_SEA4"
"RADDL4B-24-081","M-88",NA,"Dog",NA,"=""15-Apr-2024""","date_collected","Buangan","Torrijos","Marinduque-Torrijos","Marinduque","Marinduque","MIMIROPA","Mimaropa Region",13.31305087,122.0537056,"speedier",NA,NA,0.9882,"Canis lupus familiaris","Dog","Domestic","Luzon","RADDL4B-24-081","AL_Asian_SEA4"
"RADDL4B-24-099","R-84",NA,"Dog",NA,"=""20-Mar-2024""","date_collected","Poctoy","Odiongan","Romblon-Odiongan","Romblon","Romblon","MIMIROPA","Mimaropa Region",12.4086736675198,122.002251059774,"speedier",NA,NA,0.9876,"Canis lupus familiaris","Dog","Domestic","Luzon","RADDL4B-24-099","AL_Asian_SEA4"
"RADDL4B-24-098","R-83",NA,"Dog",NA,"=""30-Apr-2024""","date_collected","Pili","San Fernando","Romblon-San Fernando","Romblon","Romblon","MIMIROPA","Mimaropa Region",12.3202302160604,122.59889299915,"speedier",NA,NA,0.9878,"Canis lupus familiaris","Dog","Domestic","Luzon","RADDL4B-24-098","AL_Asian_SEA4"
"RADDL4B-24-097","R-82",NA,"Dog",NA,"=""26-Apr-2024""","date_collected","Bonlao","Alcantara","Romblon-Alcantara","Romblon","Romblon","MIMIROPA","Mimaropa Region",12.3144065613179,122.048142854933,"speedier",NA,NA,0.9878,"Canis lupus familiaris","Dog","Domestic","Luzon","RADDL4B-24-097","AL_Asian_SEA4"
"RADDL4B-24-096","R-81",NA,"Dog",NA,"=""15-Apr-2024""","date_collected","Tumingad","Odiongan","Romblon-Odiongan","Romblon","Romblon","MIMIROPA","Mimaropa Region",12.4371876319143,122.042943243506,"speedier",NA,NA,0.9874,"Canis lupus familiaris","Dog","Domestic","Luzon","RADDL4B-24-096","AL_Asian_SEA4"
"RADDL4B-24-095","R-80",NA,"Dog",NA,"=""20-Mar-2024""","date_collected","Malilico","Odiongan","Romblon-Odiongan","Romblon","Romblon","MIMIROPA","Mimaropa Region",12.3452844690591,121.972738203729,"speedier",NA,NA,0.9875,"Canis lupus familiaris","Dog","Domestic","Luzon","RADDL4B-24-095","AL_Asian_SEA4"
"RADDL4B-24-018","M-43",NA,"Dog",NA,"=""01-Feb-2024""","date_collected","Barangay IV","Buenavista","Marinduque-Buenavista","Marinduque","Marinduque","MIMIROPA","Mimaropa Region",13.25222414,121.9482043,"speedier",NA,NA,0.9708,"Canis lupus familiaris","Dog","Domestic","Luzon","RADDL4B-24-018","AL_Asian_SEA4"
"RADDL4B-24-014","M-35",NA,"Dog",NA,"=""29-Jan-2024""","date_collected","Masiga","Gasan","Marinduque-Gasan","Marinduque","Marinduque","MIMIROPA","Mimaropa Region",13.35871898,121.8255082,"speedier",NA,NA,0.9878,"Canis lupus familiaris","Dog","Domestic","Luzon","RADDL4B-24-014","AL_Asian_SEA4"
"RADDL4B-24-009","OM-46",NA,"Dog",NA,"=""29-Jan-2024""","date_collected","Balatero","Puerto Galera","Oriental Mindoro-Baco","Oriental Mindoro","Oriental Mindoro","MIMIROPA","Mimaropa Region",13.34693739,120.8836262,"speedier",NA,NA,0.9873,"Canis lupus familiaris","Dog","Domestic","Luzon","RADDL4B-24-009","AL_Asian_SEA4"
"RADDL4B-24-138","R-109",NA,"Dog",NA,"=""20-Jun-2024""","date_collected","Agutay","Magdiwang","Romblon-Magdiwang","Romblon","Romblon","MIMIROPA","Mimaropa Region",12.4602661224461,122.448777181916,"speedier",NA,NA,0.9877,"Canis lupus familiaris","Dog","Domestic","Luzon","RADDL4B-24-138","AL_Asian_SEA4"
"RADDL4B-24-154","R-111",NA,"Dog",NA,"=""15-Jul-2024""","date_collected","Cambajao","Cajidiocan","Romblon-Cajidiocan","Romblon","Romblon","MIMIROPA","Mimaropa Region",12.3683040199771,122.669872643641,"speedier",NA,NA,0.9878,"Canis lupus familiaris","Dog","Domestic","Luzon","RADDL4B-24-154","AL_Asian_SEA4"
"RADDL4B-24-155","R-110",NA,"Dog",NA,"=""11-Jul-2024""","date_collected","Taclobo","San Fernando","Romblon-San Fernando","Romblon","Romblon","MIMIROPA","Mimaropa Region",12.3622272502327,122.575373756321,"speedier",NA,NA,0.9877,"Canis lupus familiaris","Dog","Domestic","Luzon","RADDL4B-24-155","AL_Asian_SEA4"
"RADDL4B-24-100","M-98",NA,"Dog",NA,"=""24-Apr-2024""","date_collected","Caigangan","Buenavista","Marinduque-Buenavista","Marinduque","Marinduque","MIMIROPA","Mimaropa Region",13.26212226,121.9342731,"speedier",NA,NA,0.9708,"Canis lupus familiaris","Dog","Domestic","Luzon","RADDL4B-24-100","AL_Asian_SEA4"
"RADDL4B-24-112","R-88",NA,"Dog",NA,"=""16-May-2024""","date_collected","Pili","Looc","Romblon-Looc","Romblon","Romblon","MIMIROPA","Mimaropa Region",12.3030336406049,122.004635465751,"speedier",NA,NA,0.988,"Canis lupus familiaris","Dog","Domestic","Luzon","RADDL4B-24-112","AL_Asian_SEA4"
"RADDL4B-24-113","R-89",NA,"Dog",NA,"=""20-Aug-2024""","date_collected","Limon Norte","Looc","Romblon-Looc","Romblon","Romblon","MIMIROPA","Mimaropa Region",12.3220188515114,122.021920139859,"speedier",NA,NA,0.9884,"Canis lupus familiaris","Dog","Domestic","Luzon","RADDL4B-24-113","AL_Asian_SEA4"
"RADDL4B-24-114","R-90",NA,"Dog",NA,"=""18-May-2024""","date_collected","Mahabang Baybay","San Agustin","Romblon-San Agustin","Romblon","Romblon","MIMIROPA","Mimaropa Region",12.6389756037373,122.150335754756,"speedier",NA,NA,0.9873,"Canis lupus familiaris","Dog","Domestic","Luzon","RADDL4B-24-114","AL_Asian_SEA4"
"RADDL4B-24-116","R-91",NA,"Dog",NA,"=""13-May-2024""","date_collected","Tugdan","Alcantara","Romblon-Alcantara","Romblon","Romblon","MIMIROPA","Mimaropa Region",12.3272698719486,122.070177099507,"speedier",NA,NA,0.9872,"Canis lupus familiaris","Dog","Domestic","Luzon","RADDL4B-24-116","AL_Asian_SEA4"
"RADDL4B-24-117","R-92",NA,"Dog",NA,"=""20-Aug-2024""","date_collected","Tabobo-An","Odiongan","Romblon-Odiongan","Romblon","Romblon","MIMIROPA","Mimaropa Region",12.3661296017299,121.992456948138,"speedier",NA,NA,0.9879,"Canis lupus familiaris","Dog","Domestic","Luzon","RADDL4B-24-117","AL_Asian_SEA4"
"RADDL4B-24-121","M-107",NA,"Dog",NA,"=""20-Sep-2024""","date_collected","Barangay II","Buenavista","Marinduque-Buenavista","Marinduque","Marinduque","MIMIROPA","Mimaropa Region",13.25463205,121.9448458,"speedier",NA,NA,0.9882,"Canis lupus familiaris","Dog","Domestic","Luzon","RADDL4B-24-121","AL_Asian_SEA4"
"RADDL4B-24-122","M-108",NA,"Dog",NA,"=""20-Oct-2024""","date_collected","Bangbangalon","Boac","Marinduque-Boac","Marinduque","Marinduque","MIMIROPA","Mimaropa Region",13.43848981,121.8276107,"speedier",NA,NA,0.988,"Canis lupus familiaris","Dog","Domestic","Luzon","RADDL4B-24-122","AL_Asian_SEA4"
"RADDL4B-24-153","OM-92",NA,"Dog",NA,"=""25-Jul-2024""","date_collected","Camilmil","Calapan City","Oriental Mindoro-Calapan City","Oriental Mindoro","Oriental Mindoro","MIMIROPA","Mimaropa Region",13.40118777,121.1833225,"speedier",NA,NA,0.9708,"Canis lupus familiaris","Dog","Domestic","Luzon","RADDL4B-24-153","AL_Asian_SEA4"
"RADDL4B-24-156","R-113",NA,"Dog",NA,"=""26-Jul-2024""","date_collected","Calagonsao","Alcantara","Romblon-Alcantara","Romblon","Romblon","MIMIROPA","Mimaropa Region",12.3475553588476,122.079254920785,"speedier",NA,NA,0.971,"Canis lupus familiaris","Dog","Domestic","Luzon","RADDL4B-24-156","AL_Asian_SEA4"
"RADDL4B-24-157","R-112",NA,"Dog",NA,"=""08-Jul-2024""","date_collected","San Isidro","Alcantara","Romblon-Alcantara","Romblon","Romblon","MIMIROPA","Mimaropa Region",12.2919290027811,122.052741797624,"speedier",NA,NA,0.9531,"Canis lupus familiaris","Dog","Domestic","Luzon","RADDL4B-24-157","AL_Asian_SEA4"
"RADDL4B-24-173","OM-80",NA,"Dog",NA,"=""20-Aug-2024""","date_collected","Poblacion IV","Victoria","Oriental Mindoro-Baco","Oriental Mindoro","Oriental Mindoro","MIMIROPA","Mimaropa Region",13.19101365,121.2841142,"speedier",NA,NA,0.9285,"Canis lupus familiaris","Dog","Domestic","Luzon","RADDL4B-24-173","AL_Asian_SEA4"
"RADDL4B-24-174","OM-81",NA,"Dog",NA,"=""22-Nov-2024""","date_collected","Maligaya","Gloria","Oriental Mindoro-Baco","Oriental Mindoro","Oriental Mindoro","MIMIROPA","Mimaropa Region",12.97843859,121.4769904,"speedier",NA,NA,0.954,"Canis lupus familiaris","Dog","Domestic","Luzon","RADDL4B-24-174","AL_Asian_SEA4"
"RADDL4B-24-178","M-132",NA,"Dog",NA,"=""15-Jul-2024""","date_collected","Barangay I","Buenavista","Marinduque-Buenavista","Marinduque","Marinduque","MIMIROPA","Mimaropa Region",13.255314,121.940796,"speedier",NA,NA,0.9875,"Canis lupus familiaris","Dog","Domestic","Luzon","RADDL4B-24-178","AL_Asian_SEA4"
"RADDL4B-24-180","M-131",NA,"Dog",NA,"=""22-Aug-2024""","date_collected","Sawi","Boac","Marinduque-Boac","Marinduque","Marinduque","MIMIROPA","Mimaropa Region",13.440701,121.854599,"speedier",NA,NA,0.9884,"Canis lupus familiaris","Dog","Domestic","Luzon","RADDL4B-24-180","AL_Asian_SEA4"
"RADDL4B-24-181","M-134",NA,"Dog",NA,"=""09-Sep-2024""","date_collected","Yook","Buenavista","Marinduque-Buenavista","Marinduque","Marinduque","MIMIROPA","Mimaropa Region",13.223896,121.981628,"speedier",NA,NA,0.9882,"Canis lupus familiaris","Dog","Domestic","Luzon","RADDL4B-24-181","AL_Asian_SEA4"
"RADDL4B-24-183","M-127",NA,"Dog",NA,"=""20-Nov-2024""","date_collected","Tawiran","Santa Cruz","Marinduque-Santa Cruz","Marinduque","Marinduque","MIMIROPA","Mimaropa Region",13.462624,122.076691,"speedier",NA,NA,0.9325,"Canis lupus familiaris","Dog","Domestic","Luzon","RADDL4B-24-183","AL_Asian_SEA4"
"RADDL4B-24-185","R-121",NA,"Dog",NA,"=""20-Nov-2024""","date_collected","Poblacion","Cajidiocan","Romblon-Cajidiocan","Romblon","Romblon","MIMIROPA","Mimaropa Region",12.3738159498218,122.680201141506,"speedier",NA,NA,0.9875,"Canis lupus familiaris","Dog","Domestic","Luzon","RADDL4B-24-185","AL_Asian_SEA4"
"RADDL4B-24-186","R-120",NA,"Dog",NA,"=""20-Dec-2024""","date_collected","Poblacion","Magdiwang","Romblon-Magdiwang","Romblon","Romblon","MIMIROPA","Mimaropa Region",12.4908099892792,122.508178781622,"speedier",NA,NA,0.9358,"Canis lupus familiaris","Dog","Domestic","Luzon","RADDL4B-24-186","AL_Asian_SEA4"
"RADDL4B-24-187","R-122",NA,"Dog",NA,"=""20-Nov-2024""","date_collected","Poblacion","Magdiwang","Romblon-Magdiwang","Romblon","Romblon","MIMIROPA","Mimaropa Region",12.4908099892792,122.508178781622,"speedier",NA,NA,0.9886,"Canis lupus familiaris","Dog","Domestic","Luzon","RADDL4B-24-187","AL_Asian_SEA4"
"RADDL4B-24-188","R-119",NA,"Dog",NA,"=""29-Nov-2024""","date_collected","Ipil","Magdiwang","Romblon-Magdiwang","Romblon","Romblon","MIMIROPA","Mimaropa Region",12.473056623118,122.475619478547,"speedier",NA,NA,0.9878,"Canis lupus familiaris","Dog","Domestic","Luzon","RADDL4B-24-188","AL_Asian_SEA4"
"RADDL4B-25-005","M-137",NA,"Dog",NA,"=""17-Dec-2024""","date_collected","Bahi","Gasan","Marinduque-Gasan","Marinduque","Marinduque","MIMIROPA","Mimaropa Region",13.368669,121.834976,"speedier",NA,NA,0.9537,"Canis lupus familiaris","Dog","Domestic","Luzon","RADDL4B-25-005","AL_Asian_SEA4"
"RADDL4B-25-006","M-138",NA,"Dog",NA,"=""20-Dec-2024""","date_collected","Ihatub","Boac","Marinduque-Boac","Marinduque","Marinduque","MIMIROPA","Mimaropa Region",13.425975,121.829941,"speedier",NA,NA,0.9537,"Canis lupus familiaris","Dog","Domestic","Luzon","RADDL4B-25-006","AL_Asian_SEA4"
"RADDL4B-25-008","M-140",NA,"Cow",NA,"=""04-Jan-2025""","date_collected","Bocboc","Mogpog","Marinduque-Mogpog","Marinduque","Marinduque","MIMIROPA","Mimaropa Region",13.471229,121.931534,"speedier",NA,NA,0.9539,"Bos taurus","Cow","Livestock","Luzon","RADDL4B-25-008","AL_Asian_SEA4"
"RADDL4B-25-009","M-141",NA,"Dog",NA,"=""09-Jan-2025""","date_collected","Bunganay","Boac","Marinduque-Boac","Marinduque","Marinduque","MIMIROPA","Mimaropa Region",13.397696,121.847771,"speedier",NA,NA,0.9313,"Canis lupus familiaris","Dog","Domestic","Luzon","RADDL4B-25-009","AL_Asian_SEA4"
"RADDL4B-25-017","OC-16",NA,"Dog",NA,"=""07-Mar-2025""","date_collected","Rumbang","Rizal","Occidental Mindoro-Rizal","Occidental Mindoro","Occidental Mindoro","MIMIROPA","Mimaropa Region",12.4726457,120.967584,"speedier",NA,NA,0.9869,"Canis lupus familiaris","Dog","Domestic","Luzon","RADDL4B-25-017","AL_Asian_SEA4"
"RADDL4B-24-151","M-124",NA,"Dog",NA,"=""08-Jul-2024""","date_collected","Angas","Santa Cruz","Marinduque-Santa Cruz","Marinduque","Marinduque","MIMIROPA","Mimaropa Region",13.440175,122.105919,"speedier",NA,NA,0.9144317801,"Canis lupus familiaris","Dog","Domestic","Luzon","RADDL4B-24-151","AL_Asian_SEA4"
"RADDL4B-23-089","M-14",NA,"Dog",NA,"=""20-Jul-2023""","date_collected","Maligaya","Boac","Marinduque-Boac","Marinduque","Marinduque","MIMIROPA","Mimaropa Region",13.47444205,121.840682,"speedier",NA,NA,0.9509721757,"Canis lupus familiaris","Dog","Domestic","Luzon","RADDL4B-23-089","AL_Asian_SEA4"
"RADDL4B-23-092","M-15",NA,"Dog",NA,"=""07-Dec-2023""","date_collected","Balimbing","Boac","Marinduque-Boac","Marinduque","Marinduque","MIMIROPA","Mimaropa Region",13.43694015,121.8821268,"speedier",NA,NA,0.9507207509,"Canis lupus familiaris","Dog","Domestic","Luzon","RADDL4B-23-092","AL_Asian_SEA4"
"RADDL4B-23-094","M-21",NA,"Dog",NA,"=""28-Nov-2023""","date_collected","Maligaya","Boac","Marinduque-Boac","Marinduque","Marinduque","MIMIROPA","Mimaropa Region",13.47444205,121.840682,"speedier",NA,NA,0.9146832048,"Canis lupus familiaris","Dog","Domestic","Luzon","RADDL4B-23-094","AL_Asian_SEA4"
"RADDL4B-24-007","OM-45",NA,"Dog",NA,"=""17-Jan-2024""","date_collected","Poblacion","Bansud","Oriental Mindoro-Bansud","Oriental Mindoro","Oriental Mindoro","MIMIROPA","Mimaropa Region",12.84652574,121.4611416,"speedier",NA,NA,0.9702480724,"Canis lupus familiaris","Dog","Domestic","Luzon","RADDL4B-24-007","AL_Asian_SEA4"
"RADDL4B-24-013","M-34",NA,"Dog",NA,"=""16-Jan-2024""","date_collected","Buangan","Torrijos","Marinduque-Torrijos","Marinduque","Marinduque","MIMIROPA","Mimaropa Region",13.31305087,122.0537056,"speedier",NA,NA,0.9503855179,"Canis lupus familiaris","Dog","Domestic","Luzon","RADDL4B-24-013","AL_Asian_SEA4"
"RADDL4B-24-030","M-49",NA,"Dog",NA,"=""17-Feb-2024""","date_collected","Barangay I","Buenavista","Marinduque-Buenavista","Marinduque","Marinduque","MIMIROPA","Mimaropa Region",13.2559971,121.9418071,"speedier",NA,NA,0.9875125712,"Canis lupus familiaris","Dog","Domestic","Luzon","RADDL4B-24-030","AL_Asian_SEA4"
"RADDL4B-24-048","M-62",NA,"Dog",NA,"=""07-Mar-2024""","date_collected","Daykitin","Buenavista","Marinduque-Buenavista","Marinduque","Marinduque","MIMIROPA","Mimaropa Region",13.27382681,121.9228134,"speedier",NA,NA,0.9497988602,"Canis lupus familiaris","Dog","Domestic","Luzon","RADDL4B-24-048","AL_Asian_SEA4"
"RADDL4B-24-052","OM-57",NA,"Dog",NA,"=""29-Mar-2024""","date_collected","Poblacion","Mansalay","Oriental Mindoro-Baco","Oriental Mindoro","Oriental Mindoro","MIMIROPA","Mimaropa Region",12.53483774,121.4385791,"speedier",NA,NA,0.9883506537,"Canis lupus familiaris","Dog","Domestic","Luzon","RADDL4B-24-052","AL_Asian_SEA4"
"RADDL4B-24-062","M-74",NA,"Dog",NA,"=""20-Jan-2024""","date_collected","Masiga","Gasan","Marinduque-Gasan","Marinduque","Marinduque","MIMIROPA","Mimaropa Region",13.35871898,121.8255082,"speedier",NA,NA,0.9025310091,"Canis lupus familiaris","Dog","Domestic","Luzon","RADDL4B-24-062","AL_Asian_SEA4"
"RADDL4B-24-080","OM-58",NA,"Dog",NA,"=""18-Apr-2024""","date_collected","Baruyan","Calapan City","Oriental Mindoro-Calapan City","Oriental Mindoro","Oriental Mindoro","MIMIROPA","Mimaropa Region",13.35919359,121.1359505,"speedier",NA,NA,0.9704994972,"Canis lupus familiaris","Dog","Domestic","Luzon","RADDL4B-24-080","AL_Asian_SEA4"
"RADDL4B-24-093","OM-61",NA,"Dog",NA,"=""29-Apr-2024""","date_collected","B. Del Mundo","Mansalay","Oriental Mindoro-Baco","Oriental Mindoro","Oriental Mindoro","MIMIROPA","Mimaropa Region",12.53191189,121.4645635,"speedier",NA,NA,0.988434462,"Canis lupus familiaris","Dog","Domestic","Luzon","RADDL4B-24-093","AL_Asian_SEA4"
"RADDL4B-24-107","M-105",NA,"Dog",NA,"=""20-Mar-2024""","date_collected","Daykitin","Buenavista","Marinduque-Buenavista","Marinduque","Marinduque","MIMIROPA","Mimaropa Region",13.27382681,121.9228134,"speedier",NA,NA,0.9503017097,"Canis lupus familiaris","Dog","Domestic","Luzon","RADDL4B-24-107","AL_Asian_SEA4"
"RADDL4B-24-125","M-111",NA,"Dog",NA,"=""13-May-2024""","date_collected","Yook","Buenavista","Marinduque-Buenavista","Marinduque","Marinduque","MIMIROPA","Mimaropa Region",13.22428692,121.9851771,"speedier",NA,NA,0.9871773383,"Canis lupus familiaris","Dog","Domestic","Luzon","RADDL4B-24-125","AL_Asian_SEA4"
"RADDL4B-24-127","M-113",NA,"Dog",NA,"=""16-May-2024""","date_collected","Caigangan","Buenavista","Marinduque-Buenavista","Marinduque","Marinduque","MIMIROPA","Mimaropa Region",13.26212226,121.9342731,"speedier",NA,NA,0.9706671136,"Canis lupus familiaris","Dog","Domestic","Luzon","RADDL4B-24-127","AL_Asian_SEA4"
"H24-028","H24-028",NA,"Human",NA,"=""27-Mar-2024""","date_collected","Barangay 7","San Jose","Occidental Mindoro-San Jose","Occidental Mindoro","Occidental Mindoro","MIMIROPA","Mimaropa Region",12.3494949,121.073921,"speedier",NA,NA,0.9560006705,"Homo sapiens","Human","Human","Luzon","H24-028","AL_Asian_SEA4"
"RADDL4B-23-065","M-4",NA,"Dog",NA,"=""23-Oct-2023""","date_collected","Laylay","Boac","Marinduque-Boac","Marinduque","Marinduque","MIMIROPA","Mimaropa Region",13.43668126,121.8203817,"speedier",NA,NA,0.9717566209,"Canis lupus familiaris","Dog","Domestic","Luzon","RADDL4B-23-065","AL_Asian_SEA4"
"RADDL4B-24-162","OM-75",NA,"Dog",NA,"=""27-Sep-2024""","date_collected","Ilaya","Calapan City","Oriental Mindoro-Calapan City","Oriental Mindoro","Oriental Mindoro","MIMIROPA","Mimaropa Region",13.41158277,121.1938885,"speedier",NA,NA,0.9878478042,"Canis lupus familiaris","Dog","Domestic","Luzon","RADDL4B-24-162","AL_Asian_SEA4"
"RADDL4B-24-184","M-135",NA,"Dog",NA,"=""19-Nov-2024""","date_collected","Bangbang","Gasan","Marinduque-Gasan","Marinduque","Marinduque","MIMIROPA","Mimaropa Region",13.343593,121.838409,"speedier",NA,NA,0.9887696949,"Canis lupus familiaris","Dog","Domestic","Luzon","RADDL4B-24-184","AL_Asian_SEA4"
"RADDL4B-25-022","R-127",NA,"Dog",NA,"=""20-Dec-2025""","date_collected","Poblacion","Ferrol","Romblon-Ferrol","Romblon","Romblon","MIMIROPA","Mimaropa Region",12.3364554134232,121.947095097053,"speedier",NA,NA,0.9661414683,"Canis lupus familiaris","Dog","Domestic","Luzon","RADDL4B-25-022","AL_Asian_SEA4"
"RADDL4B-25-032","OM-102",NA,"Dog",NA,"=""06-Jun-2025""","date_collected","Balete","Gloria","Oriental Mindoro-Baco","Oriental Mindoro","Oriental Mindoro","MIMIROPA","Mimaropa Region",12.93990519,121.4763888,"speedier",NA,NA,0.9668957425,"Canis lupus familiaris","Dog","Domestic","Luzon","RADDL4B-25-032","AL_Asian_SEA4"
"RADDL4B-25-039","OM-109",NA,"Dog",NA,"=""21-Jul-2025""","date_collected","Parang","Calapan City","Oriental Mindoro-Calapan City","Oriental Mindoro","Oriental Mindoro","MIMIROPA","Mimaropa Region",13.40593075,121.2126546,"speedier",NA,NA,0.9356352665,"Canis lupus familiaris","Dog","Domestic","Luzon","RADDL4B-25-039","AL_Asian_SEA4"
"94275PHI",NA,"KX148263","dog","brain","=""01-Jan-1994""","date_collected",NA,NA,NA,"",NA,NA,NA,NA,NA,"vgtk","Troupin,C., Dacheux,L., Tanguy,M., Blanc,H., Bouchier,C., Vignuzzi,M., Bourhy,H.",NA,0.988937311,"Canis lupus familiaris","Dog","Domestic",NA,"KX148263","AL_Asian_SEA4"
"94278PHI",NA,"KX148262","dog","brain","=""01-Jan-1994""","date_collected",NA,NA,NA,"",NA,NA,NA,NA,NA,"vgtk","Troupin,C., Dacheux,L., Tanguy,M., Blanc,H., Bouchier,C., Vignuzzi,M., Bourhy,H.",NA,0.988937311,"Canis lupus familiaris","Dog","Domestic",NA,"KX148262","AL_Asian_SEA4"
"94281PHI",NA,"KX148261","dog","brain","=""01-Jan-1994""","date_collected",NA,NA,NA,"",NA,NA,NA,NA,NA,"vgtk","Troupin,C., Dacheux,L., Tanguy,M., Blanc,H., Bouchier,C., Vignuzzi,M., Bourhy,H.",NA,0.988937311,"Canis lupus familiaris","Dog","Domestic",NA,"KX148261","AL_Asian_SEA4"
"04030PHI",NA,"KX148260","dog","","=""01-Jan-2004""","date_collected",NA,NA,NA,"",NA,NA,NA,NA,NA,"vgtk","Troupin,C., Dacheux,L., Tanguy,M., Blanc,H., Bouchier,C., Vignuzzi,M., Bourhy,H.",NA,0.989272544,"Canis lupus familiaris","Dog","Domestic",NA,"KX148260","AL_Asian_SEA4"
"94272PHI",NA,"KX148259","dog","brain","=""01-Jan-1994""","date_collected",NA,NA,NA,"",NA,NA,NA,NA,NA,"vgtk","Troupin,C., Dacheux,L., Tanguy,M., Blanc,H., Bouchier,C., Vignuzzi,M., Bourhy,H.",NA,0.989188736,"Canis lupus familiaris","Dog","Domestic",NA,"KX148259","AL_Asian_SEA4"
"18-103",NA,"OQ326754","Canis lupus familiaris","brain","=""01-Jan-2018""","date_collected",NA,"Davao","Davao del Sur-Sulop","Davao del Sur","Davao del Sur","Region XI (Davao Region)","Region XI (Davao Region)",NA,NA,"vgtk; manual_correction","Bacus,M.G., Buenaventura,S.G.C., Mamites,A.M.C., Elizagaque,H.G., Labrador,C., Delfin,F.C., Eng,M.N.J., Lagare,A.P., Marquez,G.N., Murao,L.A.E.",33878454,0.988937311,"Canis lupus familiaris","Dog","Domestic","Mindanao","OQ326754","AL_Asian_SEA4"
"18-116",NA,"OQ326753","Canis lupus familiaris","brain","=""01-Jan-2018""","date_collected",NA,"Davao","Davao del Sur-Sulop","Davao del Sur","Davao del Sur","Region XI (Davao Region)","Region XI (Davao Region)",NA,NA,"vgtk; manual_correction","Bacus,M.G., Buenaventura,S.G.C., Mamites,A.M.C., Elizagaque,H.G., Labrador,C., Delfin,F.C., Eng,M.N.J., Lagare,A.P., Marquez,G.N., Murao,L.A.E.",33878454,0.988937311,"Canis lupus familiaris","Dog","Domestic","Mindanao","OQ326753","AL_Asian_SEA4"
"18-102",NA,"OQ326752","Canis lupus familiaris","brain","=""01-Jan-2018""","date_collected",NA,"Davao","Davao del Sur-Sulop","Davao del Sur","Davao del Sur","Region XI (Davao Region)","Region XI (Davao Region)",NA,NA,"vgtk; manual_correction","Bacus,M.G., Buenaventura,S.G.C., Mamites,A.M.C., Elizagaque,H.G., Labrador,C., Delfin,F.C., Eng,M.N.J., Lagare,A.P., Marquez,G.N., Murao,L.A.E.",33878454,0.988937311,"Canis lupus familiaris","Dog","Domestic","Mindanao","OQ326752","AL_Asian_SEA4"
"18-106",NA,"OQ326751","Canis lupus familiaris","brain","=""01-Jan-2018""","date_collected",NA,"Davao","Davao del Sur-Sulop","Davao del Sur","Davao del Sur","Region XI (Davao Region)","Region XI (Davao Region)",NA,NA,"vgtk; manual_correction","Bacus,M.G., Buenaventura,S.G.C., Mamites,A.M.C., Elizagaque,H.G., Labrador,C., Delfin,F.C., Eng,M.N.J., Lagare,A.P., Marquez,G.N., Murao,L.A.E.",33878454,0.988937311,"Canis lupus familiaris","Dog","Domestic","Mindanao","OQ326751","AL_Asian_SEA4"
"18-099",NA,"OQ326750","Canis lupus familiaris","brain","=""01-Jan-2018""","date_collected",NA,"Davao","Davao del Sur-Sulop","Davao del Sur","Davao del Sur","Region XI (Davao Region)","Region XI (Davao Region)",NA,NA,"vgtk; manual_correction","Bacus,M.G., Buenaventura,S.G.C., Mamites,A.M.C., Elizagaque,H.G., Labrador,C., Delfin,F.C., Eng,M.N.J., Lagare,A.P., Marquez,G.N., Murao,L.A.E.",33878454,0.988937311,"Canis lupus familiaris","Dog","Domestic","Mindanao","OQ326750","AL_Asian_SEA4"
"18-107",NA,"OQ326749","Canis lupus familiaris","brain","=""01-Jan-2018""","date_collected",NA,NA,NA,"Davao de Oro (Compostela Valley)","Compostela Valley","Region XI (Davao Region)","Region XI (Davao Region)",NA,NA,"vgtk; manual_correction","Bacus,M.G., Buenaventura,S.G.C., Mamites,A.M.C., Elizagaque,H.G., Labrador,C., Delfin,F.C., Eng,M.N.J., Lagare,A.P., Marquez,G.N., Murao,L.A.E.",33878454,0.988937311,"Canis lupus familiaris","Dog","Domestic","Mindanao","OQ326749","AL_Asian_SEA4"
"18-138",NA,"OQ326748","Canis lupus familiaris","brain","=""01-Jan-2018""","date_collected",NA,"Davao","Davao del Sur-Sulop","Davao del Sur","Davao del Sur","Region XI (Davao Region)","Region XI (Davao Region)",NA,NA,"vgtk; manual_correction","Bacus,M.G., Buenaventura,S.G.C., Mamites,A.M.C., Elizagaque,H.G., Labrador,C., Delfin,F.C., Eng,M.N.J., Lagare,A.P., Marquez,G.N., Murao,L.A.E.",33878454,0.988937311,"Canis lupus familiaris","Dog","Domestic","Mindanao","OQ326748","AL_Asian_SEA4"
"18-163",NA,"OQ326747","Canis lupus familiaris","brain","=""01-Jan-2018""","date_collected",NA,"Davao","Davao del Sur-Sulop","Davao del Sur","Davao del Sur","Region XI (Davao Region)","Region XI (Davao Region)",NA,NA,"vgtk; manual_correction","Bacus,M.G., Buenaventura,S.G.C., Mamites,A.M.C., Elizagaque,H.G., Labrador,C., Delfin,F.C., Eng,M.N.J., Lagare,A.P., Marquez,G.N., Murao,L.A.E.",33878454,0.988937311,"Canis lupus familiaris","Dog","Domestic","Mindanao","OQ326747","AL_Asian_SEA4"
"18-188",NA,"OQ326746","Canis lupus familiaris","brain","=""01-Jan-2018""","date_collected",NA,"Davao","Davao del Sur-Sulop","Davao del Sur","Davao del Sur","Region XI (Davao Region)","Region XI (Davao Region)",NA,NA,"vgtk; manual_correction","Bacus,M.G., Buenaventura,S.G.C., Mamites,A.M.C., Elizagaque,H.G., Labrador,C., Delfin,F.C., Eng,M.N.J., Lagare,A.P., Marquez,G.N., Murao,L.A.E.",33878454,0.988937311,"Canis lupus familiaris","Dog","Domestic","Mindanao","OQ326746","AL_Asian_SEA4"
"18-214",NA,"OQ326745","Canis lupus familiaris","brain","=""01-Jan-2018""","date_collected",NA,"Davao","Davao del Sur-Sulop","Davao del Sur","Davao del Sur","Region XI (Davao Region)","Region XI (Davao Region)",NA,NA,"vgtk; manual_correction","Bacus,M.G., Buenaventura,S.G.C., Mamites,A.M.C., Elizagaque,H.G., Labrador,C., Delfin,F.C., Eng,M.N.J., Lagare,A.P., Marquez,G.N., Murao,L.A.E.",33878454,0.988937311,"Canis lupus familiaris","Dog","Domestic","Mindanao","OQ326745","AL_Asian_SEA4"
"18-162",NA,"OQ326744","Canis lupus familiaris","brain","=""01-Jan-2018""","date_collected",NA,"Samal","Davao del Norte-Carmen","Davao del Norte","Davao del Norte","Region XI (Davao Region)","Region XI (Davao Region)",NA,NA,"vgtk; manual_correction","Bacus,M.G., Buenaventura,S.G.C., Mamites,A.M.C., Elizagaque,H.G., Labrador,C., Delfin,F.C., Eng,M.N.J., Lagare,A.P., Marquez,G.N., Murao,L.A.E.",33878454,0.988937311,"Canis lupus familiaris","Dog","Domestic","Mindanao","OQ326744","AL_Asian_SEA4"
"18-174",NA,"OQ326743","Canis lupus familiaris","brain","=""01-Jan-2018""","date_collected",NA,"Davao","Davao del Sur-Sulop","Davao del Sur","Davao del Sur","Region XI (Davao Region)","Region XI (Davao Region)",NA,NA,"vgtk; manual_correction","Bacus,M.G., Buenaventura,S.G.C., Mamites,A.M.C., Elizagaque,H.G., Labrador,C., Delfin,F.C., Eng,M.N.J., Lagare,A.P., Marquez,G.N., Murao,L.A.E.",33878454,0.988937311,"Canis lupus familiaris","Dog","Domestic","Mindanao","OQ326743","AL_Asian_SEA4"
"18-216",NA,"OQ326742","Canis lupus familiaris","brain","=""01-Jan-2018""","date_collected",NA,"Davao","Davao del Sur-Sulop","Davao del Sur","Davao del Sur","Region XI (Davao Region)","Region XI (Davao Region)",NA,NA,"vgtk; manual_correction","Bacus,M.G., Buenaventura,S.G.C., Mamites,A.M.C., Elizagaque,H.G., Labrador,C., Delfin,F.C., Eng,M.N.J., Lagare,A.P., Marquez,G.N., Murao,L.A.E.",33878454,0.988937311,"Canis lupus familiaris","Dog","Domestic","Mindanao","OQ326742","AL_Asian_SEA4"
"19-011",NA,"OQ326741","Canis lupus familiaris","brain","=""01-Jan-2019""","date_collected",NA,"Davao","Davao del Sur-Sulop","Davao del Sur","Davao del Sur","Region XI (Davao Region)","Region XI (Davao Region)",NA,NA,"vgtk; manual_correction","Bacus,M.G., Buenaventura,S.G.C., Mamites,A.M.C., Elizagaque,H.G., Labrador,C., Delfin,F.C., Eng,M.N.J., Lagare,A.P., Marquez,G.N., Murao,L.A.E.",33878454,0.988937311,"Canis lupus familiaris","Dog","Domestic","Mindanao","OQ326741","AL_Asian_SEA4"
"19-004",NA,"OQ326740","Canis lupus familiaris","brain","=""01-Jan-2019""","date_collected",NA,"Davao","Davao del Sur-Sulop","Davao del Sur","Davao del Sur","Region XI (Davao Region)","Region XI (Davao Region)",NA,NA,"vgtk; manual_correction","Bacus,M.G., Buenaventura,S.G.C., Mamites,A.M.C., Elizagaque,H.G., Labrador,C., Delfin,F.C., Eng,M.N.J., Lagare,A.P., Marquez,G.N., Murao,L.A.E.",33878454,0.988937311,"Canis lupus familiaris","Dog","Domestic","Mindanao","OQ326740","AL_Asian_SEA4"
"19-015",NA,"OQ326739","Canis lupus familiaris","brain","=""01-Jan-2019""","date_collected",NA,"Davao","Davao del Sur-Sulop","Davao del Sur","Davao del Sur","Region XI (Davao Region)","Region XI (Davao Region)",NA,NA,"vgtk; manual_correction","Bacus,M.G., Buenaventura,S.G.C., Mamites,A.M.C., Elizagaque,H.G., Labrador,C., Delfin,F.C., Eng,M.N.J., Lagare,A.P., Marquez,G.N., Murao,L.A.E.",33878454,0.988937311,"Canis lupus familiaris","Dog","Domestic","Mindanao","OQ326739","AL_Asian_SEA4"
"18-164",NA,"OQ326738","Canis lupus familiaris","brain","=""01-Jan-2018""","date_collected",NA,"Digos","Davao del Sur-Sulop","Davao del Sur","Davao del Sur","Region XI (Davao Region)","Region XI (Davao Region)",NA,NA,"vgtk; manual_correction","Bacus,M.G., Buenaventura,S.G.C., Mamites,A.M.C., Elizagaque,H.G., Labrador,C., Delfin,F.C., Eng,M.N.J., Lagare,A.P., Marquez,G.N., Murao,L.A.E.",33878454,0.988937311,"Canis lupus familiaris","Dog","Domestic","Mindanao","OQ326738","AL_Asian_SEA4"
"18-172",NA,"OQ326737","Canis lupus familiaris","brain","=""01-Jan-2018""","date_collected",NA,"Davao","Davao del Sur-Sulop","Davao del Sur","Davao del Sur","Region XI (Davao Region)","Region XI (Davao Region)",NA,NA,"vgtk; manual_correction","Bacus,M.G., Buenaventura,S.G.C., Mamites,A.M.C., Elizagaque,H.G., Labrador,C., Delfin,F.C., Eng,M.N.J., Lagare,A.P., Marquez,G.N., Murao,L.A.E.",33878454,0.988937311,"Canis lupus familiaris","Dog","Domestic","Mindanao","OQ326737","AL_Asian_SEA4"
"18-199",NA,"OQ326736","Canis lupus familiaris","brain","=""01-Jan-2018""","date_collected",NA,"Davao","Davao del Sur-Sulop","Davao del Sur","Davao del Sur","Region XI (Davao Region)","Region XI (Davao Region)",NA,NA,"vgtk; manual_correction","Bacus,M.G., Buenaventura,S.G.C., Mamites,A.M.C., Elizagaque,H.G., Labrador,C., Delfin,F.C., Eng,M.N.J., Lagare,A.P., Marquez,G.N., Murao,L.A.E.",33878454,0.988937311,"Canis lupus familiaris","Dog","Domestic","Mindanao","OQ326736","AL_Asian_SEA4"
"R3-2022-0016",NA,"OR971444","Canis lupus familiaris","brain","=""11-jan-2022""","date_collected","Caingin","San rafael","Bulacan-San Rafael","Bulacan","Bulacan","Region III (Central Luzon)","Region III (Central Luzon)",NA,NA,"vgtk; raddl_correction","Cruz,J.L., Gonzales,R.M.C., Azul,R.R., Pena,R.C.D.",NA,0.999580959,"Canis lupus familiaris","Dog","Domestic","Luzon","OR971444","AL_Asian_SEA4"
"R3-2022-0014",NA,"OR971443","Canis lupus familiaris","brain","=""10-jan-2022""","date_collected","San isidro matua (pob.)","Masantol","Pampanga-Masantol","Pampanga","Pampanga","Region III (Central Luzon)","Region III (Central Luzon)",NA,NA,"vgtk; raddl_correction","Cruz,J.L., Gonzales,R.M.C., Azul,R.R., Pena,R.C.D.",NA,0.999580959,"Canis lupus familiaris","Dog","Domestic","Luzon","OR971443","AL_Asian_SEA4"
"R3-2022-0013",NA,"OR971442","Canis lupus familiaris","brain","=""07-jan-2022""","date_collected","Gordon heights","Olongapo city","Zambales-Olongapo City","Zambales","Zambales","Region III (Central Luzon)","Region III (Central Luzon)",NA,NA,"vgtk; raddl_correction","Cruz,J.L., Gonzales,R.M.C., Azul,R.R., Pena,R.C.D.",NA,0.999580959,"Canis lupus familiaris","Dog","Domestic","Luzon","OR971442","AL_Asian_SEA4"
"R3-2022-0006",NA,"OR971441","Canis lupus familiaris","brain","=""18-jan-2022""","date_collected","Dionisio s. Garcia","Cabanatuan city","Nueva Ecija-Cabanatuan City","Nueva ecija","Nueva Ecija","Region III (Central Luzon)","Region III (Central Luzon)",NA,NA,"vgtk; raddl_correction","Cruz,J.L., Gonzales,R.M.C., Azul,R.R., Pena,R.C.D.",NA,0.999580959,"Canis lupus familiaris","Dog","Domestic","Luzon","OR971441","AL_Asian_SEA4"
"R3-2022-0004",NA,"OR971440","Canis lupus familiaris","brain","=""04-jan-2022""","date_collected","Pulong santol","Porac","Pampanga-Porac","Pampanga","Pampanga","Region III (Central Luzon)","Region III (Central Luzon)",NA,NA,"vgtk; raddl_correction","Cruz,J.L., Gonzales,R.M.C., Azul,R.R., Pena,R.C.D.",NA,0.999580959,"Canis lupus familiaris","Dog","Domestic","Luzon","OR971440","AL_Asian_SEA4"
"R3-2022-0002",NA,"OR971439","Canis lupus familiaris","brain","=""03-jan-2022""","date_collected","San vicente","Apalit","Pampanga-Apalit","Pampanga","Pampanga","Region III (Central Luzon)","Region III (Central Luzon)",NA,NA,"vgtk; raddl_correction","Cruz,J.L., Gonzales,R.M.C., Azul,R.R., Pena,R.C.D.",NA,0.999580959,"Canis lupus familiaris","Dog","Domestic","Luzon","OR971439","AL_Asian_SEA4"
"R3-2021-3790",NA,"OR971438","Canis lupus familiaris","brain","=""25-oct-2021""","date_collected","Santo cristo","San jose del monte city","Bulacan-San Jose del Monte City","Bulacan","Bulacan","Region III (Central Luzon)","Region III (Central Luzon)",NA,NA,"vgtk; raddl_correction","Cruz,J.L., Gonzales,R.M.C., Azul,R.R., Pena,R.C.D.",NA,0.999580959,"Canis lupus familiaris","Dog","Domestic","Luzon","OR971438","AL_Asian_SEA4"
"R3-2021-0753",NA,"OR971437","Canis lupus familiaris","brain","=""22-dec-2021""","date_collected","Dionisio s. Garcia","Cabanatuan city","Nueva Ecija-Cabanatuan City","Nueva ecija","Nueva Ecija","Region III (Central Luzon)","Region III (Central Luzon)",NA,NA,"vgtk; raddl_correction","Cruz,J.L., Gonzales,R.M.C., Azul,R.R., Pena,R.C.D.",NA,0.999580959,"Canis lupus familiaris","Dog","Domestic","Luzon","OR971437","AL_Asian_SEA4"
"R3-2021-0731",NA,"OR971436","Canis lupus familiaris","brain","=""09-dec-2021""","date_collected","Sangitan east","Cabanatuan city","Nueva Ecija-Cabanatuan City","Nueva ecija","Nueva Ecija","Region III (Central Luzon)","Region III (Central Luzon)",NA,NA,"vgtk; raddl_correction","Cruz,J.L., Gonzales,R.M.C., Azul,R.R., Pena,R.C.D.",NA,0.999580959,"Canis lupus familiaris","Dog","Domestic","Luzon","OR971436","AL_Asian_SEA4"
"R3-2021-0543",NA,"OR971435","Canis lupus familiaris","brain","=""27-oct-2021""","date_collected","Inaon","Pulilan","Bulacan-Pulilan","Bulacan","Bulacan","Region III (Central Luzon)","Region III (Central Luzon)",NA,NA,"vgtk; raddl_correction","Cruz,J.L., Gonzales,R.M.C., Azul,R.R., Pena,R.C.D.",NA,0.999580959,"Canis lupus familiaris","Dog","Domestic","Luzon","OR971435","AL_Asian_SEA4"
"R3-2021-0514",NA,"OR971434","Felis catus","brain","=""13-oct-2021""","date_collected","Calapandayan (pob.)","Subic","Zambales-Subic","Zambales","Zambales","Region III (Central Luzon)","Region III (Central Luzon)",NA,NA,"vgtk; raddl_correction","Cruz,J.L., Gonzales,R.M.C., Azul,R.R., Pena,R.C.D.",NA,0.999580959,"Felis catus","Cat","Domestic","Luzon","OR971434","AL_Asian_SEA4"
"R3-2021-0513",NA,"OR971433","Canis lupus familiaris","brain","=""13-oct-2021""","date_collected","Townsite","Mariveles","Bataan-Mariveles","Bataan","Bataan","Region III (Central Luzon)","Region III (Central Luzon)",NA,NA,"vgtk; raddl_correction","Cruz,J.L., Gonzales,R.M.C., Azul,R.R., Pena,R.C.D.",NA,0.999580959,"Canis lupus familiaris","Dog","Domestic","Luzon","OR971433","AL_Asian_SEA4"
"R3-2021-0504",NA,"OR971432","Canis lupus familiaris","brain","=""08-oct-2021""","date_collected","Laput","Mexico","Pampanga-Mexico","Pampanga","Pampanga","Region III (Central Luzon)","Region III (Central Luzon)",NA,NA,"vgtk; raddl_correction","Cruz,J.L., Gonzales,R.M.C., Azul,R.R., Pena,R.C.D.",NA,0.999580959,"Canis lupus familiaris","Dog","Domestic","Luzon","OR971432","AL_Asian_SEA4"
"R3-2021-0502",NA,"OR971431","Canis lupus familiaris","brain","=""07-oct-2021""","date_collected","Colgante","Apalit","Pampanga-Apalit","Pampanga","Pampanga","Region III (Central Luzon)","Region III (Central Luzon)",NA,NA,"vgtk; raddl_correction","Cruz,J.L., Gonzales,R.M.C., Azul,R.R., Pena,R.C.D.",NA,0.999580959,"Canis lupus familiaris","Dog","Domestic","Luzon","OR971431","AL_Asian_SEA4"
"R3-2021-0501",NA,"OR971430","Canis lupus familiaris","brain","=""05-oct-2021""","date_collected","Calaylayan (pob.)","Abucay","Bataan-Abucay","Bataan","Bataan","Region III (Central Luzon)","Region III (Central Luzon)",NA,NA,"vgtk; raddl_correction","Cruz,J.L., Gonzales,R.M.C., Azul,R.R., Pena,R.C.D.",NA,0.999580959,"Canis lupus familiaris","Dog","Domestic","Luzon","OR971430","AL_Asian_SEA4"
"R3-2021-0498",NA,"OR971429","Canis lupus familiaris","brain","=""04-oct-2021""","date_collected","Pungo","Calumpit","Bulacan-Calumpit","Bulacan","Bulacan","Region III (Central Luzon)","Region III (Central Luzon)",NA,NA,"vgtk; raddl_correction","Cruz,J.L., Gonzales,R.M.C., Azul,R.R., Pena,R.C.D.",NA,0.999580959,"Canis lupus familiaris","Dog","Domestic","Luzon","OR971429","AL_Asian_SEA4"
"R3-2021-0495",NA,"OR971428","Canis lupus familiaris","brain","=""24-sep-2021""","date_collected","Mabiga","Mabalacat","Pampanga-Apalit","Pampanga","Pampanga","Region III (Central Luzon)","Region III (Central Luzon)",NA,NA,"vgtk; raddl_correction","Cruz,J.L., Gonzales,R.M.C., Azul,R.R., Pena,R.C.D.",NA,0.999664767,"Canis lupus familiaris","Dog","Domestic","Luzon","OR971428","AL_Asian_SEA4"
"R3-2021-0487",NA,"OR971427","Canis lupus familiaris","brain","=""10-sep-2021""","date_collected","Lourdes (lauc pau)","Lubao","Pampanga-Lubao","Pampanga","Pampanga","Region III (Central Luzon)","Region III (Central Luzon)",NA,NA,"vgtk; raddl_correction","Cruz,J.L., Gonzales,R.M.C., Azul,R.R., Pena,R.C.D.",NA,0.999580959,"Canis lupus familiaris","Dog","Domestic","Luzon","OR971427","AL_Asian_SEA4"
"R3-2021-0484",NA,"OR971426","Canis lupus familiaris","brain","=""09-sep-2021""","date_collected","Santa cruz ii","San jose del monte city","Bulacan-San Jose del Monte City","Bulacan","Bulacan","Region III (Central Luzon)","Region III (Central Luzon)",NA,NA,"vgtk; raddl_correction","Cruz,J.L., Gonzales,R.M.C., Azul,R.R., Pena,R.C.D.",NA,0.999580959,"Canis lupus familiaris","Dog","Domestic","Luzon","OR971426","AL_Asian_SEA4"
"R3-2021-0483",NA,"OR971425","Canis lupus familiaris","brain","=""09-sep-2021""","date_collected","Francisco homes-guijo","San jose del monte city","Bulacan-San Jose del Monte City","Bulacan","Bulacan","Region III (Central Luzon)","Region III (Central Luzon)",NA,NA,"vgtk; raddl_correction","Cruz,J.L., Gonzales,R.M.C., Azul,R.R., Pena,R.C.D.",NA,0.999580959,"Canis lupus familiaris","Dog","Domestic","Luzon","OR971425","AL_Asian_SEA4"
"R3-2021-0472",NA,"OR971424","Canis lupus familiaris","brain","=""03-sep-2021""","date_collected","San jose","Angeles city","Pampanga-Angeles City","Pampanga","Pampanga","Region III (Central Luzon)","Region III (Central Luzon)",NA,NA,"vgtk; raddl_correction","Cruz,J.L., Gonzales,R.M.C., Azul,R.R., Pena,R.C.D.",NA,0.999580959,"Canis lupus familiaris","Dog","Domestic","Luzon","OR971424","AL_Asian_SEA4"
"R3-2021-0469",NA,"OR971423","Canis lupus familiaris","brain","=""31-aug-2021""","date_collected","Santa cruz","Guiguinto","Bulacan-Guiguinto","Bulacan","Bulacan","Region III (Central Luzon)","Region III (Central Luzon)",NA,NA,"vgtk; raddl_correction","Cruz,J.L., Gonzales,R.M.C., Azul,R.R., Pena,R.C.D.",NA,0.999580959,"Canis lupus familiaris","Dog","Domestic","Luzon","OR971423","AL_Asian_SEA4"
"R3-2021-0468",NA,"OR971422","Canis lupus familiaris","brain","=""31-aug-2021""","date_collected","Santa cruz","Gapan city","Nueva Ecija-Gapan City","Nueva ecija","Nueva Ecija","Region III (Central Luzon)","Region III (Central Luzon)",NA,NA,"vgtk; raddl_correction","Cruz,J.L., Gonzales,R.M.C., Azul,R.R., Pena,R.C.D.",NA,0.999580959,"Canis lupus familiaris","Dog","Domestic","Luzon","OR971422","AL_Asian_SEA4"
"R3-2021-0467",NA,"OR971421","Canis lupus familiaris","brain","=""31-aug-2021""","date_collected","Solib","Floridablanca","Pampanga-Floridablanca","Pampanga","Pampanga","Region III (Central Luzon)","Region III (Central Luzon)",NA,NA,"vgtk; raddl_correction","Cruz,J.L., Gonzales,R.M.C., Azul,R.R., Pena,R.C.D.",NA,0.999580959,"Canis lupus familiaris","Dog","Domestic","Luzon","OR971421","AL_Asian_SEA4"
"R3-2021-0322",NA,"OR971420","Canis lupus familiaris","brain","=""24-may-2021""","date_collected","Matimbo","Malolos city","Bulacan-Malolos City","Bulacan","Bulacan","Region III (Central Luzon)","Region III (Central Luzon)",NA,NA,"vgtk; raddl_correction","Cruz,J.L., Gonzales,R.M.C., Azul,R.R., Pena,R.C.D.",NA,0.999580959,"Canis lupus familiaris","Dog","Domestic","Luzon","OR971420","AL_Asian_SEA4"
"R3-2021-0304",NA,"OR971419","Canis lupus familiaris","brain","=""05-may-2021""","date_collected","Santo niño","San simon","Pampanga-San Simon","Pampanga","Pampanga","Region III (Central Luzon)","Region III (Central Luzon)",NA,NA,"vgtk; raddl_correction","Cruz,J.L., Gonzales,R.M.C., Azul,R.R., Pena,R.C.D.",NA,0.999580959,"Canis lupus familiaris","Dog","Domestic","Luzon","OR971419","AL_Asian_SEA4"
"R3-2021-0300",NA,"OR971418","Canis lupus familiaris","brain","=""26-apr-2021""","date_collected","San nicolas","Floridablanca","Pampanga-Floridablanca","Pampanga","Pampanga","Region III (Central Luzon)","Region III (Central Luzon)",NA,NA,"vgtk; raddl_correction","Cruz,J.L., Gonzales,R.M.C., Azul,R.R., Pena,R.C.D.",NA,0.999161918,"Canis lupus familiaris","Dog","Domestic","Luzon","OR971418","AL_Asian_SEA4"
"R3-2021-0296",NA,"OR971417","Canis lupus familiaris","brain","=""16-apr-2021""","date_collected","San jose","Floridablanca","Pampanga-Floridablanca","Pampanga","Pampanga","Region III (Central Luzon)","Region III (Central Luzon)",NA,NA,"vgtk; raddl_correction","Cruz,J.L., Gonzales,R.M.C., Azul,R.R., Pena,R.C.D.",NA,0.999161918,"Canis lupus familiaris","Dog","Domestic","Luzon","OR971417","AL_Asian_SEA4"
"R3-2021-0294",NA,"OR971416","Canis lupus familiaris","brain","=""16-apr-2021""","date_collected","San isidro","Minalin","Pampanga-Minalin","Pampanga","Pampanga","Region III (Central Luzon)","Region III (Central Luzon)",NA,NA,"vgtk; raddl_correction","Cruz,J.L., Gonzales,R.M.C., Azul,R.R., Pena,R.C.D.",NA,0.999161918,"Canis lupus familiaris","Dog","Domestic","Luzon","OR971416","AL_Asian_SEA4"
"R3-2021-0289",NA,"OR971415","Canis lupus familiaris","brain","=""13-apr-2021""","date_collected","San isidro","Minalin","Pampanga-Minalin","Pampanga","Pampanga","Region III (Central Luzon)","Region III (Central Luzon)",NA,NA,"vgtk; raddl_correction","Cruz,J.L., Gonzales,R.M.C., Azul,R.R., Pena,R.C.D.",NA,0.999161918,"Canis lupus familiaris","Dog","Domestic","Luzon","OR971415","AL_Asian_SEA4"
"R3-2021-0286",NA,"OR971414","Canis lupus familiaris","brain","=""07-apr-2021""","date_collected","Atate","Palayan city","Nueva Ecija-Palayan City","Nueva ecija","Nueva Ecija","Region III (Central Luzon)","Region III (Central Luzon)",NA,NA,"vgtk; raddl_correction","Cruz,J.L., Gonzales,R.M.C., Azul,R.R., Pena,R.C.D.",NA,0.999161918,"Canis lupus familiaris","Dog","Domestic","Luzon","OR971414","AL_Asian_SEA4"
"R3-2021-0282",NA,"OR971413","Canis lupus familiaris","brain","=""05-apr-2021""","date_collected","Plaridel","Llanera","Nueva Ecija-Llanera","Nueva ecija","Nueva Ecija","Region III (Central Luzon)","Region III (Central Luzon)",NA,NA,"vgtk; raddl_correction","Cruz,J.L., Gonzales,R.M.C., Azul,R.R., Pena,R.C.D.",NA,0.999161918,"Canis lupus familiaris","Dog","Domestic","Luzon","OR971413","AL_Asian_SEA4"
"R3-2021-0274",NA,"OR971412","Canis lupus familiaris","brain","=""19-mar-2021""","date_collected","Omboy","Abucay","Bataan-Abucay","Bataan","Bataan","Region III (Central Luzon)","Region III (Central Luzon)",NA,NA,"vgtk; raddl_correction","Cruz,J.L., Gonzales,R.M.C., Azul,R.R., Pena,R.C.D.",NA,0.999161918,"Canis lupus familiaris","Dog","Domestic","Luzon","OR971412","AL_Asian_SEA4"
"R3-2019-6317",NA,"OR971411","Canis lupus familiaris","brain","=""13-sep-2019""","date_collected","Kaypian","San jose del monte city","Bulacan-San Jose del Monte City","Bulacan","Bulacan","Region III (Central Luzon)","Region III (Central Luzon)",NA,NA,"vgtk; raddl_correction","Cruz,J.L., Gonzales,R.M.C., Azul,R.R., Pena,R.C.D.",NA,0.999580959,"Canis lupus familiaris","Dog","Domestic","Luzon","OR971411","AL_Asian_SEA4"
"R3-2019-5829",NA,"OR971409","Canis lupus familiaris","brain","=""20-aug-2019""","date_collected","Loma de gato","Marilao","Bulacan-Marilao","Bulacan","Bulacan","Region III (Central Luzon)","Region III (Central Luzon)",NA,NA,"vgtk; raddl_correction","Cruz,J.L., Gonzales,R.M.C., Azul,R.R., Pena,R.C.D.",NA,0.999580959,"Canis lupus familiaris","Dog","Domestic","Luzon","OR971409","AL_Asian_SEA4"
"R3-2019-5590",NA,"OR971408","Canis lupus familiaris","brain","=""02-aug-2019""","date_collected","Francisco homes-narra","San jose del monte city","Bulacan-San Jose del Monte City","Bulacan","Bulacan","Region III (Central Luzon)","Region III (Central Luzon)",NA,NA,"vgtk; raddl_correction","Cruz,J.L., Gonzales,R.M.C., Azul,R.R., Pena,R.C.D.",NA,0.999580959,"Canis lupus familiaris","Dog","Domestic","Luzon","OR971408","AL_Asian_SEA4"
"R2-2021-125",NA,"OR971407","Canis lupus familiaris","brain","=""30-dec-2021""","date_collected","Parabba","Peñablanca","Cagayan-Peñablanca","Cagayan","Cagayan","Region II (Cagayan Valley)","Region II (Cagayan Valley)",NA,NA,"vgtk; raddl_correction","Cruz,J.L., Gonzales,R.M.C., Azul,R.R., Pena,R.C.D.",NA,0.999329534,"Canis lupus familiaris","Dog","Domestic","Luzon","OR971407","AL_Asian_SEA4"
"R2-2021-124",NA,"OR971406","Canis lupus familiaris","brain","=""27-dec-2021""","date_collected","Ugac norte","Tuguegarao city","Cagayan-Tuguegarao City","Cagayan","Cagayan","Region II (Cagayan Valley)","Region II (Cagayan Valley)",NA,NA,"vgtk; raddl_correction","Cruz,J.L., Gonzales,R.M.C., Azul,R.R., Pena,R.C.D.",NA,0.999329534,"Canis lupus familiaris","Dog","Domestic","Luzon","OR971406","AL_Asian_SEA4"
"R2-2021-121",NA,"OR971405","Canis lupus familiaris","brain","=""20-dec-2021""","date_collected","Auitan","San pablo","Isabela-Luna","Isabela","Isabela","Region II (Cagayan Valley)","Region II (Cagayan Valley)",NA,NA,"vgtk; raddl_correction","Cruz,J.L., Gonzales,R.M.C., Azul,R.R., Pena,R.C.D.",NA,0.999580959,"Canis lupus familiaris","Dog","Domestic","Luzon","OR971405","AL_Asian_SEA4"
"R2-2021-106",NA,"OR971404","Canis lupus familiaris","brain","=""11-may-2021""","date_collected","Poblacion 1","Santa maria","Isabela-Mallig","Isabela","Isabela","Region II (Cagayan Valley)","Region II (Cagayan Valley)",NA,NA,"vgtk; raddl_correction","Cruz,J.L., Gonzales,R.M.C., Azul,R.R., Pena,R.C.D.",NA,0.999245726,"Canis lupus familiaris","Dog","Domestic","Luzon","OR971404","AL_Asian_SEA4"
"R2-2021-087",NA,"OR971403","Canis lupus familiaris","brain","=""17-aug-2021""","date_collected","Pampang","Kayapa","Nueva Vizcaya-Kayapa","Nueva vizcaya","Nueva Vizcaya","Region II (Cagayan Valley)","Region II (Cagayan Valley)",NA,NA,"vgtk; raddl_correction","Cruz,J.L., Gonzales,R.M.C., Azul,R.R., Pena,R.C.D.",NA,0.999580959,"Canis lupus familiaris","Dog","Domestic","Luzon","OR971403","AL_Asian_SEA4"
"R2-2021-084",NA,"OR971402","Canis lupus familiaris","brain","=""13-aug-2021""","date_collected","Alimanao","Peñablanca","Cagayan-Peñablanca","Cagayan","Cagayan","Region II (Cagayan Valley)","Region II (Cagayan Valley)",NA,NA,"vgtk; raddl_correction","Cruz,J.L., Gonzales,R.M.C., Azul,R.R., Pena,R.C.D.",NA,0.999245726,"Canis lupus familiaris","Dog","Domestic","Luzon","OR971402","AL_Asian_SEA4"
"R2-2021-083",NA,"OR971401","Canis lupus familiaris","brain","=""08-oct-2021""","date_collected","Quezon","Solano","Nueva Vizcaya-Solano","Nueva vizcaya","Nueva Vizcaya","Region II (Cagayan Valley)","Region II (Cagayan Valley)",NA,NA,"vgtk; raddl_correction","Cruz,J.L., Gonzales,R.M.C., Azul,R.R., Pena,R.C.D.",NA,0.999580959,"Canis lupus familiaris","Dog","Domestic","Luzon","OR971401","AL_Asian_SEA4"
"R2-2021-082",NA,"OR971400","Canis lupus familiaris","brain","=""08-sep-2021""","date_collected","Luna","Roxas","Isabela-Roxas","Isabela","Isabela","Region II (Cagayan Valley)","Region II (Cagayan Valley)",NA,NA,"vgtk; raddl_correction","Cruz,J.L., Gonzales,R.M.C., Azul,R.R., Pena,R.C.D.",NA,0.999245726,"Canis lupus familiaris","Dog","Domestic","Luzon","OR971400","AL_Asian_SEA4"
"R2-2019-8228",NA,"OR971399","Canis lupus familiaris","brain","=""10-oct-2019""","date_collected","Purok 2, rizal","Santiago","Isabela-Gamu","Isabela","Isabela","Region II (Cagayan Valley)","Region II (Cagayan Valley)",NA,NA,"vgtk; raddl_correction","Cruz,J.L., Gonzales,R.M.C., Azul,R.R., Pena,R.C.D.",NA,0.999329534,"Canis lupus familiaris","Dog","Domestic","Luzon","OR971399","AL_Asian_SEA4"
"R2-2019-8204",NA,"OR971398","Canis lupus familiaris","brain","=""08-oct-2019""","date_collected","Purok 1, balintocatoc","Santiago","Isabela-Gamu","Isabela","Isabela","Region II (Cagayan Valley)","Region II (Cagayan Valley)",NA,NA,"vgtk; raddl_correction","Cruz,J.L., Gonzales,R.M.C., Azul,R.R., Pena,R.C.D.",NA,0.999329534,"Canis lupus familiaris","Dog","Domestic","Luzon","OR971398","AL_Asian_SEA4"
"R2-2019-8166",NA,"OR971397","Canis lupus familiaris","brain","=""07-oct-2019""","date_collected","District 1v","Bayombong","Nueva Vizcaya-Bayombong","Nueva vizcaya","Nueva Vizcaya","Region II (Cagayan Valley)","Region II (Cagayan Valley)",NA,NA,"vgtk; raddl_correction","Cruz,J.L., Gonzales,R.M.C., Azul,R.R., Pena,R.C.D.",NA,0.999329534,"Canis lupus familiaris","Dog","Domestic","Luzon","OR971397","AL_Asian_SEA4"
"R2-2019-8088",NA,"OR971396","Canis lupus familiaris","brain","=""04-oct-2019""","date_collected","Ngarag","Cabagan","Isabela-Gamu","Isabela","Isabela","Region II (Cagayan Valley)","Region II (Cagayan Valley)",NA,NA,"vgtk; raddl_correction","Cruz,J.L., Gonzales,R.M.C., Azul,R.R., Pena,R.C.D.",NA,0.999329534,"Canis lupus familiaris","Dog","Domestic","Luzon","OR971396","AL_Asian_SEA4"
"R2-2019-7838",NA,"OR971395","Canis lupus familiaris","brain","=""20-sep-2019""","date_collected","Don domingo maddela pob. (District i)","Bayombong","Nueva Vizcaya-Bayombong","Nueva vizcaya","Nueva Vizcaya","Region II (Cagayan Valley)","Region II (Cagayan Valley)",NA,NA,"vgtk; raddl_correction","Cruz,J.L., Gonzales,R.M.C., Azul,R.R., Pena,R.C.D.",NA,0.999329534,"Canis lupus familiaris","Dog","Domestic","Luzon","OR971395","AL_Asian_SEA4"
"18-142",NA,"OQ326784","Canis lupus familiaris","brain","=""01-Jan-2018""","date_collected",NA,"Nabunturan","Compostela Valley-Nabunturan","Davao de Oro (Compostela Valley)","Compostela Valley","Davao Region","Region XI (Davao Region)",NA,NA,"vgtk; manual_correction","Bacus,M.G., Buenaventura,S.G.C., Mamites,A.M.C., Elizagaque,H.G., Labrador,C., Delfin,F.C., Eng,M.N.J., Lagare,A.P., Marquez,G.N., Murao,L.A.E.",33878454,0.988937311,"Canis lupus familiaris","Dog","Domestic","Mindanao","OQ326784","AL_Asian_SEA4"
"18-181",NA,"OQ326783","Canis lupus familiaris","brain","=""01-Jan-2018""","date_collected",NA,"Davao","Davao del Sur-Sulop","Davao del Sur","Davao del Sur","Region XI (Davao Region)","Region XI (Davao Region)",NA,NA,"vgtk; manual_correction","Bacus,M.G., Buenaventura,S.G.C., Mamites,A.M.C., Elizagaque,H.G., Labrador,C., Delfin,F.C., Eng,M.N.J., Lagare,A.P., Marquez,G.N., Murao,L.A.E.",33878454,0.988937311,"Canis lupus familiaris","Dog","Domestic","Mindanao","OQ326783","AL_Asian_SEA4"
"18-221",NA,"OQ326782","Canis lupus familiaris","brain","=""01-Jan-2018""","date_collected",NA,"Davao","Davao del Sur-Sulop","Davao del Sur","Davao del Sur","Region XI (Davao Region)","Region XI (Davao Region)",NA,NA,"vgtk; manual_correction","Bacus,M.G., Buenaventura,S.G.C., Mamites,A.M.C., Elizagaque,H.G., Labrador,C., Delfin,F.C., Eng,M.N.J., Lagare,A.P., Marquez,G.N., Murao,L.A.E.",33878454,0.988937311,"Canis lupus familiaris","Dog","Domestic","Mindanao","OQ326782","AL_Asian_SEA4"
"18-209",NA,"OQ326781","Canis lupus familiaris","brain","=""01-Jan-2018""","date_collected",NA,"Davao","Davao del Sur-Sulop","Davao del Sur","Davao del Sur","Region XI (Davao Region)","Region XI (Davao Region)",NA,NA,"vgtk; manual_correction","Bacus,M.G., Buenaventura,S.G.C., Mamites,A.M.C., Elizagaque,H.G., Labrador,C., Delfin,F.C., Eng,M.N.J., Lagare,A.P., Marquez,G.N., Murao,L.A.E.",33878454,0.988937311,"Canis lupus familiaris","Dog","Domestic","Mindanao","OQ326781","AL_Asian_SEA4"
"18-194",NA,"OQ326780","Canis lupus familiaris","brain","=""01-Jan-2018""","date_collected",NA,"Davao","Davao del Sur-Sulop","Davao del Sur","Davao del Sur","Region XI (Davao Region)","Region XI (Davao Region)",NA,NA,"vgtk; manual_correction","Bacus,M.G., Buenaventura,S.G.C., Mamites,A.M.C., Elizagaque,H.G., Labrador,C., Delfin,F.C., Eng,M.N.J., Lagare,A.P., Marquez,G.N., Murao,L.A.E.",33878454,0.988937311,"Canis lupus familiaris","Dog","Domestic","Mindanao","OQ326780","AL_Asian_SEA4"
"18-196",NA,"OQ326779","Canis lupus familiaris","brain","=""01-Jan-2018""","date_collected",NA,"Davao","Davao del Sur-Sulop","Davao del Sur","Davao del Sur","Region XI (Davao Region)","Region XI (Davao Region)",NA,NA,"vgtk; manual_correction","Bacus,M.G., Buenaventura,S.G.C., Mamites,A.M.C., Elizagaque,H.G., Labrador,C., Delfin,F.C., Eng,M.N.J., Lagare,A.P., Marquez,G.N., Murao,L.A.E.",33878454,0.988937311,"Canis lupus familiaris","Dog","Domestic","Mindanao","OQ326779","AL_Asian_SEA4"
"18-223",NA,"OQ326778","Canis lupus familiaris","brain","=""01-Jan-2018""","date_collected",NA,"Davao","Davao del Sur-Sulop","Davao del Sur","Davao del Sur","Region XI (Davao Region)","Region XI (Davao Region)",NA,NA,"vgtk; manual_correction","Bacus,M.G., Buenaventura,S.G.C., Mamites,A.M.C., Elizagaque,H.G., Labrador,C., Delfin,F.C., Eng,M.N.J., Lagare,A.P., Marquez,G.N., Murao,L.A.E.",33878454,0.988937311,"Canis lupus familiaris","Dog","Domestic","Mindanao","OQ326778","AL_Asian_SEA4"
"18-183",NA,"OQ326777","Canis lupus familiaris","brain","=""01-Jan-2018""","date_collected",NA,"Davao","Davao del Sur-Sulop","Davao del Sur","Davao del Sur","Region XI (Davao Region)","Region XI (Davao Region)",NA,NA,"vgtk; manual_correction","Bacus,M.G., Buenaventura,S.G.C., Mamites,A.M.C., Elizagaque,H.G., Labrador,C., Delfin,F.C., Eng,M.N.J., Lagare,A.P., Marquez,G.N., Murao,L.A.E.",33878454,0.988937311,"Canis lupus familiaris","Dog","Domestic","Mindanao","OQ326777","AL_Asian_SEA4"
"18-144",NA,"OQ326776","Canis lupus familiaris","brain","=""01-Jan-2018""","date_collected",NA,"Davao","Davao del Sur-Sulop","Davao del Sur","Davao del Sur","Region XI (Davao Region)","Region XI (Davao Region)",NA,NA,"vgtk; manual_correction","Bacus,M.G., Buenaventura,S.G.C., Mamites,A.M.C., Elizagaque,H.G., Labrador,C., Delfin,F.C., Eng,M.N.J., Lagare,A.P., Marquez,G.N., Murao,L.A.E.",33878454,0.988937311,"Canis lupus familiaris","Dog","Domestic","Mindanao","OQ326776","AL_Asian_SEA4"
"18-179",NA,"OQ326775","Canis lupus familiaris","brain","=""01-Jan-2018""","date_collected",NA,NA,NA,"Cotabato (North Cotabato)","North Cotabato","Region XII (Soccsksargen)","Region XII (Soccsksargen)",NA,NA,"vgtk; manual_correction","Bacus,M.G., Buenaventura,S.G.C., Mamites,A.M.C., Elizagaque,H.G., Labrador,C., Delfin,F.C., Eng,M.N.J., Lagare,A.P., Marquez,G.N., Murao,L.A.E.",33878454,0.988937311,"Canis lupus familiaris","Dog","Domestic","Mindanao","OQ326775","AL_Asian_SEA4"
"18-151",NA,"OQ326774","Canis lupus familiaris","brain","=""01-Jan-2018""","date_collected",NA,"Davao","Davao del Sur-Sulop","Davao del Sur","Davao del Sur","Region XI (Davao Region)","Region XI (Davao Region)",NA,NA,"vgtk; manual_correction","Bacus,M.G., Buenaventura,S.G.C., Mamites,A.M.C., Elizagaque,H.G., Labrador,C., Delfin,F.C., Eng,M.N.J., Lagare,A.P., Marquez,G.N., Murao,L.A.E.",33878454,0.988937311,"Canis lupus familiaris","Dog","Domestic","Mindanao","OQ326774","AL_Asian_SEA4"
"18-153",NA,"OQ326773","Canis lupus familiaris","brain","=""01-Jan-2018""","date_collected",NA,"Davao","Davao del Sur-Sulop","Davao del Sur","Davao del Sur","Region XI (Davao Region)","Region XI (Davao Region)",NA,NA,"vgtk; manual_correction","Bacus,M.G., Buenaventura,S.G.C., Mamites,A.M.C., Elizagaque,H.G., Labrador,C., Delfin,F.C., Eng,M.N.J., Lagare,A.P., Marquez,G.N., Murao,L.A.E.",33878454,0.988937311,"Canis lupus familiaris","Dog","Domestic","Mindanao","OQ326773","AL_Asian_SEA4"
"18-147",NA,"OQ326772","Canis lupus familiaris","brain","=""01-Jan-2018""","date_collected",NA,"Davao","Davao del Sur-Sulop","Davao del Sur","Davao del Sur","Region XI (Davao Region)","Region XI (Davao Region)",NA,NA,"vgtk; manual_correction","Bacus,M.G., Buenaventura,S.G.C., Mamites,A.M.C., Elizagaque,H.G., Labrador,C., Delfin,F.C., Eng,M.N.J., Lagare,A.P., Marquez,G.N., Murao,L.A.E.",33878454,0.988937311,"Canis lupus familiaris","Dog","Domestic","Mindanao","OQ326772","AL_Asian_SEA4"
"18-225",NA,"OQ326771","Canis lupus familiaris","brain","=""01-Jan-2018""","date_collected",NA,"Davao","Davao del Sur-Sulop","Davao del Sur","Davao del Sur","Region XI (Davao Region)","Region XI (Davao Region)",NA,NA,"vgtk; manual_correction","Bacus,M.G., Buenaventura,S.G.C., Mamites,A.M.C., Elizagaque,H.G., Labrador,C., Delfin,F.C., Eng,M.N.J., Lagare,A.P., Marquez,G.N., Murao,L.A.E.",33878454,0.988937311,"Canis lupus familiaris","Dog","Domestic","Mindanao","OQ326771","AL_Asian_SEA4"
"19-022",NA,"OQ326770","Canis lupus familiaris","brain","=""01-Jan-2019""","date_collected",NA,"Davao","Davao del Sur-Sulop","Davao del Sur","Davao del Sur","Region XI (Davao Region)","Region XI (Davao Region)",NA,NA,"vgtk; manual_correction","Bacus,M.G., Buenaventura,S.G.C., Mamites,A.M.C., Elizagaque,H.G., Labrador,C., Delfin,F.C., Eng,M.N.J., Lagare,A.P., Marquez,G.N., Murao,L.A.E.",33878454,0.988937311,"Canis lupus familiaris","Dog","Domestic","Mindanao","OQ326770","AL_Asian_SEA4"
"18-224",NA,"OQ326769","Canis lupus familiaris","brain","=""01-Jan-2018""","date_collected",NA,"Davao","Davao del Sur-Sulop","Davao del Sur","Davao del Sur","Region XI (Davao Region)","Region XI (Davao Region)",NA,NA,"vgtk; manual_correction","Bacus,M.G., Buenaventura,S.G.C., Mamites,A.M.C., Elizagaque,H.G., Labrador,C., Delfin,F.C., Eng,M.N.J., Lagare,A.P., Marquez,G.N., Murao,L.A.E.",33878454,0.988937311,"Canis lupus familiaris","Dog","Domestic","Mindanao","OQ326769","AL_Asian_SEA4"
"18-191",NA,"OQ326768","Canis lupus familiaris","brain","=""01-Jan-2018""","date_collected",NA,"Davao","Davao del Sur-Sulop","Davao del Sur","Davao del Sur","Region XI (Davao Region)","Region XI (Davao Region)",NA,NA,"vgtk; manual_correction","Bacus,M.G., Buenaventura,S.G.C., Mamites,A.M.C., Elizagaque,H.G., Labrador,C., Delfin,F.C., Eng,M.N.J., Lagare,A.P., Marquez,G.N., Murao,L.A.E.",33878454,0.988937311,"Canis lupus familiaris","Dog","Domestic","Mindanao","OQ326768","AL_Asian_SEA4"
"18-135",NA,"OQ326767","Canis lupus familiaris","brain","=""01-Jan-2018""","date_collected",NA,"Davao","Davao del Sur-Sulop","Davao del Sur","Davao del Sur","Region XI (Davao Region)","Region XI (Davao Region)",NA,NA,"vgtk; manual_correction","Bacus,M.G., Buenaventura,S.G.C., Mamites,A.M.C., Elizagaque,H.G., Labrador,C., Delfin,F.C., Eng,M.N.J., Lagare,A.P., Marquez,G.N., Murao,L.A.E.",33878454,0.988937311,"Canis lupus familiaris","Dog","Domestic","Mindanao","OQ326767","AL_Asian_SEA4"
"18-121",NA,"OQ326766","Canis lupus familiaris","brain","=""01-Jan-2018""","date_collected",NA,"Davao","Davao del Sur-Sulop","Davao del Sur","Davao del Sur","Region XI (Davao Region)","Region XI (Davao Region)",NA,NA,"vgtk; manual_correction","Bacus,M.G., Buenaventura,S.G.C., Mamites,A.M.C., Elizagaque,H.G., Labrador,C., Delfin,F.C., Eng,M.N.J., Lagare,A.P., Marquez,G.N., Murao,L.A.E.",33878454,0.988937311,"Canis lupus familiaris","Dog","Domestic","Mindanao","OQ326766","AL_Asian_SEA4"
"19-050",NA,"OQ326765","Canis lupus familiaris","brain","=""01-Jan-2019""","date_collected",NA,"Panabo","Davao del Norte-Carmen","Davao del Norte","Davao del Norte","Davao Region","Region XI (Davao Region)",NA,NA,"vgtk; manual_correction","Bacus,M.G., Buenaventura,S.G.C., Mamites,A.M.C., Elizagaque,H.G., Labrador,C., Delfin,F.C., Eng,M.N.J., Lagare,A.P., Marquez,G.N., Murao,L.A.E.",33878454,0.988937311,"Canis lupus familiaris","Dog","Domestic","Mindanao","OQ326765","AL_Asian_SEA4"
"18-096",NA,"OQ326764","Canis lupus familiaris","brain","=""01-Jan-2018""","date_collected",NA,"Davao","Davao del Sur-Sulop","Davao del Sur","Davao del Sur","Region XI (Davao Region)","Region XI (Davao Region)",NA,NA,"vgtk; manual_correction","Bacus,M.G., Buenaventura,S.G.C., Mamites,A.M.C., Elizagaque,H.G., Labrador,C., Delfin,F.C., Eng,M.N.J., Lagare,A.P., Marquez,G.N., Murao,L.A.E.",33878454,0.988937311,"Canis lupus familiaris","Dog","Domestic","Mindanao","OQ326764","AL_Asian_SEA4"
"19-045",NA,"OQ326763","Canis lupus familiaris","brain","=""01-Jan-2019""","date_collected",NA,"Davao","Davao del Sur-Sulop","Davao del Sur","Davao del Sur","Region XI (Davao Region)","Region XI (Davao Region)",NA,NA,"vgtk; manual_correction","Bacus,M.G., Buenaventura,S.G.C., Mamites,A.M.C., Elizagaque,H.G., Labrador,C., Delfin,F.C., Eng,M.N.J., Lagare,A.P., Marquez,G.N., Murao,L.A.E.",33878454,0.988937311,"Canis lupus familiaris","Dog","Domestic","Mindanao","OQ326763","AL_Asian_SEA4"
"18-120",NA,"OQ326762","Canis lupus familiaris","brain","=""01-Jan-2018""","date_collected",NA,"Davao","Davao del Sur-Sulop","Davao del Sur","Davao del Sur","Region XI (Davao Region)","Region XI (Davao Region)",NA,NA,"vgtk; manual_correction","Bacus,M.G., Buenaventura,S.G.C., Mamites,A.M.C., Elizagaque,H.G., Labrador,C., Delfin,F.C., Eng,M.N.J., Lagare,A.P., Marquez,G.N., Murao,L.A.E.",33878454,0.988937311,"Canis lupus familiaris","Dog","Domestic","Mindanao","OQ326762","AL_Asian_SEA4"
"18-094",NA,"OQ326761","Canis lupus familiaris","brain","=""01-Jan-2018""","date_collected",NA,"Davao","Davao del Sur-Sulop","Davao del Sur","Davao del Sur","Region XI (Davao Region)","Region XI (Davao Region)",NA,NA,"vgtk; manual_correction","Bacus,M.G., Buenaventura,S.G.C., Mamites,A.M.C., Elizagaque,H.G., Labrador,C., Delfin,F.C., Eng,M.N.J., Lagare,A.P., Marquez,G.N., Murao,L.A.E.",33878454,0.988937311,"Canis lupus familiaris","Dog","Domestic","Mindanao","OQ326761","AL_Asian_SEA4"
"18-133",NA,"OQ326760","Canis lupus familiaris","brain","=""01-Jan-2018""","date_collected",NA,"Tagum","Davao del Norte-Carmen","Davao del Norte","Davao del Norte","Region XI (Davao Region)","Region XI (Davao Region)",NA,NA,"vgtk; manual_correction","Bacus,M.G., Buenaventura,S.G.C., Mamites,A.M.C., Elizagaque,H.G., Labrador,C., Delfin,F.C., Eng,M.N.J., Lagare,A.P., Marquez,G.N., Murao,L.A.E.",33878454,0.988937311,"Canis lupus familiaris","Dog","Domestic","Mindanao","OQ326760","AL_Asian_SEA4"
"18-130",NA,"OQ326759","Canis lupus familiaris","brain","=""01-Jan-2018""","date_collected",NA,"Davao","Davao del Sur-Sulop","Davao del Sur","Davao del Sur","Region XI (Davao Region)","Region XI (Davao Region)",NA,NA,"vgtk; manual_correction","Bacus,M.G., Buenaventura,S.G.C., Mamites,A.M.C., Elizagaque,H.G., Labrador,C., Delfin,F.C., Eng,M.N.J., Lagare,A.P., Marquez,G.N., Murao,L.A.E.",33878454,0.988937311,"Canis lupus familiaris","Dog","Domestic","Mindanao","OQ326759","AL_Asian_SEA4"
"18-118",NA,"OQ326758","Canis lupus familiaris","brain","=""01-Jan-2018""","date_collected","Cogon","Digos","Davao del Sur-Sulop","Davao del Sur","Davao del Sur","Region XI (Davao Region)","Region XI (Davao Region)",NA,NA,"vgtk; manual_correction","Bacus,M.G., Buenaventura,S.G.C., Mamites,A.M.C., Elizagaque,H.G., Labrador,C., Delfin,F.C., Eng,M.N.J., Lagare,A.P., Marquez,G.N., Murao,L.A.E.",33878454,0.988937311,"Canis lupus familiaris","Dog","Domestic","Mindanao","OQ326758","AL_Asian_SEA4"
"18-092",NA,"OQ326757","Canis lupus familiaris","brain","=""01-Jan-2018""","date_collected",NA,"Davao","Davao del Sur-Sulop","Davao del Sur","Davao del Sur","Region XI (Davao Region)","Region XI (Davao Region)",NA,NA,"vgtk; manual_correction","Bacus,M.G., Buenaventura,S.G.C., Mamites,A.M.C., Elizagaque,H.G., Labrador,C., Delfin,F.C., Eng,M.N.J., Lagare,A.P., Marquez,G.N., Murao,L.A.E.",33878454,0.988937311,"Canis lupus familiaris","Dog","Domestic","Mindanao","OQ326757","AL_Asian_SEA4"
"18-114",NA,"OQ326756","Canis lupus familiaris","brain","=""01-Jan-2018""","date_collected",NA,"Davao","Davao del Sur-Sulop","Davao del Sur","Davao del Sur","Region XI (Davao Region)","Region XI (Davao Region)",NA,NA,"vgtk; manual_correction","Bacus,M.G., Buenaventura,S.G.C., Mamites,A.M.C., Elizagaque,H.G., Labrador,C., Delfin,F.C., Eng,M.N.J., Lagare,A.P., Marquez,G.N., Murao,L.A.E.",33878454,0.988937311,"Canis lupus familiaris","Dog","Domestic","Mindanao","OQ326756","AL_Asian_SEA4"
"18-101",NA,"OQ326755","Canis lupus familiaris","brain","=""01-Jan-2018""","date_collected",NA,"Davao","Davao del Sur-Sulop","Davao del Sur","Davao del Sur","Region XI (Davao Region)","Region XI (Davao Region)",NA,NA,"vgtk; manual_correction","Bacus,M.G., Buenaventura,S.G.C., Mamites,A.M.C., Elizagaque,H.G., Labrador,C., Delfin,F.C., Eng,M.N.J., Lagare,A.P., Marquez,G.N., Murao,L.A.E.",33878454,0.988937311,"Canis lupus familiaris","Dog","Domestic","Mindanao","OQ326755","AL_Asian_SEA4"
"R6-2021-4568",NA,"OR971544","Canis lupus familiaris","brain","=""12-oct-2021""","date_collected","Avila","Buenavista","Guimaras-Buenavista","Guimaras","Guimaras","Region VI (Western Visayas)","Region VI (Western Visayas)",NA,NA,"vgtk; raddl_correction","Cruz,J.L., Gonzales,R.M.C., Azul,R.R., Pena,R.C.D.",NA,0.999664767,"Canis lupus familiaris","Dog","Domestic","Visayas","OR971544","AL_Asian_SEA4"
"R6-2021-4511",NA,"OR971543","Canis lupus familiaris","brain","=""07-oct-2021""","date_collected","San isidro","Sibalom","Antique-Sibalom","Antique","Antique","Region VI (Western Visayas)","Region VI (Western Visayas)",NA,NA,"vgtk; raddl_correction","Cruz,J.L., Gonzales,R.M.C., Azul,R.R., Pena,R.C.D.",NA,0.999413342,"Canis lupus familiaris","Dog","Domestic","Visayas","OR971543","AL_Asian_SEA4"
"R6-2021-4447",NA,"OR971542","Canis lupus familiaris","brain","=""06-oct-2021""","date_collected","Silagon","Ajuy","Iloilo-Ajuy","Iloilo","Iloilo","Region VI (Western Visayas)","Region VI (Western Visayas)",NA,NA,"vgtk; raddl_correction","Cruz,J.L., Gonzales,R.M.C., Azul,R.R., Pena,R.C.D.",NA,0.999664767,"Canis lupus familiaris","Dog","Domestic","Visayas","OR971542","AL_Asian_SEA4"
"R6-2021-4446",NA,"OR971541","Canis lupus familiaris","brain","=""06-oct-2021""","date_collected",NA,"Barotac nuevo","Iloilo-Barotac Nuevo","Iloilo","Iloilo","Region VI (Western Visayas)","Region VI (Western Visayas)",NA,NA,"vgtk; raddl_correction","Cruz,J.L., Gonzales,R.M.C., Azul,R.R., Pena,R.C.D.",NA,0.999664767,"Canis lupus familiaris","Dog","Domestic","Visayas","OR971541","AL_Asian_SEA4"
"R6-2021-4431",NA,"OR971540","Canis lupus familiaris","brain","=""05-oct-2021""","date_collected","Kirayan","Miagao","Iloilo-Miagao","Iloilo","Iloilo","Region VI (Western Visayas)","Region VI (Western Visayas)",NA,NA,"vgtk; raddl_correction","Cruz,J.L., Gonzales,R.M.C., Azul,R.R., Pena,R.C.D.",NA,0.999664767,"Canis lupus familiaris","Dog","Domestic","Visayas","OR971540","AL_Asian_SEA4"
"R6-2019-3499",NA,"OR971539","Canis lupus familiaris","brain","=""10-oct-2019""","date_collected","Barangay 14 pob.","San miguel","Iloilo-San Miguel","Iloilo","Iloilo","Region VI (Western Visayas)","Region VI (Western Visayas)",NA,NA,"vgtk; raddl_correction","Cruz,J.L., Gonzales,R.M.C., Azul,R.R., Pena,R.C.D.",NA,0.999664767,"Canis lupus familiaris","Dog","Domestic","Visayas","OR971539","AL_Asian_SEA4"
"R6-2019-3303",NA,"OR971538","Canis lupus familiaris","brain","=""17-sep-2019""","date_collected","Egana",NA,NA,"Antique","Antique","Region VI (Western Visayas)","Region VI (Western Visayas)",NA,NA,"vgtk; raddl_correction","Cruz,J.L., Gonzales,R.M.C., Azul,R.R., Pena,R.C.D.",NA,0.999664767,"Canis lupus familiaris","Dog","Domestic","Visayas","OR971538","AL_Asian_SEA4"
"R6-2019-2940",NA,"OR971537","Canis lupus familiaris","brain","=""29-aug-2019""","date_collected","Poblacion","Jamindan","Capiz-Dao","Capiz","Capiz","Region VI (Western Visayas)","Region VI (Western Visayas)",NA,NA,"vgtk; raddl_correction","Cruz,J.L., Gonzales,R.M.C., Azul,R.R., Pena,R.C.D.",NA,0.999664767,"Canis lupus familiaris","Dog","Domestic","Visayas","OR971537","AL_Asian_SEA4"
"R6-2019-2722",NA,"OR971536","Canis lupus familiaris","brain","=""17-jun-2019""","date_collected","Igang","Nueva valencia","Guimaras-Nueva Valencia","Guimaras","Guimaras","Region VI (Western Visayas)","Region VI (Western Visayas)",NA,NA,"vgtk; raddl_correction","Cruz,J.L., Gonzales,R.M.C., Azul,R.R., Pena,R.C.D.",NA,0.999664767,"Canis lupus familiaris","Dog","Domestic","Visayas","OR971536","AL_Asian_SEA4"
"R6-2019-2184",NA,"OR971535","Canis lupus familiaris","brain","=""11-jun-2019""","date_collected",NA,"Iloilo city","Iloilo-Ajuy","Iloilo","Iloilo","Region VI (Western Visayas)","Region VI (Western Visayas)",NA,NA,"vgtk; raddl_correction","Cruz,J.L., Gonzales,R.M.C., Azul,R.R., Pena,R.C.D.",NA,0.999664767,"Canis lupus familiaris","Dog","Domestic","Visayas","OR971535","AL_Asian_SEA4"
"R6-2019-1399",NA,"OR971534","Canis lupus familiaris","brain","=""15-apr-2019""","date_collected","Baybay","Tangalan","Aklan-Batan","Aklan","Aklan","Region VI (Western Visayas)","Region VI (Western Visayas)",NA,NA,"vgtk; raddl_correction","Cruz,J.L., Gonzales,R.M.C., Azul,R.R., Pena,R.C.D.",NA,0.999161918,"Canis lupus familiaris","Dog","Domestic","Visayas","OR971534","AL_Asian_SEA4"
"R5-2021-0517",NA,"OR971533","Canis lupus familiaris","brain","=""10-May-2021""","date_collected","Batobalani","Paracale","Camarines Norte-Paracale","Camarines Norte","Camarines Norte","Region V (Bicol Region)","Region V (Bicol Region)",NA,NA,"vgtk; raddl_correction","Cruz,J.L., Gonzales,R.M.C., Azul,R.R., Pena,R.C.D.",NA,0.999329534,"Canis lupus familiaris","Dog","Domestic","Luzon","OR971533","AL_Asian_SEA4"
"R5-2021-0478",NA,"OR971532","Canis lupus familiaris","brain","=""06-May-2021""","date_collected","San antonio","Tabaco city","Albay-Tabaco City","Albay","Albay","Region V (Bicol Region)","Region V (Bicol Region)",NA,NA,"vgtk; raddl_correction","Cruz,J.L., Gonzales,R.M.C., Azul,R.R., Pena,R.C.D.",NA,0.999329534,"Canis lupus familiaris","Dog","Domestic","Luzon","OR971532","AL_Asian_SEA4"
"R5-2021-0475",NA,"OR971531","Canis lupus familiaris","brain","=""05-May-2021""","date_collected","Catalotoan","Sagñay","Camarines Sur-Goa","Camarines Sur","Camarines Sur","Region V (Bicol Region)","Region V (Bicol Region)",NA,NA,"vgtk; raddl_correction","Cruz,J.L., Gonzales,R.M.C., Azul,R.R., Pena,R.C.D.",NA,0.999329534,"Canis lupus familiaris","Dog","Domestic","Luzon","OR971531","AL_Asian_SEA4"
"R5-2021-0472",NA,"OR971530","Canis lupus familiaris","brain","=""03-May-2021""","date_collected","Calangcawan sur","Vinzons","Camarines Norte-Vinzons","Camarines Norte","Camarines Norte","Region V (Bicol Region)","Region V (Bicol Region)",NA,NA,"vgtk; raddl_correction","Cruz,J.L., Gonzales,R.M.C., Azul,R.R., Pena,R.C.D.",NA,0.999329534,"Canis lupus familiaris","Dog","Domestic","Luzon","OR971530","AL_Asian_SEA4"
"R5-2021-0470",NA,"OR971529","Canis lupus familiaris","brain","=""03-May-2021""","date_collected","Poblacion","Talisay","Camarines Norte-Daet","Camarines Norte","Camarines Norte","Region V (Bicol Region)","Region V (Bicol Region)",NA,NA,"vgtk; raddl_correction","Cruz,J.L., Gonzales,R.M.C., Azul,R.R., Pena,R.C.D.",NA,0.999329534,"Canis lupus familiaris","Dog","Domestic","Luzon","OR971529","AL_Asian_SEA4"
"R5-2021-0447",NA,"OR971528","Canis lupus familiaris","brain","=""26-Apr-2021""","date_collected","Managanaga","Bulan","Sorsogon-Bulan","Sorsogon","Sorsogon","Region V (Bicol Region)","Region V (Bicol Region)",NA,NA,"vgtk; raddl_correction","Cruz,J.L., Gonzales,R.M.C., Azul,R.R., Pena,R.C.D.",NA,0.999413342,"Canis lupus familiaris","Dog","Domestic","Luzon","OR971528","AL_Asian_SEA4"
"R5-2021-0446",NA,"OR971527","Canis lupus familiaris","brain","=""27-Apr-2021""","date_collected","Azucena","Sipocot","Camarines Sur-Sipocot","Camarines Sur","Camarines Sur","Region V (Bicol Region)","Region V (Bicol Region)",NA,NA,"vgtk; raddl_correction","Cruz,J.L., Gonzales,R.M.C., Azul,R.R., Pena,R.C.D.",NA,0.999329534,"Canis lupus familiaris","Dog","Domestic","Luzon","OR971527","AL_Asian_SEA4"
"R5-2021-0445",NA,"OR971526","Canis lupus familiaris","brain","=""26-Apr-2021""","date_collected","San francisco","Bulan","Sorsogon-Bulan","Sorsogon","Sorsogon","Region V (Bicol Region)","Region V (Bicol Region)",NA,NA,"vgtk; raddl_correction","Cruz,J.L., Gonzales,R.M.C., Azul,R.R., Pena,R.C.D.",NA,0.999329534,"Canis lupus familiaris","Dog","Domestic","Luzon","OR971526","AL_Asian_SEA4"
"R5-2021-0426",NA,"OR971525","Canis lupus familiaris","brain","=""19-Apr-2021""","date_collected","Tuburan","Ligao city","Albay-Ligao City","Albay","Albay","Region V (Bicol Region)","Region V (Bicol Region)",NA,NA,"vgtk; raddl_correction","Cruz,J.L., Gonzales,R.M.C., Azul,R.R., Pena,R.C.D.",NA,0.999329534,"Canis lupus familiaris","Dog","Domestic","Luzon","OR971525","AL_Asian_SEA4"
"R5-2021-0424",NA,"OR971524","Canis lupus familiaris","brain","=""19-Apr-2021""","date_collected","Bactas","Basud","Camarines Norte-Basud","Camarines Norte","Camarines Norte","Region V (Bicol Region)","Region V (Bicol Region)",NA,NA,"vgtk; raddl_correction","Cruz,J.L., Gonzales,R.M.C., Azul,R.R., Pena,R.C.D.",NA,0.999329534,"Canis lupus familiaris","Dog","Domestic","Luzon","OR971524","AL_Asian_SEA4"
"R5-2021-0404",NA,"OR971523","Canis lupus familiaris","brain","=""12-Apr-2021""","date_collected","Tara","Sipocot","Camarines Sur-Sipocot","Camarines Sur","Camarines Sur","Region V (Bicol Region)","Region V (Bicol Region)",NA,NA,"vgtk; raddl_correction","Cruz,J.L., Gonzales,R.M.C., Azul,R.R., Pena,R.C.D.",NA,0.999161918,"Canis lupus familiaris","Dog","Domestic","Luzon","OR971523","AL_Asian_SEA4"
"R5-2021-0376",NA,"OR971522","Canis lupus familiaris","brain","=""02-Apr-2021""","date_collected","Burgos","Daraga","Albay-Daraga","Albay","Albay","Region V (Bicol Region)","Region V (Bicol Region)",NA,NA,"vgtk; raddl_correction","Cruz,J.L., Gonzales,R.M.C., Azul,R.R., Pena,R.C.D.",NA,0.999329534,"Canis lupus familiaris","Dog","Domestic","Luzon","OR971522","AL_Asian_SEA4"
"R5-2021-0335",NA,"OR971521","Canis lupus familiaris","brain","=""22-Mar-2021""","date_collected","Inarado","Daraga","Albay-Daraga","Albay","Albay","Region V (Bicol Region)","Region V (Bicol Region)",NA,NA,"vgtk; raddl_correction","Cruz,J.L., Gonzales,R.M.C., Azul,R.R., Pena,R.C.D.",NA,0.999329534,"Canis lupus familiaris","Dog","Domestic","Luzon","OR971521","AL_Asian_SEA4"
"R5-2021-0334",NA,"OR971520","Canis lupus familiaris","brain","=""22-Mar-2021""","date_collected","San vicente","Bulan","Sorsogon-Bulan","Sorsogon","Sorsogon","Region V (Bicol Region)","Region V (Bicol Region)",NA,NA,"vgtk; raddl_correction","Cruz,J.L., Gonzales,R.M.C., Azul,R.R., Pena,R.C.D.",NA,0.999329534,"Canis lupus familiaris","Dog","Domestic","Luzon","OR971520","AL_Asian_SEA4"
"R5-2021-0329",NA,"OR971519","Canis lupus familiaris","brain","=""22-Mar-2021""","date_collected","Dinaga","Naga city","Camarines Sur-Bato","Camarines Sur","Camarines Sur","Region V (Bicol Region)","Region V (Bicol Region)",NA,NA,"vgtk; raddl_correction","Cruz,J.L., Gonzales,R.M.C., Azul,R.R., Pena,R.C.D.",NA,0.999329534,"Canis lupus familiaris","Dog","Domestic","Luzon","OR971519","AL_Asian_SEA4"
"R5-2021-0328",NA,"OR971518","Canis lupus familiaris","brain","=""22-Mar-2021""","date_collected","Igualdad","Naga city","Camarines Sur-Bato","Camarines Sur","Camarines Sur","Region V (Bicol Region)","Region V (Bicol Region)",NA,NA,"vgtk; raddl_correction","Cruz,J.L., Gonzales,R.M.C., Azul,R.R., Pena,R.C.D.",NA,0.999329534,"Canis lupus familiaris","Dog","Domestic","Luzon","OR971518","AL_Asian_SEA4"
"R5-2021-0278",NA,"OR971517","Canis lupus familiaris","brain","=""05-Mar-2021""","date_collected","San miguel","Tiwi","Albay-Tiwi","Albay","Albay","Region V (Bicol Region)","Region V (Bicol Region)",NA,NA,"vgtk; raddl_correction","Cruz,J.L., Gonzales,R.M.C., Azul,R.R., Pena,R.C.D.",NA,0.999329534,"Canis lupus familiaris","Dog","Domestic","Luzon","OR971517","AL_Asian_SEA4"
"R5-2021-0276",NA,"OR971516","Canis lupus familiaris","brain","=""05-Mar-2021""","date_collected","Cuyapi","Libmanan","Camarines Sur-Libmanan","Camarines Sur","Camarines Sur","Region V (Bicol Region)","Region V (Bicol Region)",NA,NA,"vgtk; raddl_correction","Cruz,J.L., Gonzales,R.M.C., Azul,R.R., Pena,R.C.D.",NA,0.999329534,"Canis lupus familiaris","Dog","Domestic","Luzon","OR971516","AL_Asian_SEA4"
"R5-2021-0142",NA,"OR971515","Canis lupus familiaris","brain","=""01-Feb-2021""","date_collected","Concepcion pequeña","Naga city","Camarines Sur-Bato","Camarines Sur","Camarines Sur","Region V (Bicol Region)","Region V (Bicol Region)",NA,NA,"vgtk; raddl_correction","Cruz,J.L., Gonzales,R.M.C., Azul,R.R., Pena,R.C.D.",NA,0.999329534,"Canis lupus familiaris","Dog","Domestic","Luzon","OR971515","AL_Asian_SEA4"
"R5-2021-0140",NA,"OR971514","Canis lupus familiaris","brain","=""01-Feb-2021""","date_collected","Dalas","Labo","Camarines Norte-Labo","Camarines Norte","Camarines Norte","Region V (Bicol Region)","Region V (Bicol Region)",NA,NA,"vgtk; raddl_correction","Cruz,J.L., Gonzales,R.M.C., Azul,R.R., Pena,R.C.D.",NA,0.999329534,"Canis lupus familiaris","Dog","Domestic","Luzon","OR971514","AL_Asian_SEA4"
"R5-2021-0139",NA,"OR971513","Canis lupus familiaris","brain","=""01-Feb-2021""","date_collected","Lag-on","Daet","Camarines Norte-Daet","Camarines Norte","Camarines Norte","Region V (Bicol Region)","Region V (Bicol Region)",NA,NA,"vgtk; raddl_correction","Cruz,J.L., Gonzales,R.M.C., Azul,R.R., Pena,R.C.D.",NA,0.999329534,"Canis lupus familiaris","Dog","Domestic","Luzon","OR971513","AL_Asian_SEA4"
"R5-2021-0138",NA,"OR971512","Canis lupus familiaris","brain","=""01-Feb-2021""","date_collected","Mancruz","Daet","Camarines Norte-Daet","Camarines Norte","Camarines Norte","Region V (Bicol Region)","Region V (Bicol Region)",NA,NA,"vgtk; raddl_correction","Cruz,J.L., Gonzales,R.M.C., Azul,R.R., Pena,R.C.D.",NA,0.999329534,"Canis lupus familiaris","Dog","Domestic","Luzon","OR971512","AL_Asian_SEA4"
"R5-2021-0093",NA,"OR971511","Canis lupus familiaris","brain","=""20-Jan-2021""","date_collected","Mahaba","Ligao city","Albay-Ligao City","Albay","Albay","Region V (Bicol Region)","Region V (Bicol Region)",NA,NA,"vgtk; raddl_correction","Cruz,J.L., Gonzales,R.M.C., Azul,R.R., Pena,R.C.D.",NA,0.999329534,"Canis lupus familiaris","Dog","Domestic","Luzon","OR971511","AL_Asian_SEA4"
"R5-2021-0092",NA,"OR971510","Canis lupus familiaris","brain","=""19-Jan-2021""","date_collected","Calzada","Guinobatan","Albay-Guinobatan","Albay","Albay","Region V (Bicol Region)","Region V (Bicol Region)",NA,NA,"vgtk; raddl_correction","Cruz,J.L., Gonzales,R.M.C., Azul,R.R., Pena,R.C.D.",NA,0.999329534,"Canis lupus familiaris","Dog","Domestic","Luzon","OR971510","AL_Asian_SEA4"
"R5-2021-0069",NA,"OR971509","Canis lupus familiaris","brain","=""11-Jan-2021""","date_collected","Culiat","Ligao city","Albay-Ligao City","Albay","Albay","Region V (Bicol Region)","Region V (Bicol Region)",NA,NA,"vgtk; raddl_correction","Cruz,J.L., Gonzales,R.M.C., Azul,R.R., Pena,R.C.D.",NA,0.999329534,"Canis lupus familiaris","Dog","Domestic","Luzon","OR971509","AL_Asian_SEA4"
"R5-2021-0042",NA,"OR971508","Canis lupus familiaris","brain","=""05-Jan-2021""","date_collected","Ubaliw","Polangui","Albay-Polangui","Albay","Albay","Region V (Bicol Region)","Region V (Bicol Region)",NA,NA,"vgtk; raddl_correction","Cruz,J.L., Gonzales,R.M.C., Azul,R.R., Pena,R.C.D.",NA,0.999329534,"Canis lupus familiaris","Dog","Domestic","Luzon","OR971508","AL_Asian_SEA4"
"R5-2021-0041",NA,"OR971507","Canis lupus familiaris","brain","=""05-Jan-2021""","date_collected","Bagumbayan","Malinao","Albay-Malinao","Albay","Albay","Region V (Bicol Region)","Region V (Bicol Region)",NA,NA,"vgtk; raddl_correction","Cruz,J.L., Gonzales,R.M.C., Azul,R.R., Pena,R.C.D.",NA,0.999329534,"Canis lupus familiaris","Dog","Domestic","Luzon","OR971507","AL_Asian_SEA4"
"R5-2019-0064",NA,"OR971506","Canis lupus familiaris","brain","=""07-Mar-2019""","date_collected","Carolina","Naga city","Camarines Sur-Bato","Camarines Sur","Camarines Sur","Region V (Bicol Region)","Region V (Bicol Region)",NA,NA,"vgtk; raddl_correction","Cruz,J.L., Gonzales,R.M.C., Azul,R.R., Pena,R.C.D.",NA,0.999329534,"Canis lupus familiaris","Dog","Domestic","Luzon","OR971506","AL_Asian_SEA4"
"R5-2018-0334",NA,"OR971505","Canis lupus familiaris","brain","=""07-Dec-2018""","date_collected","Tigaon","Camarines sur","Camarines Sur-Goa","Camarines Sur","Camarines Sur","Region V (Bicol Region)","Region V (Bicol Region)",NA,NA,"vgtk; raddl_correction","Cruz,J.L., Gonzales,R.M.C., Azul,R.R., Pena,R.C.D.",NA,0.999329534,"Canis lupus familiaris","Dog","Domestic","Luzon","OR971505","AL_Asian_SEA4"
"R5-2018-0259",NA,"OR971504","Canis lupus familiaris","brain","=""14-Sep-2018""","date_collected","Bibincahan","Sorsogon city","Sorsogon-Pilar","Sorsogon","Sorsogon","Region V (Bicol Region)","Region V (Bicol Region)",NA,NA,"vgtk; raddl_correction","Cruz,J.L., Gonzales,R.M.C., Azul,R.R., Pena,R.C.D.",NA,0.999329534,"Canis lupus familiaris","Dog","Domestic","Luzon","OR971504","AL_Asian_SEA4"
"R5-2018-0219",NA,"OR971503","Canis lupus familiaris","brain","=""10-Aug-2018""","date_collected","Cogon","Gubat","Sorsogon-Gubat","Sorsogon","Sorsogon","Region V (Bicol Region)","Region V (Bicol Region)",NA,NA,"vgtk; raddl_correction","Cruz,J.L., Gonzales,R.M.C., Azul,R.R., Pena,R.C.D.",NA,0.999329534,"Canis lupus familiaris","Dog","Domestic","Luzon","OR971503","AL_Asian_SEA4"
"R5-2018-0151",NA,"OR971502","Bos taurus","brain","=""02-May-2018""","date_collected","San isidro","Sorsogon city","Sorsogon-Pilar","Sorsogon","Sorsogon","Region V (Bicol Region)","Region V (Bicol Region)",NA,NA,"vgtk; raddl_correction","Cruz,J.L., Gonzales,R.M.C., Azul,R.R., Pena,R.C.D.",NA,0.999329534,"Bos taurus","Cow","Livestock","Luzon","OR971502","AL_Asian_SEA4"
"R5-2018-0070",NA,"OR971501","Canis lupus familiaris","brain","=""27-Feb-2018""","date_collected","Bibincahan","Sorsogon city","Sorsogon-Pilar","Sorsogon","Sorsogon","Region V (Bicol Region)","Region V (Bicol Region)",NA,NA,"vgtk; raddl_correction","Cruz,J.L., Gonzales,R.M.C., Azul,R.R., Pena,R.C.D.",NA,0.999329534,"Canis lupus familiaris","Dog","Domestic","Luzon","OR971501","AL_Asian_SEA4"
"R5-2018-0069",NA,"OR971500","Canis lupus familiaris","brain","=""27-Feb-2018""","date_collected","Burabod (pob.)","Sorsogon city","Sorsogon-Pilar","Sorsogon","Sorsogon","Region V (Bicol Region)","Region V (Bicol Region)",NA,NA,"vgtk; raddl_correction","Cruz,J.L., Gonzales,R.M.C., Azul,R.R., Pena,R.C.D.",NA,0.999329534,"Canis lupus familiaris","Dog","Domestic","Luzon","OR971500","AL_Asian_SEA4"
"R5-2018-0067",NA,"OR971499","Canis lupus familiaris","brain","=""20-Feb-2018""","date_collected","Pangpang","Sorsogon city","Sorsogon-Pilar","Sorsogon","Sorsogon","Region V (Bicol Region)","Region V (Bicol Region)",NA,NA,"vgtk; raddl_correction","Cruz,J.L., Gonzales,R.M.C., Azul,R.R., Pena,R.C.D.",NA,0.999329534,"Canis lupus familiaris","Dog","Domestic","Luzon","OR971499","AL_Asian_SEA4"
"R5-2018-0051",NA,"OR971498","Canis lupus familiaris","brain","=""08-Feb-2018""","date_collected","Abuyog","Sorsogon city","Sorsogon-Pilar","Sorsogon","Sorsogon","Region V (Bicol Region)","Region V (Bicol Region)",NA,NA,"vgtk; raddl_correction","Cruz,J.L., Gonzales,R.M.C., Azul,R.R., Pena,R.C.D.",NA,0.999329534,"Canis lupus familiaris","Dog","Domestic","Luzon","OR971498","AL_Asian_SEA4"
"R4B-2022-00011",NA,"OR971497","Canis lupus familiaris","brain","=""01-Jan-2022""","date_collected",NA,NA,NA,"Oriental Mindoro","Oriental Mindoro","Mimaropa Region","Mimaropa Region",NA,NA,"vgtk; manual_correction","Cruz,J.L., Gonzales,R.M.C., Azul,R.R., Pena,R.C.D.",NA,0.999580959,"Canis lupus familiaris","Dog","Domestic","Luzon","OR971497","AL_Asian_SEA4"
"R4B-2022-00010",NA,"OR971496","Canis lupus familiaris","brain","=""03-Mar-2022""","date_collected",NA,NA,NA,"Oriental Mindoro","Oriental Mindoro","Mimaropa Region","Mimaropa Region",NA,NA,"vgtk","Cruz,J.L., Gonzales,R.M.C., Azul,R.R., Pena,R.C.D.",NA,0.999580959,"Canis lupus familiaris","Dog","Domestic","Luzon","OR971496","AL_Asian_SEA4"
"R4B-2022-00008",NA,"OR971495","Canis lupus familiaris","brain","=""17-Feb-2022""","date_collected",NA,NA,NA,"Oriental Mindoro","Oriental Mindoro","Mimaropa Region","Mimaropa Region",NA,NA,"vgtk","Cruz,J.L., Gonzales,R.M.C., Azul,R.R., Pena,R.C.D.",NA,0.999580959,"Canis lupus familiaris","Dog","Domestic","Luzon","OR971495","AL_Asian_SEA4"
"CAR-2022-007",NA,"OR971344","Canis lupus familiaris","brain","=""02-Jan-2022""","date_collected",NA,NA,NA,"Abra","Abra","Cordillera Administrative Region (CAR)","Cordillera Administrative Region (CAR)",NA,NA,"vgtk","Cruz,J.L., Gonzales,R.M.C., Azul,R.R., Pena,R.C.D.",NA,0.999497151,"Canis lupus familiaris","Dog","Domestic","Luzon","OR971344","AL_Asian_SEA4"
"CAR-2022-004",NA,"OR971343","Canis lupus familiaris","brain","=""14-Jan-2022""","date_collected",NA,NA,NA,"Abra","Abra","Cordillera Administrative Region (CAR)","Cordillera Administrative Region (CAR)",NA,NA,"vgtk","Cruz,J.L., Gonzales,R.M.C., Azul,R.R., Pena,R.C.D.",NA,0.999497151,"Canis lupus familiaris","Dog","Domestic","Luzon","OR971343","AL_Asian_SEA4"
"CAR-2022-002",NA,"OR971342","Canis lupus familiaris","brain","=""01-Jun-2022""","date_collected",NA,NA,NA,"Mountain Province","Mountain Province","Cordillera Administrative Region (CAR)","Cordillera Administrative Region (CAR)",NA,NA,"vgtk; manual_correction","Cruz,J.L., Gonzales,R.M.C., Azul,R.R., Pena,R.C.D.",NA,0.999329534,"Canis lupus familiaris","Dog","Domestic","Luzon","OR971342","AL_Asian_SEA4"
"CAR-2022-001",NA,"OR971341","Canis lupus familiaris","brain","=""01-Apr-2022""","date_collected",NA,NA,NA,"Abra","Abra","Cordillera Administrative Region (CAR)","Cordillera Administrative Region (CAR)",NA,NA,"vgtk","Cruz,J.L., Gonzales,R.M.C., Azul,R.R., Pena,R.C.D.",NA,0.999497151,"Canis lupus familiaris","Dog","Domestic","Luzon","OR971341","AL_Asian_SEA4"
"CAR-2021-075",NA,"OR971340","Canis lupus familiaris","brain","=""15-Nov-2021""","date_collected",NA,NA,NA,"Abra","Abra","Cordillera Administrative Region (CAR)","Cordillera Administrative Region (CAR)",NA,NA,"vgtk","Cruz,J.L., Gonzales,R.M.C., Azul,R.R., Pena,R.C.D.",NA,0.999497151,"Canis lupus familiaris","Dog","Domestic","Luzon","OR971340","AL_Asian_SEA4"
"CAR-2021-074",NA,"OR971339","Canis lupus familiaris","brain","=""11-Mar-2021""","date_collected",NA,NA,NA,"Abra","Abra","Cordillera Administrative Region (CAR)","Cordillera Administrative Region (CAR)",NA,NA,"vgtk","Cruz,J.L., Gonzales,R.M.C., Azul,R.R., Pena,R.C.D.",NA,0.999497151,"Canis lupus familiaris","Dog","Domestic","Luzon","OR971339","AL_Asian_SEA4"
"CAR-2021-046",NA,"OR971338","Canis lupus familiaris","brain","=""25-Jun-2021""","date_collected",NA,NA,NA,"Benguet","Benguet","Cordillera Administrative Region (CAR)","Cordillera Administrative Region (CAR)",NA,NA,"vgtk","Cruz,J.L., Gonzales,R.M.C., Azul,R.R., Pena,R.C.D.",NA,0.999161918,"Canis lupus familiaris","Dog","Domestic","Luzon","OR971338","AL_Asian_SEA4"
"CAR-2021-044",NA,"OR971337","Canis lupus familiaris","brain","=""18-Jun-2021""","date_collected",NA,NA,NA,"Abra","Abra","Cordillera Administrative Region (CAR)","Cordillera Administrative Region (CAR)",NA,NA,"vgtk","Cruz,J.L., Gonzales,R.M.C., Azul,R.R., Pena,R.C.D.",NA,0.999497151,"Canis lupus familiaris","Dog","Domestic","Luzon","OR971337","AL_Asian_SEA4"
"CAR-2021-040",NA,"OR971336","Canis lupus familiaris","brain","=""06-Aug-2021""","date_collected",NA,NA,NA,"Abra","Abra","Cordillera Administrative Region (CAR)","Cordillera Administrative Region (CAR)",NA,NA,"vgtk","Cruz,J.L., Gonzales,R.M.C., Azul,R.R., Pena,R.C.D.",NA,0.999497151,"Canis lupus familiaris","Dog","Domestic","Luzon","OR971336","AL_Asian_SEA4"
"CAR-2021-034",NA,"OR971335","Canis lupus familiaris","brain","=""14-May-2021""","date_collected",NA,NA,NA,"Apayao","Apayao","Cordillera Administrative Region (CAR)","Cordillera Administrative Region (CAR)",NA,NA,"vgtk","Cruz,J.L., Gonzales,R.M.C., Azul,R.R., Pena,R.C.D.",NA,0.999161918,"Canis lupus familiaris","Dog","Domestic","Luzon","OR971335","AL_Asian_SEA4"
"CAR-2021-033",NA,"OR971334","Canis lupus familiaris","brain","=""10-May-2021""","date_collected",NA,NA,NA,"Abra","Abra","Cordillera Administrative Region (CAR)","Cordillera Administrative Region (CAR)",NA,NA,"vgtk","Cruz,J.L., Gonzales,R.M.C., Azul,R.R., Pena,R.C.D.",NA,0.999497151,"Canis lupus familiaris","Dog","Domestic","Luzon","OR971334","AL_Asian_SEA4"
"CAR-2021-032",NA,"OR971333","Canis lupus familiaris","brain","=""03-May-2021""","date_collected",NA,NA,NA,"Apayao","Apayao","Cordillera Administrative Region (CAR)","Cordillera Administrative Region (CAR)",NA,NA,"vgtk","Cruz,J.L., Gonzales,R.M.C., Azul,R.R., Pena,R.C.D.",NA,0.999329534,"Canis lupus familiaris","Dog","Domestic","Luzon","OR971333","AL_Asian_SEA4"
"CAR-2021-022",NA,"OR971332","Canis lupus familiaris","brain","=""11-Mar-2021""","date_collected",NA,NA,NA,"Ifugao","Ifugao","Cordillera Administrative Region (CAR)","Cordillera Administrative Region (CAR)",NA,NA,"vgtk","Cruz,J.L., Gonzales,R.M.C., Azul,R.R., Pena,R.C.D.",NA,0.999329534,"Canis lupus familiaris","Dog","Domestic","Luzon","OR971332","AL_Asian_SEA4"
"CAR-2021-016",NA,"OR971331","Canis lupus familiaris","brain","=""28-Feb-2021""","date_collected",NA,NA,NA,"Abra","Abra","Cordillera Administrative Region (CAR)","Cordillera Administrative Region (CAR)",NA,NA,"vgtk","Cruz,J.L., Gonzales,R.M.C., Azul,R.R., Pena,R.C.D.",NA,0.999497151,"Canis lupus familiaris","Dog","Domestic","Luzon","OR971331","AL_Asian_SEA4"
"CAR-2021-015",NA,"OR971330","Canis lupus familiaris","brain","=""24-Feb-2021""","date_collected",NA,NA,NA,"Abra","Abra","Cordillera Administrative Region (CAR)","Cordillera Administrative Region (CAR)",NA,NA,"vgtk","Cruz,J.L., Gonzales,R.M.C., Azul,R.R., Pena,R.C.D.",NA,0.999497151,"Canis lupus familiaris","Dog","Domestic","Luzon","OR971330","AL_Asian_SEA4"
"CAR-2019-208",NA,"OR971329","Canis lupus familiaris","brain","=""28-Oct-2019""","date_collected",NA,NA,NA,"Kalinga","Kalinga","Cordillera Administrative Region (CAR)","Cordillera Administrative Region (CAR)",NA,NA,"vgtk","Cruz,J.L., Gonzales,R.M.C., Azul,R.R., Pena,R.C.D.",NA,0.999161918,"Canis lupus familiaris","Dog","Domestic","Luzon","OR971329","AL_Asian_SEA4"
"CAR-2019-111",NA,"OR971328","Canis lupus familiaris","brain","=""14-Oct-2019""","date_collected",NA,NA,NA,"Abra","Abra","Cordillera Administrative Region (CAR)","Cordillera Administrative Region (CAR)",NA,NA,"vgtk","Cruz,J.L., Gonzales,R.M.C., Azul,R.R., Pena,R.C.D.",NA,0.999497151,"Canis lupus familiaris","Dog","Domestic","Luzon","OR971328","AL_Asian_SEA4"
"CAR-2019-103",NA,"OR971327","Canis lupus familiaris","brain","=""23-Sep-2019""","date_collected",NA,NA,NA,"Kalinga","Kalinga","Cordillera Administrative Region (CAR)","Cordillera Administrative Region (CAR)",NA,NA,"vgtk","Cruz,J.L., Gonzales,R.M.C., Azul,R.R., Pena,R.C.D.",NA,0.999413342,"Canis lupus familiaris","Dog","Domestic","Luzon","OR971327","AL_Asian_SEA4"
"CAR-2019-099",NA,"OR971326","Canis lupus familiaris","brain","=""26-Sep-2019""","date_collected",NA,NA,NA,"Benguet","Benguet","Cordillera Administrative Region (CAR)","Cordillera Administrative Region (CAR)",NA,NA,"vgtk","Cruz,J.L., Gonzales,R.M.C., Azul,R.R., Pena,R.C.D.",NA,0.999497151,"Canis lupus familiaris","Dog","Domestic","Luzon","OR971326","AL_Asian_SEA4"
"CAR-2019-098",NA,"OR971325","Canis lupus familiaris","brain","=""16-Sep-2019""","date_collected",NA,NA,NA,"Kalinga","Kalinga","Cordillera Administrative Region (CAR)","Cordillera Administrative Region (CAR)",NA,NA,"vgtk","Cruz,J.L., Gonzales,R.M.C., Azul,R.R., Pena,R.C.D.",NA,0.999329534,"Canis lupus familiaris","Dog","Domestic","Luzon","OR971325","AL_Asian_SEA4"
"CAR-2019-092",NA,"OR971324","Canis lupus familiaris","brain","=""04-Sep-2019""","date_collected",NA,NA,NA,"Benguet","Benguet","Cordillera Administrative Region (CAR)","Cordillera Administrative Region (CAR)",NA,NA,"vgtk","Cruz,J.L., Gonzales,R.M.C., Azul,R.R., Pena,R.C.D.",NA,0.999580959,"Canis lupus familiaris","Dog","Domestic","Luzon","OR971324","AL_Asian_SEA4"
"CAR-2019-085",NA,"OR971323","Canis lupus familiaris","brain","=""26-Aug-2019""","date_collected",NA,NA,NA,"Kalinga","Kalinga","Cordillera Administrative Region (CAR)","Cordillera Administrative Region (CAR)",NA,NA,"vgtk","Cruz,J.L., Gonzales,R.M.C., Azul,R.R., Pena,R.C.D.",NA,0.999413342,"Canis lupus familiaris","Dog","Domestic","Luzon","OR971323","AL_Asian_SEA4"
"R12-2019-0538",NA,"OR971644","Canis lupus familiaris","brain","=""24-jun-2019""","date_collected","Calean","City of tacurong","Sultan Kudarat-Isulan","Sultan Kudarat","Sultan Kudarat","Region XII (Soccsksargen)","Region XII (Soccsksargen)",NA,NA,"vgtk; raddl_correction","Cruz,J.L., Gonzales,R.M.C., Azul,R.R., Pena,R.C.D.",NA,0.999413342,"Canis lupus familiaris","Dog","Domestic","Mindanao","OR971644","AL_Asian_SEA4"
"R12-2019-0521",NA,"OR971643","Canis lupus familiaris","brain","=""19-jun-2019""","date_collected","Maibo","Tantangan","South Cotabato-Banga","South Cotabato","South Cotabato","Region XII (Soccsksargen)","Region XII (Soccsksargen)",NA,NA,"vgtk; raddl_correction","Cruz,J.L., Gonzales,R.M.C., Azul,R.R., Pena,R.C.D.",NA,0.999413342,"Canis lupus familiaris","Dog","Domestic","Mindanao","OR971643","AL_Asian_SEA4"
"R12-2019-0472",NA,"OR971642","Canis lupus familiaris","brain","=""07-jun-2019""","date_collected","Poblacion(alabel)","Alabel","Sarangani-Alabel","Sarangani","Sarangani","Region XII (Soccsksargen)","Region XII (Soccsksargen)",NA,NA,"vgtk; raddl_correction","Cruz,J.L., Gonzales,R.M.C., Azul,R.R., Pena,R.C.D.",NA,0.999413342,"Canis lupus familiaris","Dog","Domestic","Mindanao","OR971642","AL_Asian_SEA4"
"R12-2019-0014",NA,"OR971641","Sus scrofa","brain","=""09-jan-2019""","date_collected","New isabela","City of tacurong","Sultan Kudarat-Isulan","Sultan Kudarat","Sultan Kudarat","Region XII (Soccsksargen)","Region XII (Soccsksargen)",NA,NA,"vgtk; raddl_correction","Cruz,J.L., Gonzales,R.M.C., Azul,R.R., Pena,R.C.D.",NA,0.999413342,"Sus scrofa domesticus","Pig","Livestock","Mindanao","OR971641","AL_Asian_SEA4"
"R11-2022-33",NA,"OR971640","Canis lupus familiaris","brain","=""05-may-2022""","date_collected","Puan","Davao city","Davao del Sur-Malita","Davao del Sur","Davao del Sur","Region XI (Davao Region)","Region XI (Davao Region)",NA,NA,"vgtk; raddl_correction; manual_correction","Cruz,J.L., Gonzales,R.M.C., Azul,R.R., Pena,R.C.D.",NA,0.999580959,"Canis lupus familiaris","Dog","Domestic","Mindanao","OR971640","AL_Asian_SEA4"
"R11-2022-32",NA,"OR971639","Canis lupus familiaris","brain","=""02-may-2022""","date_collected","Poblacion","Compostela","Compostela Valley-Laak","Davao de Oro (Compostela Valley)","Compostela Valley","Region XI (Davao Region)","Region XI (Davao Region)",NA,NA,"vgtk; raddl_correction; manual_correction","Cruz,J.L., Gonzales,R.M.C., Azul,R.R., Pena,R.C.D.",NA,0.999413342,"Canis lupus familiaris","Dog","Domestic","Mindanao","OR971639","AL_Asian_SEA4"
"R11-2022-30",NA,"OR971638","Canis lupus familiaris","brain","=""25-apr-2022""","date_collected","Apokon","Tagum city","Davao del Norte-Tagum City","Davao del Norte","Davao del Norte","Region XI (Davao Region)","Region XI (Davao Region)",NA,NA,"vgtk; raddl_correction; manual_correction","Cruz,J.L., Gonzales,R.M.C., Azul,R.R., Pena,R.C.D.",NA,0.999329534,"Canis lupus familiaris","Dog","Domestic","Mindanao","OR971638","AL_Asian_SEA4"
"R11-2022-28",NA,"OR971637","Canis lupus familiaris","brain","=""01-apr-2022""","date_collected","Magugpo central","Tagum city","Davao del Norte-Tagum City","Davao del Norte","Davao del Norte","Region XI (Davao Region)","Region XI (Davao Region)",NA,NA,"vgtk; raddl_correction; manual_correction","Cruz,J.L., Gonzales,R.M.C., Azul,R.R., Pena,R.C.D.",NA,0.999329534,"Canis lupus familiaris","Dog","Domestic","Mindanao","OR971637","AL_Asian_SEA4"
"R11-2022-25",NA,"OR971636","Canis lupus familiaris","brain","=""25-mar-2022""","date_collected","37-d","Davao city","Davao del Sur-Malita","Davao del Sur","Davao del Sur","Region XI (Davao Region)","Region XI (Davao Region)",NA,NA,"vgtk; raddl_correction; manual_correction","Cruz,J.L., Gonzales,R.M.C., Azul,R.R., Pena,R.C.D.",NA,0.999580959,"Canis lupus familiaris","Dog","Domestic","Mindanao","OR971636","AL_Asian_SEA4"
"R11-2022-19",NA,"OR971635","Canis lupus familiaris","brain","=""11-mar-2022""","date_collected","10-a","Davao city","Davao del Sur-Malita","Davao del Sur","Davao del Sur","Region XI (Davao Region)","Region XI (Davao Region)",NA,NA,"vgtk; raddl_correction; manual_correction","Cruz,J.L., Gonzales,R.M.C., Azul,R.R., Pena,R.C.D.",NA,0.999497151,"Canis lupus familiaris","Dog","Domestic","Mindanao","OR971635","AL_Asian_SEA4"
"R11-2022-16",NA,"OR971634","Canis lupus familiaris","brain","=""15-feb-2022""","date_collected","Poblacion","Magsaysay","Davao del Sur-Magsaysay","Davao del Sur","Davao del Sur","Region XI (Davao Region)","Region XI (Davao Region)",NA,NA,"vgtk; raddl_correction; manual_correction","Cruz,J.L., Gonzales,R.M.C., Azul,R.R., Pena,R.C.D.",NA,0.999497151,"Canis lupus familiaris","Dog","Domestic","Mindanao","OR971634","AL_Asian_SEA4"
"R11-2022-15",NA,"OR971633","Canis lupus familiaris","brain","=""15-feb-2022""","date_collected","Visayan vill.","Tagum city","Davao del Norte-Tagum City","Davao del Norte","Davao del Norte","Region XI (Davao Region)","Region XI (Davao Region)",NA,NA,"vgtk; raddl_correction; manual_correction","Cruz,J.L., Gonzales,R.M.C., Azul,R.R., Pena,R.C.D.",NA,0.999580959,"Canis lupus familiaris","Dog","Domestic","Mindanao","OR971633","AL_Asian_SEA4"
"R11-2022-14",NA,"OR971632","Canis lupus familiaris","brain","=""15-feb-2022""","date_collected","Camudmud","Igacos","Davao del Norte-Carmen","Davao del Norte","Davao del Norte","Region XI (Davao Region)","Region XI (Davao Region)",NA,NA,"vgtk; raddl_correction; manual_correction","Cruz,J.L., Gonzales,R.M.C., Azul,R.R., Pena,R.C.D.",NA,0.999329534,"Canis lupus familiaris","Dog","Domestic","Mindanao","OR971632","AL_Asian_SEA4"
"R11-2022-11",NA,"OR971631","Canis lupus familiaris","brain","=""04-feb-2022""","date_collected","Tacunan","Davao city","Davao del Sur-Malita","Davao del Sur","Davao del Sur","Region XI (Davao Region)","Region XI (Davao Region)",NA,NA,"vgtk; raddl_correction; manual_correction","Cruz,J.L., Gonzales,R.M.C., Azul,R.R., Pena,R.C.D.",NA,0.999329534,"Canis lupus familiaris","Dog","Domestic","Mindanao","OR971631","AL_Asian_SEA4"
"R11-2022-07",NA,"OR971630","Canis lupus familiaris","brain","=""18-jan-2022""","date_collected","Bago aplaya","Davao city","Davao del Sur-Malita","Davao del Sur","Davao del Sur","Region XI (Davao Region)","Region XI (Davao Region)",NA,NA,"vgtk; raddl_correction; manual_correction","Cruz,J.L., Gonzales,R.M.C., Azul,R.R., Pena,R.C.D.",NA,0.999329534,"Canis lupus familiaris","Dog","Domestic","Mindanao","OR971630","AL_Asian_SEA4"
"R11-2021-68",NA,"OR971629","Canis lupus familiaris","brain","=""07-dec-2021""","date_collected","Tugbok proper","Davao city","Davao del Sur-Malita","Davao del Sur","Davao del Sur","Region XI (Davao Region)","Region XI (Davao Region)",NA,NA,"vgtk; raddl_correction; manual_correction","Cruz,J.L., Gonzales,R.M.C., Azul,R.R., Pena,R.C.D.",NA,0.999497151,"Canis lupus familiaris","Dog","Domestic","Mindanao","OR971629","AL_Asian_SEA4"
"R11-2021-61",NA,"OR971628","Canis lupus familiaris","brain","=""14-oct-2021""","date_collected","Mankilam","Tagum city","Davao del Norte-Tagum City","Davao del Norte","Davao del Norte","Region XI (Davao Region)","Region XI (Davao Region)",NA,NA,"vgtk; raddl_correction; manual_correction","Cruz,J.L., Gonzales,R.M.C., Azul,R.R., Pena,R.C.D.",NA,0.999413342,"Canis lupus familiaris","Dog","Domestic","Mindanao","OR971628","AL_Asian_SEA4"
"R11-2021-58",NA,"OR971627","Felis catus","brain","=""10-jun-2021""","date_collected","19-b","Davao city","Davao del Sur-Malita","Davao del Sur","Davao del Sur","Region XI (Davao Region)","Region XI (Davao Region)",NA,NA,"vgtk; raddl_correction; manual_correction","Cruz,J.L., Gonzales,R.M.C., Azul,R.R., Pena,R.C.D.",NA,0.999664767,"Felis catus","Cat","Domestic","Mindanao","OR971627","AL_Asian_SEA4"
"R11-2021-02",NA,"OR971626","Canis lupus familiaris","brain","=""06-jan-2021""","date_collected","Padada","Padada","Davao del Sur-Padada","Davao del Sur","Davao del Sur","Region XI (Davao Region)","Region XI (Davao Region)",NA,NA,"vgtk; raddl_correction; manual_correction","Cruz,J.L., Gonzales,R.M.C., Azul,R.R., Pena,R.C.D.",NA,0.999413342,"Canis lupus familiaris","Dog","Domestic","Mindanao","OR971626","AL_Asian_SEA4"
"R10-2021-010",NA,"OR971625","Canis lupus familiaris","brain","=""21-apr-2021""","date_collected","Barangay 26 (pob.)","Gingoog city","Misamis Oriental-Gingoog City","Misamis Oriental","Misamis Oriental","Region X (Northern Mindanao)","Region X (Northern Mindanao)",NA,NA,"vgtk; raddl_correction","Cruz,J.L., Gonzales,R.M.C., Azul,R.R., Pena,R.C.D.",NA,0.999413342,"Canis lupus familiaris","Dog","Domestic","Mindanao","OR971625","AL_Asian_SEA4"
"R10-2021-009",NA,"OR971624","Canis lupus familiaris","brain","=""18-may-2021""","date_collected","Lapasan","Cagayan de oro city","Misamis Oriental-Cagayan de Oro City","Misamis Oriental","Misamis Oriental","Region X (Northern Mindanao)","Region X (Northern Mindanao)",NA,NA,"vgtk; raddl_correction","Cruz,J.L., Gonzales,R.M.C., Azul,R.R., Pena,R.C.D.",NA,0.999329534,"Canis lupus familiaris","Dog","Domestic","Mindanao","OR971624","AL_Asian_SEA4"
"R10-2021-008",NA,"OR971623","Canis lupus familiaris","brain","=""21-may-2021""","date_collected","Anakan","Gingoog city","Misamis Oriental-Gingoog City","Misamis Oriental","Misamis Oriental","Region X (Northern Mindanao)","Region X (Northern Mindanao)",NA,NA,"vgtk; raddl_correction","Cruz,J.L., Gonzales,R.M.C., Azul,R.R., Pena,R.C.D.",NA,0.999329534,"Canis lupus familiaris","Dog","Domestic","Mindanao","OR971623","AL_Asian_SEA4"
"R10-2021-007",NA,"OR971622","Canis lupus familiaris","brain","=""07-jun-2021""","date_collected","Punong","Gingoog city","Misamis Oriental-Gingoog City","Misamis Oriental","Misamis Oriental","Region X (Northern Mindanao)","Region X (Northern Mindanao)",NA,NA,"vgtk; raddl_correction","Cruz,J.L., Gonzales,R.M.C., Azul,R.R., Pena,R.C.D.",NA,0.999497151,"Canis lupus familiaris","Dog","Domestic","Mindanao","OR971622","AL_Asian_SEA4"
"R10-2021-006",NA,"OR971621","Canis lupus familiaris","brain","=""09-jun-2021""","date_collected","Poblacion","Opol","Misamis Oriental-Opol","Misamis Oriental","Misamis Oriental","Region X (Northern Mindanao)","Region X (Northern Mindanao)",NA,NA,"vgtk; raddl_correction","Cruz,J.L., Gonzales,R.M.C., Azul,R.R., Pena,R.C.D.",NA,0.999413342,"Canis lupus familiaris","Dog","Domestic","Mindanao","OR971621","AL_Asian_SEA4"
"R10-2021-005",NA,"OR971620","Canis lupus familiaris","brain","=""02-jul-2021""","date_collected","Patpat","Malaybalay city","Misamis Oriental-Initao","Misamis Oriental","Misamis Oriental","Region X (Northern Mindanao)","Region X (Northern Mindanao)",NA,NA,"vgtk; raddl_correction","Cruz,J.L., Gonzales,R.M.C., Azul,R.R., Pena,R.C.D.",NA,0.999329534,"Canis lupus familiaris","Dog","Domestic","Mindanao","OR971620","AL_Asian_SEA4"
"R10-2021-004",NA,"OR971619","Canis lupus familiaris","brain","=""20-aug-2021""","date_collected","Dalwangan","Malaybalay city","Bukidnon-Malaybalay City","Bukidnon","Bukidnon","Region X (Northern Mindanao)","Region X (Northern Mindanao)",NA,NA,"vgtk; raddl_correction","Cruz,J.L., Gonzales,R.M.C., Azul,R.R., Pena,R.C.D.",NA,0.999497151,"Canis lupus familiaris","Dog","Domestic","Mindanao","OR971619","AL_Asian_SEA4"
"R10-2021-003",NA,"OR971618","Canis lupus familiaris","brain","=""23-aug-2021""","date_collected","Bugo","Cagayan de oro city","Misamis Oriental-Cagayan de Oro City","Misamis Oriental","Misamis Oriental","Region X (Northern Mindanao)","Region X (Northern Mindanao)",NA,NA,"vgtk; raddl_correction","Cruz,J.L., Gonzales,R.M.C., Azul,R.R., Pena,R.C.D.",NA,0.999497151,"Canis lupus familiaris","Dog","Domestic","Mindanao","OR971618","AL_Asian_SEA4"
"R10-2021-002",NA,"OR971617","Canis lupus familiaris","brain","=""27-sep-2021""","date_collected","Poblacion","Manticao","Misamis Oriental-Initao","Misamis Oriental","Misamis Oriental","Region X (Northern Mindanao)","Region X (Northern Mindanao)",NA,NA,"vgtk; raddl_correction","Cruz,J.L., Gonzales,R.M.C., Azul,R.R., Pena,R.C.D.",NA,0.999413342,"Canis lupus familiaris","Dog","Domestic","Mindanao","OR971617","AL_Asian_SEA4"
"R10-2021-001",NA,"OR971616","Canis lupus familiaris","brain","=""06-sep-2021""","date_collected","Carmen","Cagayan de oro city","Misamis Oriental-Cagayan de Oro City","Misamis Oriental","Misamis Oriental","Region X (Northern Mindanao)","Region X (Northern Mindanao)",NA,NA,"vgtk; raddl_correction","Cruz,J.L., Gonzales,R.M.C., Azul,R.R., Pena,R.C.D.",NA,0.999413342,"Canis lupus familiaris","Dog","Domestic","Mindanao","OR971616","AL_Asian_SEA4"
"R10-2019-970",NA,"OR971615","Canis lupus familiaris","brain","=""27-dec-2019""","date_collected","San alonzo","Balingoan","Misamis Oriental-Balingoan","Misamis Oriental","Misamis Oriental","Region X (Northern Mindanao)","Region X (Northern Mindanao)",NA,NA,"vgtk; raddl_correction","Cruz,J.L., Gonzales,R.M.C., Azul,R.R., Pena,R.C.D.",NA,0.999413342,"Canis lupus familiaris","Dog","Domestic","Mindanao","OR971615","AL_Asian_SEA4"
"R10-2019-951",NA,"OR971614","Canis lupus familiaris","brain","=""16-dec-2019""","date_collected","Poblacion 2","Villanueva","Misamis Oriental-Villanueva","Misamis Oriental","Misamis Oriental","Region X (Northern Mindanao)","Region X (Northern Mindanao)",NA,NA,"vgtk; raddl_correction","Cruz,J.L., Gonzales,R.M.C., Azul,R.R., Pena,R.C.D.",NA,0.999413342,"Canis lupus familiaris","Dog","Domestic","Mindanao","OR971614","AL_Asian_SEA4"
"R10-2019-950",NA,"OR971613","Canis lupus familiaris","brain","=""16-dec-2019""","date_collected","Molugan","El salvador","Misamis Oriental-Opol","Misamis Oriental","Misamis Oriental","Region X (Northern Mindanao)","Region X (Northern Mindanao)",NA,NA,"vgtk; raddl_correction","Cruz,J.L., Gonzales,R.M.C., Azul,R.R., Pena,R.C.D.",NA,0.999329534,"Canis lupus familiaris","Dog","Domestic","Mindanao","OR971613","AL_Asian_SEA4"
"R10-2019-909",NA,"OR971612","Canis lupus familiaris","brain","=""04-dec-2019""","date_collected","-","Iligan","Lanao del Norte-Lala","Lanao del Norte","Lanao del Norte","Region X (Northern Mindanao)","Region X (Northern Mindanao)",NA,NA,"vgtk; raddl_correction; manual_correction","Cruz,J.L., Gonzales,R.M.C., Azul,R.R., Pena,R.C.D.",NA,0.999413342,"Canis lupus familiaris","Dog","Domestic","Mindanao","OR971612","AL_Asian_SEA4"
"R10-2019-908",NA,"OR971611","Canis lupus familiaris","brain","=""04-dec-2019""","date_collected","Bagong dawis","Iligan","Lanao del Norte-Lala","Lanao del Norte","Lanao del Norte","Region X (Northern Mindanao)","Region X (Northern Mindanao)",NA,NA,"vgtk; raddl_correction; manual_correction","Cruz,J.L., Gonzales,R.M.C., Azul,R.R., Pena,R.C.D.",NA,0.999580959,"Canis lupus familiaris","Dog","Domestic","Mindanao","OR971611","AL_Asian_SEA4"
"R10-2019-907",NA,"OR971610","Canis lupus familiaris","brain","=""04-dec-2019""","date_collected","Kauswagan","Cagayan de oro city","Misamis Oriental-Cagayan de Oro City","Misamis Oriental","Misamis Oriental","Region X (Northern Mindanao)","Region X (Northern Mindanao)",NA,NA,"vgtk; raddl_correction","Cruz,J.L., Gonzales,R.M.C., Azul,R.R., Pena,R.C.D.",NA,0.999413342,"Canis lupus familiaris","Dog","Domestic","Mindanao","OR971610","AL_Asian_SEA4"
"R10-2019-892",NA,"OR971609","Canis lupus familiaris","brain","=""28-nov-2019""","date_collected","-","City of malaybalay","Bukidnon-Malaybalay City","Bukidnon","Bukidnon","Region X (Northern Mindanao)","Region X (Northern Mindanao)",NA,NA,"vgtk; raddl_correction","Cruz,J.L., Gonzales,R.M.C., Azul,R.R., Pena,R.C.D.",NA,0.999580959,"Canis lupus familiaris","Dog","Domestic","Mindanao","OR971609","AL_Asian_SEA4"
"R10-2019-887",NA,"OR971608","Canis lupus familiaris","brain","=""25-nov-2019""","date_collected","Carmen","Cagayan de oro city","Misamis Oriental-Cagayan de Oro City","Misamis Oriental","Misamis Oriental","Region X (Northern Mindanao)","Region X (Northern Mindanao)",NA,NA,"vgtk; raddl_correction","Cruz,J.L., Gonzales,R.M.C., Azul,R.R., Pena,R.C.D.",NA,0.999329534,"Canis lupus familiaris","Dog","Domestic","Mindanao","OR971608","AL_Asian_SEA4"
"R10-2019-823",NA,"OR971607","Canis lupus familiaris","brain","=""11-nov-2019""","date_collected","Lumbia","Cagayan de oro city","Misamis Oriental-Cagayan de Oro City","Misamis Oriental","Misamis Oriental","Region X (Northern Mindanao)","Region X (Northern Mindanao)",NA,NA,"vgtk; raddl_correction","Cruz,J.L., Gonzales,R.M.C., Azul,R.R., Pena,R.C.D.",NA,0.999329534,"Canis lupus familiaris","Dog","Domestic","Mindanao","OR971607","AL_Asian_SEA4"
"R10-2019-819",NA,"OR971606","Canis lupus familiaris","brain","=""09-nov-2019""","date_collected","North poblacion","Maramag","Bukidnon-Maramag","Bukidnon","Bukidnon","Region X (Northern Mindanao)","Region X (Northern Mindanao)",NA,NA,"vgtk; raddl_correction","Cruz,J.L., Gonzales,R.M.C., Azul,R.R., Pena,R.C.D.",NA,0.999413342,"Canis lupus familiaris","Dog","Domestic","Mindanao","OR971606","AL_Asian_SEA4"
"R10-2019-818",NA,"OR971605","Canis lupus familiaris","brain","=""08-nov-2019""","date_collected","Abuno","Iligan","Lanao del Norte-Lala","Lanao del Norte","Lanao del Norte","Region X (Northern Mindanao)","Region X (Northern Mindanao)",NA,NA,"vgtk; raddl_correction; manual_correction","Cruz,J.L., Gonzales,R.M.C., Azul,R.R., Pena,R.C.D.",NA,0.999413342,"Canis lupus familiaris","Dog","Domestic","Mindanao","OR971605","AL_Asian_SEA4"
"R10-2019-810",NA,"OR971604","Canis lupus familiaris","brain","=""07-nov-2019""","date_collected","-",NA,NA,"Bukidnon","Bukidnon","Region X (Northern Mindanao)","Region X (Northern Mindanao)",NA,NA,"vgtk; raddl_correction","Cruz,J.L., Gonzales,R.M.C., Azul,R.R., Pena,R.C.D.",NA,0.999497151,"Canis lupus familiaris","Dog","Domestic","Mindanao","OR971604","AL_Asian_SEA4"
"R10-2019-777",NA,"OR971603","Canis lupus familiaris","brain","=""21-oct-2019""","date_collected","Del carmen","Iligan","Lanao del Norte-Lala","Lanao del Norte","Lanao del Norte","Region X (Northern Mindanao)","Region X (Northern Mindanao)",NA,NA,"vgtk; raddl_correction; manual_correction","Cruz,J.L., Gonzales,R.M.C., Azul,R.R., Pena,R.C.D.",NA,0.999413342,"Canis lupus familiaris","Dog","Domestic","Mindanao","OR971603","AL_Asian_SEA4"
"R10-2019-753",NA,"OR971602","Canis lupus familiaris","brain","=""14-oct-2019""","date_collected","Canito-an","Cagayan de oro city","Misamis Oriental-Cagayan de Oro City","Misamis Oriental","Misamis Oriental","Region X (Northern Mindanao)","Region X (Northern Mindanao)",NA,NA,"vgtk; raddl_correction","Cruz,J.L., Gonzales,R.M.C., Azul,R.R., Pena,R.C.D.",NA,0.999497151,"Canis lupus familiaris","Dog","Domestic","Mindanao","OR971602","AL_Asian_SEA4"
"R10-2019-752",NA,"OR971601","Canis lupus familiaris","brain","=""11-oct-2019""","date_collected","Dologon","Maramag","Bukidnon-Maramag","Bukidnon","Bukidnon","Region X (Northern Mindanao)","Region X (Northern Mindanao)",NA,NA,"vgtk; raddl_correction","Cruz,J.L., Gonzales,R.M.C., Azul,R.R., Pena,R.C.D.",NA,0.999413342,"Canis lupus familiaris","Dog","Domestic","Mindanao","OR971601","AL_Asian_SEA4"
"R10-2019-669",NA,"OR971600","Canis lupus familiaris","brain","=""12-sep-2019""","date_collected","Sinaloc","El salvador","Misamis Oriental-Opol","Misamis Oriental","Misamis Oriental","Region X (Northern Mindanao)","Region X (Northern Mindanao)",NA,NA,"vgtk; raddl_correction","Cruz,J.L., Gonzales,R.M.C., Azul,R.R., Pena,R.C.D.",NA,0.999329534,"Canis lupus familiaris","Dog","Domestic","Mindanao","OR971600","AL_Asian_SEA4"
"R9-2021-105",NA,"OR971599","Canis lupus familiaris","brain","=""12-Sep-2021""","date_collected","Lopoc (pob.)","Labason","Zamboanga del Norte-Labason","Zamboanga del Norte","Zamboanga del Norte","Region IX (Zamboanga Peninsula)","Region IX (Zamboanga Peninsula)",NA,NA,"vgtk; raddl_correction; manual_correction","Cruz,J.L., Gonzales,R.M.C., Azul,R.R., Pena,R.C.D.",NA,0.999413342,"Canis lupus familiaris","Dog","Domestic","Mindanao","OR971599","AL_Asian_SEA4"
"R9-2021-090",NA,"OR971598","Canis lupus familiaris","brain","=""10-Dec-2021""","date_collected","Mahayahay","Dumingag","Zamboanga del Sur-Bayog","Zamboanga del Sur","Zamboanga del Sur","Region IX (Zamboanga Peninsula)","Region IX (Zamboanga Peninsula)",NA,NA,"vgtk; raddl_correction; manual_correction","Cruz,J.L., Gonzales,R.M.C., Azul,R.R., Pena,R.C.D.",NA,0.999664767,"Canis lupus familiaris","Dog","Domestic","Mindanao","OR971598","AL_Asian_SEA4"
"R9-2021-089",NA,"OR971597","Canis lupus familiaris","brain","=""10-Jul-2021""","date_collected","Pangi","Ipil","Zamboanga Sibugay-Ipil","Zamboanga Sibugay","Zamboanga Sibugay","Region IX (Zamboanga Peninsula)","Region IX (Zamboanga Peninsula)",NA,NA,"vgtk; raddl_correction; manual_correction","Cruz,J.L., Gonzales,R.M.C., Azul,R.R., Pena,R.C.D.",NA,0.999580959,"Canis lupus familiaris","Dog","Domestic","Mindanao","OR971597","AL_Asian_SEA4"
"R9-2021-078",NA,"OR971596","Canis lupus familiaris","brain","=""27-Aug-2021""","date_collected","Canelar","Zamboanga city","Zamboanga del Sur-Bayog","Zamboanga del Sur","Zamboanga del Sur","Region IX (Zamboanga Peninsula)","Region IX (Zamboanga Peninsula)",NA,NA,"vgtk; raddl_correction; manual_correction","Cruz,J.L., Gonzales,R.M.C., Azul,R.R., Pena,R.C.D.",NA,0.999580959,"Canis lupus familiaris","Dog","Domestic","Mindanao","OR971596","AL_Asian_SEA4"
"R9-2021-075",NA,"OR971595","Canis lupus familiaris","brain","=""23-Aug-2021""","date_collected","Cogon","Vicenzo sagun","Zamboanga del Sur-Bayog","Zamboanga del Sur","Zamboanga del Sur","Region IX (Zamboanga Peninsula)","Region IX (Zamboanga Peninsula)",NA,NA,"vgtk; raddl_correction; manual_correction","Cruz,J.L., Gonzales,R.M.C., Azul,R.R., Pena,R.C.D.",NA,0.999580959,"Canis lupus familiaris","Dog","Domestic","Mindanao","OR971595","AL_Asian_SEA4"
"BAI/BAI3/2019-01/fel",NA,"MN857171","feline","","=""06-May-2019""","date_collected",NA,"San Miguel","Bulacan-San Miguel","Bulacan","Bulacan","Central Luzon","Region III (Central Luzon)",NA,NA,"vgtk; manual_correction","Ubaldo,F.P.J.R., Cruz,J.L., Gonzales,R.M.C., Legaspi,C.F., Maravilla,J.L.",NA,0.999161918,"Felis catus","Cat","Domestic","Luzon","MN857171","AL_Asian_SEA4"
"BAI/BAI4A/2019-01/can",NA,"MN857170","canine","","=""27-May-2019""","date_collected",NA,"Angono","Rizal-Angono","Rizal","Rizal","Region IV-A (Calabarzon)","Region IV-A (Calabarzon)",NA,NA,"vgtk; manual_correction","Ubaldo,F.P.J.R., Cruz,J.L., Gonzales,R.M.C., Legaspi,C.F., Maravilla,J.L.",NA,0.999161918,"Canis lupus familiaris","Dog","Domestic","Luzon","MN857170","AL_Asian_SEA4"
"BAI/BAINCR/2019-03/can",NA,"MN857169","canine","","=""31-May-2019""","date_collected",NA,"Pasay City","Metropolitan Manila-Pasay City","Metropolitan Manila","Metropolitan Manila","National Capital Region (NCR)","National Capital Region (NCR)",NA,NA,"vgtk; manual_correction","Ubaldo,F.P.J.R., Cruz,J.L., Gonzales,R.M.C., Legaspi,C.F., Maravilla,J.L.",NA,0.999161918,"Canis lupus familiaris","Dog","Domestic","Luzon","MN857169","AL_Asian_SEA4"
"BAI/BAINCR/2019-02/can",NA,"MN857168","canine","","=""28-May-2019""","date_collected",NA,"Quezon City","Metropolitan Manila-Quezon City","Metropolitan Manila","Metropolitan Manila","National Capital Region (NCR)","National Capital Region (NCR)",NA,NA,"vgtk; manual_correction","Ubaldo,F.P.J.R., Cruz,J.L., Gonzales,R.M.C., Legaspi,C.F., Maravilla,J.L.",NA,0.999161918,"Canis lupus familiaris","Dog","Domestic","Luzon","MN857168","AL_Asian_SEA4"
"BAI/BAINCR/2019-01/can",NA,"MN857167","canine","","=""26-Jun-2019""","date_collected",NA,"Caloocan City","Metropolitan Manila-Taguig","Metropolitan Manila","Metropolitan Manila","National Capital Region (NCR)","National Capital Region (NCR)",NA,NA,"vgtk; manual_correction","Ubaldo,F.P.J.R., Cruz,J.L., Gonzales,R.M.C., Legaspi,C.F., Maravilla,J.L.",NA,0.999161918,"Canis lupus familiaris","Dog","Domestic","Luzon","MN857167","AL_Asian_SEA4"
"R9-2021-074",NA,"OR971594","Canis lupus familiaris","brain","=""20-Aug-2021""","date_collected","Calarian","Zamboanga city","Zamboanga del Sur-Bayog","Zamboanga del Sur","Zamboanga del Sur","Region IX (Zamboanga Peninsula)","Region IX (Zamboanga Peninsula)",NA,NA,"vgtk; raddl_correction; manual_correction","Cruz,J.L., Gonzales,R.M.C., Azul,R.R., Pena,R.C.D.",NA,0.999497151,"Canis lupus familiaris","Dog","Domestic","Mindanao","OR971594","AL_Asian_SEA4"
"R9-2021-041",NA,"OR971593","Canis lupus familiaris","brain","=""05-Jan-2021""","date_collected","Mercedes","Zamboanga city","Zamboanga del Sur-Bayog","Zamboanga del Sur","Zamboanga del Sur","Region IX (Zamboanga Peninsula)","Region IX (Zamboanga Peninsula)",NA,NA,"vgtk; raddl_correction; manual_correction","Cruz,J.L., Gonzales,R.M.C., Azul,R.R., Pena,R.C.D.",NA,0.999664767,"Canis lupus familiaris","Dog","Domestic","Mindanao","OR971593","AL_Asian_SEA4"
"R9-2019-311",NA,"OR971592","Canis lupus familiaris","brain","=""09-Oct-2019""","date_collected","Dicayas","Dipolog city","Zamboanga del Norte-Dipolog City","Zamboanga del Norte","Zamboanga del Norte","Region IX (Zamboanga Peninsula)","Region IX (Zamboanga Peninsula)",NA,NA,"vgtk; raddl_correction; manual_correction","Cruz,J.L., Gonzales,R.M.C., Azul,R.R., Pena,R.C.D.",NA,0.999329534,"Canis lupus familiaris","Dog","Domestic","Mindanao","OR971592","AL_Asian_SEA4"
"R8-2021-025",NA,"OR971591","Canis lupus familiaris","brain","=""26-apr-2021""","date_collected","Carmen","Calbayog city","Eastern Samar-Oras","Samar (Western Samar)","Eastern Samar","Region VIII (Eastern Visayas)","Region VIII (Eastern Visayas)",NA,NA,"vgtk; raddl_correction; manual_correction","Cruz,J.L., Gonzales,R.M.C., Azul,R.R., Pena,R.C.D.",NA,0.999161918,"Canis lupus familiaris","Dog","Domestic","Visayas","OR971591","AL_Asian_SEA4"
"R8-2021-024",NA,"OR971590","Canis lupus familiaris","brain","=""22-apr-2021""","date_collected","Manlabang","Caibiran","Biliran-Caibiran","Biliran","Biliran","Region VIII (Eastern Visayas)","Region VIII (Eastern Visayas)",NA,NA,"vgtk; raddl_correction","Cruz,J.L., Gonzales,R.M.C., Azul,R.R., Pena,R.C.D.",NA,0.999664767,"Canis lupus familiaris","Dog","Domestic","Visayas","OR971590","AL_Asian_SEA4"
"R8-2021-021",NA,"OR971589","Canis lupus familiaris","brain","=""15-apr-2021""","date_collected","Santo niño","Villareal","Eastern Samar-Oras","Samar (Western Samar)","Eastern Samar","Region VIII (Eastern Visayas)","Region VIII (Eastern Visayas)",NA,NA,"vgtk; raddl_correction; manual_correction","Cruz,J.L., Gonzales,R.M.C., Azul,R.R., Pena,R.C.D.",NA,0.999664767,"Canis lupus familiaris","Dog","Domestic","Visayas","OR971589","AL_Asian_SEA4"
"R8-2021-020",NA,"OR971588","Canis lupus familiaris","brain","=""08-apr-2021""","date_collected","Maria clara","City of maasin","Southern Leyte-Liloan","Southern leyte","Southern Leyte","Region VIII (Eastern Visayas)","Region VIII (Eastern Visayas)",NA,NA,"vgtk; raddl_correction","Cruz,J.L., Gonzales,R.M.C., Azul,R.R., Pena,R.C.D.",NA,0.999329534,"Canis lupus familiaris","Dog","Domestic","Visayas","OR971588","AL_Asian_SEA4"
"R8-2021-019",NA,"OR971587","Canis lupus familiaris","brain","=""30-mar-2021""","date_collected","Liberty","Hilongos","Leyte-Hilongos","Leyte","Leyte","Region VIII (Eastern Visayas)","Region VIII (Eastern Visayas)",NA,NA,"vgtk; raddl_correction","Cruz,J.L., Gonzales,R.M.C., Azul,R.R., Pena,R.C.D.",NA,0.999329534,"Canis lupus familiaris","Dog","Domestic","Visayas","OR971587","AL_Asian_SEA4"
"R8-2021-015",NA,"OR971586","Canis lupus familiaris","brain","=""23-mar-2021""","date_collected","Alegria","Caibiran","Biliran-Caibiran","Biliran","Biliran","Region VIII (Eastern Visayas)","Region VIII (Eastern Visayas)",NA,NA,"vgtk; raddl_correction","Cruz,J.L., Gonzales,R.M.C., Azul,R.R., Pena,R.C.D.",NA,0.999664767,"Canis lupus familiaris","Dog","Domestic","Visayas","OR971586","AL_Asian_SEA4"
"R8-2021-011",NA,"OR971585","Canis lupus familiaris","brain","=""26-feb-2021""","date_collected","Balite","Kawayan","Biliran-Kawayan","Biliran","Biliran","Region VIII (Eastern Visayas)","Region VIII (Eastern Visayas)",NA,NA,"vgtk; raddl_correction","Cruz,J.L., Gonzales,R.M.C., Azul,R.R., Pena,R.C.D.",NA,0.999664767,"Canis lupus familiaris","Dog","Domestic","Visayas","OR971585","AL_Asian_SEA4"
"R8-2021-010",NA,"OR971584","Canis lupus familiaris","brain","=""26-feb-2021""","date_collected","Caulangohan (marevil)","Caibiran","Biliran-Caibiran","Biliran","Biliran","Region VIII (Eastern Visayas)","Region VIII (Eastern Visayas)",NA,NA,"vgtk; raddl_correction","Cruz,J.L., Gonzales,R.M.C., Azul,R.R., Pena,R.C.D.",NA,0.999664767,"Canis lupus familiaris","Dog","Domestic","Visayas","OR971584","AL_Asian_SEA4"
"R7-0205",NA,"OR971583","Canis lupus familiaris","brain",NA,"date_collected",NA,NA,NA,"Cebu","Cebu","Region VII (Central Visayas)","Region VII (Central Visayas)",NA,NA,"vgtk","Cruz,J.L., Gonzales,R.M.C., Azul,R.R., Pena,R.C.D.",NA,0.999664767,"Canis lupus familiaris","Dog","Domestic","Visayas","OR971583","AL_Asian_SEA4"
"R7-0203",NA,"OR971582","Canis lupus familiaris","brain",NA,"date_collected",NA,NA,NA,"Cebu","Cebu","Region VII (Central Visayas)","Region VII (Central Visayas)",NA,NA,"vgtk","Cruz,J.L., Gonzales,R.M.C., Azul,R.R., Pena,R.C.D.",NA,0.999664767,"Canis lupus familiaris","Dog","Domestic","Visayas","OR971582","AL_Asian_SEA4"
"R7-0201",NA,"OR971581","Canis lupus familiaris","brain",NA,"date_collected",NA,NA,NA,"Cebu","Cebu","Region VII (Central Visayas)","Region VII (Central Visayas)",NA,NA,"vgtk","Cruz,J.L., Gonzales,R.M.C., Azul,R.R., Pena,R.C.D.",NA,0.999664767,"Canis lupus familiaris","Dog","Domestic","Visayas","OR971581","AL_Asian_SEA4"
"R7-0185",NA,"OR971580","Canis lupus familiaris","brain",NA,"date_collected",NA,NA,NA,"Cebu","Cebu","Region VII (Central Visayas)","Region VII (Central Visayas)",NA,NA,"vgtk","Cruz,J.L., Gonzales,R.M.C., Azul,R.R., Pena,R.C.D.",NA,0.999664767,"Canis lupus familiaris","Dog","Domestic","Visayas","OR971580","AL_Asian_SEA4"
"R7-0106",NA,"OR971579","Canis lupus familiaris","brain",NA,"date_collected",NA,NA,NA,"Cebu","Cebu","Region VII (Central Visayas)","Region VII (Central Visayas)",NA,NA,"vgtk","Cruz,J.L., Gonzales,R.M.C., Azul,R.R., Pena,R.C.D.",NA,0.999664767,"Canis lupus familiaris","Dog","Domestic","Visayas","OR971579","AL_Asian_SEA4"
"R7-0095",NA,"OR971578","Canis lupus familiaris","brain",NA,"date_collected",NA,NA,NA,"Cebu","Cebu","Region VII (Central Visayas)","Region VII (Central Visayas)",NA,NA,"vgtk","Cruz,J.L., Gonzales,R.M.C., Azul,R.R., Pena,R.C.D.",NA,0.999664767,"Canis lupus familiaris","Dog","Domestic","Visayas","OR971578","AL_Asian_SEA4"
"R7-2022-0010",NA,"OR971577","Canis lupus familiaris","brain","=""28-Feb-2022""","date_collected",NA,NA,NA,"Cebu","Cebu","Region VII (Central Visayas)","Region VII (Central Visayas)",NA,NA,"vgtk","Cruz,J.L., Gonzales,R.M.C., Azul,R.R., Pena,R.C.D.",NA,0.999245726,"Canis lupus familiaris","Dog","Domestic","Visayas","OR971577","AL_Asian_SEA4"
"R7-2022-0009",NA,"OR971576","Canis lupus familiaris","brain","=""21-Feb-2022""","date_collected",NA,NA,NA,"Cebu","Cebu","Region VII (Central Visayas)","Region VII (Central Visayas)",NA,NA,"vgtk","Cruz,J.L., Gonzales,R.M.C., Azul,R.R., Pena,R.C.D.",NA,0.999161918,"Canis lupus familiaris","Dog","Domestic","Visayas","OR971576","AL_Asian_SEA4"
"R7-2022-0008",NA,"OR971575","Canis lupus familiaris","brain","=""15-Feb-2022""","date_collected",NA,NA,NA,"Cebu","Cebu","Region VII (Central Visayas)","Region VII (Central Visayas)",NA,NA,"vgtk","Cruz,J.L., Gonzales,R.M.C., Azul,R.R., Pena,R.C.D.",NA,0.999664767,"Canis lupus familiaris","Dog","Domestic","Visayas","OR971575","AL_Asian_SEA4"
"R7-2022-0007",NA,"OR971574","Canis lupus familiaris","brain","=""14-Feb-2022""","date_collected",NA,NA,NA,"Cebu","Cebu","Region VII (Central Visayas)","Region VII (Central Visayas)",NA,NA,"vgtk","Cruz,J.L., Gonzales,R.M.C., Azul,R.R., Pena,R.C.D.",NA,0.999329534,"Canis lupus familiaris","Dog","Domestic","Visayas","OR971574","AL_Asian_SEA4"
"R7-2022-0004",NA,"OR971573","Canis lupus familiaris","brain","=""02-Aug-2022""","date_collected",NA,NA,NA,"Cebu","Cebu","Region VII (Central Visayas)","Region VII (Central Visayas)",NA,NA,"vgtk","Cruz,J.L., Gonzales,R.M.C., Azul,R.R., Pena,R.C.D.",NA,0.999245726,"Canis lupus familiaris","Dog","Domestic","Visayas","OR971573","AL_Asian_SEA4"
"R7-2022-0003",NA,"OR971572","Canis lupus familiaris","brain","=""26-Jan-2022""","date_collected",NA,NA,NA,"Cebu","Cebu","Region VII (Central Visayas)","Region VII (Central Visayas)",NA,NA,"vgtk","Cruz,J.L., Gonzales,R.M.C., Azul,R.R., Pena,R.C.D.",NA,0.999245726,"Canis lupus familiaris","Dog","Domestic","Visayas","OR971572","AL_Asian_SEA4"
"R7-2022-0001",NA,"OR971571","Canis lupus familiaris","brain","=""01-Jul-2022""","date_collected",NA,NA,NA,"Cebu","Cebu","Region VII (Central Visayas)","Region VII (Central Visayas)",NA,NA,"vgtk","Cruz,J.L., Gonzales,R.M.C., Azul,R.R., Pena,R.C.D.",NA,0.999664767,"Canis lupus familiaris","Dog","Domestic","Visayas","OR971571","AL_Asian_SEA4"
"R7-2021-0168",NA,"OR971570","Canis lupus familiaris","brain","=""22-Nov-2021""","date_collected",NA,NA,NA,"Cebu","Cebu","Region VII (Central Visayas)","Region VII (Central Visayas)",NA,NA,"vgtk","Cruz,J.L., Gonzales,R.M.C., Azul,R.R., Pena,R.C.D.",NA,0.999245726,"Canis lupus familiaris","Dog","Domestic","Visayas","OR971570","AL_Asian_SEA4"
"R7-2021-0167",NA,"OR971569","Canis lupus familiaris","brain","=""22-Nov-2021""","date_collected",NA,NA,NA,"Cebu","Cebu","Region VII (Central Visayas)","Region VII (Central Visayas)",NA,NA,"vgtk","Cruz,J.L., Gonzales,R.M.C., Azul,R.R., Pena,R.C.D.",NA,0.999245726,"Canis lupus familiaris","Dog","Domestic","Visayas","OR971569","AL_Asian_SEA4"
"R7-2021-0163",NA,"OR971568","Canis lupus familiaris","brain","=""11-Dec-2021""","date_collected",NA,NA,NA,"Cebu","Cebu","Region VII (Central Visayas)","Region VII (Central Visayas)",NA,NA,"vgtk","Cruz,J.L., Gonzales,R.M.C., Azul,R.R., Pena,R.C.D.",NA,0.999664767,"Canis lupus familiaris","Dog","Domestic","Visayas","OR971568","AL_Asian_SEA4"
"R7-2021-0162",NA,"OR971567","Canis lupus familiaris","brain","=""11-Oct-2021""","date_collected",NA,NA,NA,"Cebu","Cebu","Region VII (Central Visayas)","Region VII (Central Visayas)",NA,NA,"vgtk","Cruz,J.L., Gonzales,R.M.C., Azul,R.R., Pena,R.C.D.",NA,0.999161918,"Canis lupus familiaris","Dog","Domestic","Visayas","OR971567","AL_Asian_SEA4"
"R7-2021-0161",NA,"OR971566","Canis lupus familiaris","brain","=""11-Sep-2021""","date_collected",NA,NA,NA,"Cebu","Cebu","Region VII (Central Visayas)","Region VII (Central Visayas)",NA,NA,"vgtk","Cruz,J.L., Gonzales,R.M.C., Azul,R.R., Pena,R.C.D.",NA,0.999329534,"Canis lupus familiaris","Dog","Domestic","Visayas","OR971566","AL_Asian_SEA4"
"R7-2021-0160",NA,"OR971565","Canis lupus familiaris","brain","=""11-Sep-2021""","date_collected",NA,NA,NA,"Cebu","Cebu","Region VII (Central Visayas)","Region VII (Central Visayas)",NA,NA,"vgtk","Cruz,J.L., Gonzales,R.M.C., Azul,R.R., Pena,R.C.D.",NA,0.999245726,"Canis lupus familiaris","Dog","Domestic","Visayas","OR971565","AL_Asian_SEA4"
"R7-2021-0159",NA,"OR971564","Canis lupus familiaris","brain","=""11-Sep-2021""","date_collected",NA,NA,NA,"Cebu","Cebu","Region VII (Central Visayas)","Region VII (Central Visayas)",NA,NA,"vgtk","Cruz,J.L., Gonzales,R.M.C., Azul,R.R., Pena,R.C.D.",NA,0.999664767,"Canis lupus familiaris","Dog","Domestic","Visayas","OR971564","AL_Asian_SEA4"
"R7-2021-0155",NA,"OR971563","Canis lupus familiaris","brain","=""26-Oct-2021""","date_collected",NA,NA,NA,"Cebu","Cebu","Region VII (Central Visayas)","Region VII (Central Visayas)",NA,NA,"vgtk","Cruz,J.L., Gonzales,R.M.C., Azul,R.R., Pena,R.C.D.",NA,0.999245726,"Canis lupus familiaris","Dog","Domestic","Visayas","OR971563","AL_Asian_SEA4"
"R7-2021-0153",NA,"OR971562","Canis lupus familiaris","brain","=""21-Oct-2021""","date_collected",NA,NA,NA,"Cebu","Cebu","Region VII (Central Visayas)","Region VII (Central Visayas)",NA,NA,"vgtk","Cruz,J.L., Gonzales,R.M.C., Azul,R.R., Pena,R.C.D.",NA,0.999664767,"Canis lupus familiaris","Dog","Domestic","Visayas","OR971562","AL_Asian_SEA4"
"R7-2021-0151",NA,"OR971561","Canis lupus familiaris","brain","=""18-Oct-2021""","date_collected",NA,NA,NA,"Cebu","Cebu","Region VII (Central Visayas)","Region VII (Central Visayas)",NA,NA,"vgtk","Cruz,J.L., Gonzales,R.M.C., Azul,R.R., Pena,R.C.D.",NA,0.999245726,"Canis lupus familiaris","Dog","Domestic","Visayas","OR971561","AL_Asian_SEA4"
"R7-2021-0150",NA,"OR971560","Canis lupus familiaris","brain","=""13-Oct-2021""","date_collected",NA,NA,NA,"Cebu","Cebu","Region VII (Central Visayas)","Region VII (Central Visayas)",NA,NA,"vgtk","Cruz,J.L., Gonzales,R.M.C., Azul,R.R., Pena,R.C.D.",NA,0.999161918,"Canis lupus familiaris","Dog","Domestic","Visayas","OR971560","AL_Asian_SEA4"
"R7-2021-0149",NA,"OR971559","Canis lupus familiaris","brain","=""13-Oct-2021""","date_collected",NA,NA,NA,"Cebu","Cebu","Region VII (Central Visayas)","Region VII (Central Visayas)",NA,NA,"vgtk","Cruz,J.L., Gonzales,R.M.C., Azul,R.R., Pena,R.C.D.",NA,0.999664767,"Canis lupus familiaris","Dog","Domestic","Visayas","OR971559","AL_Asian_SEA4"
"R6-2021-5964",NA,"OR971558","Canis lupus familiaris","brain","=""12-sep-2021""","date_collected","San rafael mandurriao","Iloilo city","Iloilo-Ajuy","Iloilo","Iloilo","Region VI (Western Visayas)","Region VI (Western Visayas)",NA,NA,"vgtk; raddl_correction","Cruz,J.L., Gonzales,R.M.C., Azul,R.R., Pena,R.C.D.",NA,0.999413342,"Canis lupus familiaris","Dog","Domestic","Visayas","OR971558","AL_Asian_SEA4"
"R6-2021-5961",NA,"OR971557","Canis lupus familiaris","brain","=""12-sep-2021""","date_collected","Domingo","Sara","Iloilo-Sara","Iloilo","Iloilo","Region VI (Western Visayas)","Region VI (Western Visayas)",NA,NA,"vgtk; raddl_correction","Cruz,J.L., Gonzales,R.M.C., Azul,R.R., Pena,R.C.D.",NA,0.999413342,"Canis lupus familiaris","Dog","Domestic","Visayas","OR971557","AL_Asian_SEA4"
"R6-2021-5932",NA,"OR971556","Canis lupus familiaris","brain","=""12-jul-2021""","date_collected","M. Chavez","San lorenzo","Guimaras-San Lorenzo","Guimaras","Guimaras","Region VI (Western Visayas)","Region VI (Western Visayas)",NA,NA,"vgtk; raddl_correction","Cruz,J.L., Gonzales,R.M.C., Azul,R.R., Pena,R.C.D.",NA,0.999413342,"Canis lupus familiaris","Dog","Domestic","Visayas","OR971556","AL_Asian_SEA4"
"R6-2021-4965",NA,"OR971555","Canis lupus familiaris","brain","=""27-oct-2021""","date_collected","Zone 1 calumpang molo","Iloilo city","Iloilo-Ajuy","Iloilo","Iloilo","Region VI (Western Visayas)","Region VI (Western Visayas)",NA,NA,"vgtk; raddl_correction","Cruz,J.L., Gonzales,R.M.C., Azul,R.R., Pena,R.C.D.",NA,0.999664767,"Canis lupus familiaris","Dog","Domestic","Visayas","OR971555","AL_Asian_SEA4"
"R6-2021-4798",NA,"OR971554","Canis lupus familiaris","brain","=""29-oct-2021""","date_collected","Thtp pob","Maasin","Iloilo-Maasin","Iloilo","Iloilo","Region VI (Western Visayas)","Region VI (Western Visayas)",NA,NA,"vgtk; raddl_correction","Cruz,J.L., Gonzales,R.M.C., Azul,R.R., Pena,R.C.D.",NA,0.999664767,"Canis lupus familiaris","Dog","Domestic","Visayas","OR971554","AL_Asian_SEA4"
"R6-2021-4770",NA,"OR971553","Canis lupus familiaris","brain","=""27-oct-2021""","date_collected","Mag bato","Lambunao","Iloilo-Lambunao","Iloilo","Iloilo","Region VI (Western Visayas)","Region VI (Western Visayas)",NA,NA,"vgtk; raddl_correction","Cruz,J.L., Gonzales,R.M.C., Azul,R.R., Pena,R.C.D.",NA,0.999664767,"Canis lupus familiaris","Dog","Domestic","Visayas","OR971553","AL_Asian_SEA4"
"R6-2021-4769",NA,"OR971552","Canis lupus familiaris","brain","=""26-oct-2021""","date_collected","San pedro molo","Iloilo city","Iloilo-Ajuy","Iloilo","Iloilo","Region VI (Western Visayas)","Region VI (Western Visayas)",NA,NA,"vgtk; raddl_correction","Cruz,J.L., Gonzales,R.M.C., Azul,R.R., Pena,R.C.D.",NA,0.999664767,"Canis lupus familiaris","Dog","Domestic","Visayas","OR971552","AL_Asian_SEA4"
"R6-2021-4768",NA,"OR971551","Canis lupus familiaris","brain","=""25-oct-2021""","date_collected",NA,"Oton","Iloilo-Oton","Iloilo","Iloilo","Region VI (Western Visayas)","Region VI (Western Visayas)",NA,NA,"vgtk; raddl_correction","Cruz,J.L., Gonzales,R.M.C., Azul,R.R., Pena,R.C.D.",NA,0.999664767,"Canis lupus familiaris","Dog","Domestic","Visayas","OR971551","AL_Asian_SEA4"
"R6-2021-4767",NA,"OR971550","Canis lupus familiaris","brain","=""25-oct-2021""","date_collected","Escailla sub. Mandurriao","Iloilo city","Iloilo-Ajuy","Iloilo","Iloilo","Region VI (Western Visayas)","Region VI (Western Visayas)",NA,NA,"vgtk; raddl_correction","Cruz,J.L., Gonzales,R.M.C., Azul,R.R., Pena,R.C.D.",NA,0.999664767,"Canis lupus familiaris","Dog","Domestic","Visayas","OR971550","AL_Asian_SEA4"
"R6-2021-4711",NA,"OR971549","Canis lupus familiaris","brain","=""22-oct-2021""","date_collected","Camalongo","Calinog","Iloilo-Calinog","Iloilo","Iloilo","Region VI (Western Visayas)","Region VI (Western Visayas)",NA,NA,"vgtk; raddl_correction","Cruz,J.L., Gonzales,R.M.C., Azul,R.R., Pena,R.C.D.",NA,0.999664767,"Canis lupus familiaris","Dog","Domestic","Visayas","OR971549","AL_Asian_SEA4"
"R6-2021-4703",NA,"OR971548","Canis lupus familiaris","brain","=""19-oct-2021""","date_collected","Mina west pob.","Mina","Iloilo-Mina","Iloilo","Iloilo","Region VI (Western Visayas)","Region VI (Western Visayas)",NA,NA,"vgtk; raddl_correction","Cruz,J.L., Gonzales,R.M.C., Azul,R.R., Pena,R.C.D.",NA,0.999664767,"Canis lupus familiaris","Dog","Domestic","Visayas","OR971548","AL_Asian_SEA4"
"R6-2021-4702",NA,"OR971547","Canis lupus familiaris","brain","=""19-oct-2021""","date_collected","Orong","Kabankalan city","Negros Occidental-Bago City","Negros occidental","Negros Occidental","Region VI (Western Visayas)","Region VI (Western Visayas)",NA,NA,"vgtk; raddl_correction","Cruz,J.L., Gonzales,R.M.C., Azul,R.R., Pena,R.C.D.",NA,0.999664767,"Canis lupus familiaris","Dog","Domestic","Visayas","OR971547","AL_Asian_SEA4"
"R6-2021-4600",NA,"OR971546","Canis lupus familiaris","brain","=""13-oct-2021""","date_collected","Zone 1 pob.","Tubungan","Iloilo-Tubungan","Iloilo","Iloilo","Region VI (Western Visayas)","Region VI (Western Visayas)",NA,NA,"vgtk; raddl_correction","Cruz,J.L., Gonzales,R.M.C., Azul,R.R., Pena,R.C.D.",NA,0.999664767,"Canis lupus familiaris","Dog","Domestic","Visayas","OR971546","AL_Asian_SEA4"
"R6-2021-4599",NA,"OR971545","Canis lupus familiaris","brain","=""12-oct-2021""","date_collected","Jibao-an","Pavia","Iloilo-Pavia","Iloilo","Iloilo","Region VI (Western Visayas)","Region VI (Western Visayas)",NA,NA,"vgtk; raddl_correction","Cruz,J.L., Gonzales,R.M.C., Azul,R.R., Pena,R.C.D.",NA,0.999664767,"Canis lupus familiaris","Dog","Domestic","Visayas","OR971545","AL_Asian_SEA4"
"R4B-2022-00007",NA,"OR971494","Canis lupus familiaris","brain","=""16-Feb-2022""","date_collected",NA,NA,NA,"Oriental Mindoro","Oriental Mindoro","Mimaropa Region","Mimaropa Region",NA,NA,"vgtk","Cruz,J.L., Gonzales,R.M.C., Azul,R.R., Pena,R.C.D.",NA,0.999580959,"Canis lupus familiaris","Dog","Domestic","Luzon","OR971494","AL_Asian_SEA4"
"R4B-2022-00006",NA,"OR971493","Canis lupus familiaris","brain","=""09-Feb-2022""","date_collected",NA,NA,NA,"Oriental Mindoro","Oriental Mindoro","Mimaropa Region","Mimaropa Region",NA,NA,"vgtk","Cruz,J.L., Gonzales,R.M.C., Azul,R.R., Pena,R.C.D.",NA,0.999497151,"Canis lupus familiaris","Dog","Domestic","Luzon","OR971493","AL_Asian_SEA4"
"R4B-2022-00005",NA,"OR971492","Canis lupus familiaris","brain","=""02-Sep-2022""","date_collected",NA,NA,NA,"Oriental Mindoro","Oriental Mindoro","Mimaropa Region","Mimaropa Region",NA,NA,"vgtk","Cruz,J.L., Gonzales,R.M.C., Azul,R.R., Pena,R.C.D.",NA,0.999497151,"Canis lupus familiaris","Dog","Domestic","Luzon","OR971492","AL_Asian_SEA4"
"R4B-2022-00004",NA,"OR971491","Canis lupus familiaris","brain","=""04-Feb-2022""","date_collected",NA,NA,NA,"Occidental Mindoro","Occidental Mindoro","Mimaropa Region","Mimaropa Region",NA,NA,"vgtk","Cruz,J.L., Gonzales,R.M.C., Azul,R.R., Pena,R.C.D.",NA,0.999580959,"Canis lupus familiaris","Dog","Domestic","Luzon","OR971491","AL_Asian_SEA4"
"R4B-2022-00002",NA,"OR971490","Canis lupus familiaris","brain","=""14-Jan-2022""","date_collected",NA,NA,NA,"Oriental Mindoro","Oriental Mindoro","Mimaropa Region","Mimaropa Region",NA,NA,"vgtk","Cruz,J.L., Gonzales,R.M.C., Azul,R.R., Pena,R.C.D.",NA,0.999497151,"Canis lupus familiaris","Dog","Domestic","Luzon","OR971490","AL_Asian_SEA4"
"R4B-2022-00001",NA,"OR971489","Canis lupus familiaris","brain","=""05-Jan-2022""","date_collected",NA,NA,NA,"Oriental Mindoro","Oriental Mindoro","Mimaropa Region","Mimaropa Region",NA,NA,"vgtk","Cruz,J.L., Gonzales,R.M.C., Azul,R.R., Pena,R.C.D.",NA,0.999497151,"Canis lupus familiaris","Dog","Domestic","Luzon","OR971489","AL_Asian_SEA4"
"R4B-2021-070",NA,"OR971488","Canis lupus familiaris","brain","=""23-Apr-2021""","date_collected",NA,NA,NA,"Oriental Mindoro","Oriental Mindoro","Mimaropa Region","Mimaropa Region",NA,NA,"vgtk","Cruz,J.L., Gonzales,R.M.C., Azul,R.R., Pena,R.C.D.",NA,0.999580959,"Canis lupus familiaris","Dog","Domestic","Luzon","OR971488","AL_Asian_SEA4"
"R4B-2021-067",NA,"OR971487","Canis lupus familiaris","brain","=""14-Apr-2021""","date_collected",NA,NA,NA,"Oriental Mindoro","Oriental Mindoro","Mimaropa Region","Mimaropa Region",NA,NA,"vgtk","Cruz,J.L., Gonzales,R.M.C., Azul,R.R., Pena,R.C.D.",NA,0.999580959,"Canis lupus familiaris","Dog","Domestic","Luzon","OR971487","AL_Asian_SEA4"
"R4B-2021-061",NA,"OR971486","Canis lupus familiaris","brain","=""03-Oct-2021""","date_collected",NA,NA,NA,"Oriental Mindoro","Oriental Mindoro","Mimaropa Region","Mimaropa Region",NA,NA,"vgtk","Cruz,J.L., Gonzales,R.M.C., Azul,R.R., Pena,R.C.D.",NA,0.999580959,"Canis lupus familiaris","Dog","Domestic","Luzon","OR971486","AL_Asian_SEA4"
"R4B-2021-060",NA,"OR971485","Canis lupus familiaris","brain","=""03-May-2021""","date_collected",NA,NA,NA,"Oriental Mindoro","Oriental Mindoro","Mimaropa Region","Mimaropa Region",NA,NA,"vgtk","Cruz,J.L., Gonzales,R.M.C., Azul,R.R., Pena,R.C.D.",NA,0.999580959,"Canis lupus familiaris","Dog","Domestic","Luzon","OR971485","AL_Asian_SEA4"
"R4B-2021-058",NA,"OR971484","Canis lupus familiaris","brain","=""02-Sep-2021""","date_collected",NA,NA,NA,"Oriental Mindoro","Oriental Mindoro","Mimaropa Region","Mimaropa Region",NA,NA,"vgtk","Cruz,J.L., Gonzales,R.M.C., Azul,R.R., Pena,R.C.D.",NA,0.999580959,"Canis lupus familiaris","Dog","Domestic","Luzon","OR971484","AL_Asian_SEA4"
"R4B-2019-5816",NA,"OR971483","Canis lupus familiaris","brain","=""16-Aug-2019""","date_collected",NA,NA,NA,"Oriental Mindoro","Oriental Mindoro","Mimaropa Region","Mimaropa Region",NA,NA,"vgtk","Cruz,J.L., Gonzales,R.M.C., Azul,R.R., Pena,R.C.D.",NA,0.999580959,"Canis lupus familiaris","Dog","Domestic","Luzon","OR971483","AL_Asian_SEA4"
"R4A-2022-577",NA,"OR971482","Canis lupus familiaris","brain","=""24-Mar-2022""","date_collected",NA,NA,NA,"Quezon","Quezon","Region IV-A (Calabarzon)","Region IV-A (Calabarzon)",NA,NA,"vgtk","Cruz,J.L., Gonzales,R.M.C., Azul,R.R., Pena,R.C.D.",NA,0.999580959,"Canis lupus familiaris","Dog","Domestic","Luzon","OR971482","AL_Asian_SEA4"
"R4A-2022-408",NA,"OR971481","Canis lupus familiaris","brain","=""03-Oct-2022""","date_collected",NA,NA,NA,"Quezon","Quezon","Region IV-A (Calabarzon)","Region IV-A (Calabarzon)",NA,NA,"vgtk","Cruz,J.L., Gonzales,R.M.C., Azul,R.R., Pena,R.C.D.",NA,0.999580959,"Canis lupus familiaris","Dog","Domestic","Luzon","OR971481","AL_Asian_SEA4"
"R4A-2022-261",NA,"OR971480","Canis lupus familiaris","brain","=""24-Feb-2022""","date_collected",NA,NA,NA,"Cavite","Cavite","Region IV-A (Calabarzon)","Region IV-A (Calabarzon)",NA,NA,"vgtk","Cruz,J.L., Gonzales,R.M.C., Azul,R.R., Pena,R.C.D.",NA,0.999664767,"Canis lupus familiaris","Dog","Domestic","Luzon","OR971480","AL_Asian_SEA4"
"R4A-2022-252",NA,"OR971479","Canis lupus familiaris","brain","=""22-Feb-2022""","date_collected",NA,NA,NA,"Laguna","Laguna","Region IV-A (Calabarzon)","Region IV-A (Calabarzon)",NA,NA,"vgtk","Cruz,J.L., Gonzales,R.M.C., Azul,R.R., Pena,R.C.D.",NA,0.999580959,"Canis lupus familiaris","Dog","Domestic","Luzon","OR971479","AL_Asian_SEA4"
"R4A-2022-234",NA,"OR971478","Canis lupus familiaris","brain","=""17-Feb-2022""","date_collected",NA,NA,NA,"Quezon","Quezon","Region IV-A (Calabarzon)","Region IV-A (Calabarzon)",NA,NA,"vgtk","Cruz,J.L., Gonzales,R.M.C., Azul,R.R., Pena,R.C.D.",NA,0.999580959,"Canis lupus familiaris","Dog","Domestic","Luzon","OR971478","AL_Asian_SEA4"
"R4A-2022-210",NA,"OR971477","Canis lupus familiaris","brain","=""15-Feb-2022""","date_collected",NA,NA,NA,"Quezon","Quezon","Region IV-A (Calabarzon)","Region IV-A (Calabarzon)",NA,NA,"vgtk","Cruz,J.L., Gonzales,R.M.C., Azul,R.R., Pena,R.C.D.",NA,0.999580959,"Canis lupus familiaris","Dog","Domestic","Luzon","OR971477","AL_Asian_SEA4"
"R4A-2022-203",NA,"OR971476","Canis lupus familiaris","brain","=""14-Feb-2022""","date_collected",NA,NA,NA,"Quezon","Quezon","Region IV-A (Calabarzon)","Region IV-A (Calabarzon)",NA,NA,"vgtk","Cruz,J.L., Gonzales,R.M.C., Azul,R.R., Pena,R.C.D.",NA,0.999664767,"Canis lupus familiaris","Dog","Domestic","Luzon","OR971476","AL_Asian_SEA4"
"R4A-2022-171",NA,"OR971475","Canis lupus familiaris","brain","=""02-Jul-2022""","date_collected",NA,NA,NA,"Cavite","Cavite","Region IV-A (Calabarzon)","Region IV-A (Calabarzon)",NA,NA,"vgtk","Cruz,J.L., Gonzales,R.M.C., Azul,R.R., Pena,R.C.D.",NA,0.999580959,"Canis lupus familiaris","Dog","Domestic","Luzon","OR971475","AL_Asian_SEA4"
"R4A-2022-104",NA,"OR971474","Canis lupus familiaris","brain","=""25-Jan-2022""","date_collected",NA,NA,NA,"Batangas","Batangas","Region IV-A (Calabarzon)","Region IV-A (Calabarzon)",NA,NA,"vgtk","Cruz,J.L., Gonzales,R.M.C., Azul,R.R., Pena,R.C.D.",NA,0.999580959,"Canis lupus familiaris","Dog","Domestic","Luzon","OR971474","AL_Asian_SEA4"
"R4A-2022-99",NA,"OR971473","Canis lupus familiaris","brain","=""25-Jan-2022""","date_collected",NA,NA,NA,"Quezon","Quezon","Region IV-A (Calabarzon)","Region IV-A (Calabarzon)",NA,NA,"vgtk","Cruz,J.L., Gonzales,R.M.C., Azul,R.R., Pena,R.C.D.",NA,0.999580959,"Canis lupus familiaris","Dog","Domestic","Luzon","OR971473","AL_Asian_SEA4"
"R4A-2022-98",NA,"OR971472","Canis lupus familiaris","brain","=""24-Jan-2022""","date_collected",NA,NA,NA,"Quezon","Quezon","Region IV-A (Calabarzon)","Region IV-A (Calabarzon)",NA,NA,"vgtk","Cruz,J.L., Gonzales,R.M.C., Azul,R.R., Pena,R.C.D.",NA,0.999580959,"Canis lupus familiaris","Dog","Domestic","Luzon","OR971472","AL_Asian_SEA4"
"R4A-2022-93",NA,"OR971471","Canis lupus familiaris","brain","=""21-Jan-2022""","date_collected",NA,NA,NA,"Quezon","Quezon","Region IV-A (Calabarzon)","Region IV-A (Calabarzon)",NA,NA,"vgtk","Cruz,J.L., Gonzales,R.M.C., Azul,R.R., Pena,R.C.D.",NA,0.999580959,"Canis lupus familiaris","Dog","Domestic","Luzon","OR971471","AL_Asian_SEA4"
"R4A-2022-40",NA,"OR971470","Canis lupus familiaris","brain","=""01-Nov-2022""","date_collected",NA,NA,NA,"Batangas","Batangas","Region IV-A (Calabarzon)","Region IV-A (Calabarzon)",NA,NA,"vgtk","Cruz,J.L., Gonzales,R.M.C., Azul,R.R., Pena,R.C.D.",NA,0.999580959,"Canis lupus familiaris","Dog","Domestic","Luzon","OR971470","AL_Asian_SEA4"
"R4A-2021-4446",NA,"OR971469","Canis lupus familiaris","brain","=""12-Jan-2021""","date_collected",NA,NA,NA,"Rizal","Rizal","Region IV-A (Calabarzon)","Region IV-A (Calabarzon)",NA,NA,"vgtk","Cruz,J.L., Gonzales,R.M.C., Azul,R.R., Pena,R.C.D.",NA,0.999580959,"Canis lupus familiaris","Dog","Domestic","Luzon","OR971469","AL_Asian_SEA4"
"R4A-2021-4119",NA,"OR971468","Canis lupus familiaris","brain","=""11-Nov-2021""","date_collected",NA,NA,NA,"Rizal","Rizal","Region IV-A (Calabarzon)","Region IV-A (Calabarzon)",NA,NA,"vgtk","Cruz,J.L., Gonzales,R.M.C., Azul,R.R., Pena,R.C.D.",NA,0.999580959,"Canis lupus familiaris","Dog","Domestic","Luzon","OR971468","AL_Asian_SEA4"
"R4A-2021-3398",NA,"OR971467","Canis lupus familiaris","brain","=""23-Sep-2021""","date_collected",NA,NA,NA,"Rizal","Rizal","Region IV-A (Calabarzon)","Region IV-A (Calabarzon)",NA,NA,"vgtk","Cruz,J.L., Gonzales,R.M.C., Azul,R.R., Pena,R.C.D.",NA,0.999580959,"Canis lupus familiaris","Dog","Domestic","Luzon","OR971467","AL_Asian_SEA4"
"R4A-2021-3000",NA,"OR971466","Canis lupus familiaris","brain","=""26-Aug-2021""","date_collected",NA,NA,NA,"Rizal","Rizal","Region IV-A (Calabarzon)","Region IV-A (Calabarzon)",NA,NA,"vgtk","Cruz,J.L., Gonzales,R.M.C., Azul,R.R., Pena,R.C.D.",NA,0.999580959,"Canis lupus familiaris","Dog","Domestic","Luzon","OR971466","AL_Asian_SEA4"
"R4A-2021-2999",NA,"OR971465","Canis lupus familiaris","brain","=""26-Aug-2021""","date_collected",NA,NA,NA,"Rizal","Rizal","Region IV-A (Calabarzon)","Region IV-A (Calabarzon)",NA,NA,"vgtk","Cruz,J.L., Gonzales,R.M.C., Azul,R.R., Pena,R.C.D.",NA,0.999580959,"Canis lupus familiaris","Dog","Domestic","Luzon","OR971465","AL_Asian_SEA4"
"R4A-2021-2849",NA,"OR971464","Canis lupus familiaris","brain","=""08-Nov-2021""","date_collected",NA,NA,NA,"Rizal","Rizal","Region IV-A (Calabarzon)","Region IV-A (Calabarzon)",NA,NA,"vgtk","Cruz,J.L., Gonzales,R.M.C., Azul,R.R., Pena,R.C.D.",NA,0.999580959,"Canis lupus familiaris","Dog","Domestic","Luzon","OR971464","AL_Asian_SEA4"
"R4A-2021-2750",NA,"OR971463","Canis lupus familiaris","brain","=""08-May-2021""","date_collected",NA,NA,NA,"Rizal","Rizal","Region IV-A (Calabarzon)","Region IV-A (Calabarzon)",NA,NA,"vgtk","Cruz,J.L., Gonzales,R.M.C., Azul,R.R., Pena,R.C.D.",NA,0.999580959,"Canis lupus familiaris","Dog","Domestic","Luzon","OR971463","AL_Asian_SEA4"
"R4A-2021-2633",NA,"OR971462","Canis lupus familiaris","brain","=""27-Jul-2021""","date_collected",NA,NA,NA,"Rizal","Rizal","Region IV-A (Calabarzon)","Region IV-A (Calabarzon)",NA,NA,"vgtk","Cruz,J.L., Gonzales,R.M.C., Azul,R.R., Pena,R.C.D.",NA,0.999580959,"Canis lupus familiaris","Dog","Domestic","Luzon","OR971462","AL_Asian_SEA4"
"R4A-2021-1668",NA,"OR971461","Canis lupus familiaris","brain","=""29-Nov-2021""","date_collected",NA,NA,NA,"Quezon","Quezon","Region IV-A (Calabarzon)","Region IV-A (Calabarzon)",NA,NA,"vgtk","Cruz,J.L., Gonzales,R.M.C., Azul,R.R., Pena,R.C.D.",NA,0.999580959,"Canis lupus familiaris","Dog","Domestic","Luzon","OR971461","AL_Asian_SEA4"
"R4A-2021-1574",NA,"OR971460","Canis lupus familiaris","brain","=""10-Dec-2021""","date_collected",NA,NA,NA,"Batangas","Batangas","Region IV-A (Calabarzon)","Region IV-A (Calabarzon)",NA,NA,"vgtk","Cruz,J.L., Gonzales,R.M.C., Azul,R.R., Pena,R.C.D.",NA,0.999580959,"Canis lupus familiaris","Dog","Domestic","Luzon","OR971460","AL_Asian_SEA4"
"R4A-2020-2577",NA,"OR971459","Canis lupus familiaris","brain","=""29-May-2020""","date_collected",NA,NA,NA,"Rizal","Rizal","Region IV-A (Calabarzon)","Region IV-A (Calabarzon)",NA,NA,"vgtk","Cruz,J.L., Gonzales,R.M.C., Azul,R.R., Pena,R.C.D.",NA,0.999664767,"Canis lupus familiaris","Dog","Domestic","Luzon","OR971459","AL_Asian_SEA4"
"R4A-2020-2377",NA,"OR971458","Canis lupus familiaris","brain","=""04-Mar-2020""","date_collected",NA,NA,NA,"Rizal","Rizal","Region IV-A (Calabarzon)","Region IV-A (Calabarzon)",NA,NA,"vgtk","Cruz,J.L., Gonzales,R.M.C., Azul,R.R., Pena,R.C.D.",NA,0.999329534,"Canis lupus familiaris","Dog","Domestic","Luzon","OR971458","AL_Asian_SEA4"
"R4A-2020-0084",NA,"OR971457","Canis lupus familiaris","brain","=""03-Jan-2020""","date_collected",NA,NA,NA,"Rizal","Rizal","Region IV-A (Calabarzon)","Region IV-A (Calabarzon)",NA,NA,"vgtk","Cruz,J.L., Gonzales,R.M.C., Azul,R.R., Pena,R.C.D.",NA,0.999161918,"Canis lupus familiaris","Dog","Domestic","Luzon","OR971457","AL_Asian_SEA4"
"R4A-2019-5970",NA,"OR971456","Canis lupus familiaris","brain","=""27-Aug-2019""","date_collected",NA,NA,NA,"Rizal","Rizal","Region IV-A (Calabarzon)","Region IV-A (Calabarzon)",NA,NA,"vgtk","Cruz,J.L., Gonzales,R.M.C., Azul,R.R., Pena,R.C.D.",NA,0.999161918,"Canis lupus familiaris","Dog","Domestic","Luzon","OR971456","AL_Asian_SEA4"
"R4A-2019-5622",NA,"OR971455","Canis lupus familiaris","brain","=""05-Aug-2019""","date_collected",NA,NA,NA,"Rizal","Rizal","Region IV-A (Calabarzon)","Region IV-A (Calabarzon)",NA,NA,"vgtk","Cruz,J.L., Gonzales,R.M.C., Azul,R.R., Pena,R.C.D.",NA,0.999161918,"Canis lupus familiaris","Dog","Domestic","Luzon","OR971455","AL_Asian_SEA4"
"R4A-2019-1033",NA,"OR971454","Canis lupus familiaris","brain","=""24-Oct-2019""","date_collected",NA,NA,NA,"Quezon","Quezon","Region IV-A (Calabarzon)","Region IV-A (Calabarzon)",NA,NA,"vgtk","Cruz,J.L., Gonzales,R.M.C., Azul,R.R., Pena,R.C.D.",NA,0.999329534,"Canis lupus familiaris","Dog","Domestic","Luzon","OR971454","AL_Asian_SEA4"
"R4A-2019-1023",NA,"OR971453","Canis lupus familiaris","brain","=""17-Oct-2019""","date_collected",NA,NA,NA,"Quezon","Quezon","Region IV-A (Calabarzon)","Region IV-A (Calabarzon)",NA,NA,"vgtk","Cruz,J.L., Gonzales,R.M.C., Azul,R.R., Pena,R.C.D.",NA,0.999497151,"Canis lupus familiaris","Dog","Domestic","Luzon","OR971453","AL_Asian_SEA4"
"R4A-2019-989",NA,"OR971452","Canis lupus familiaris","brain","=""03-Oct-2019""","date_collected",NA,NA,NA,"Laguna","Laguna","Region IV-A (Calabarzon)","Region IV-A (Calabarzon)",NA,NA,"vgtk","Cruz,J.L., Gonzales,R.M.C., Azul,R.R., Pena,R.C.D.",NA,0.999161918,"Canis lupus familiaris","Dog","Domestic","Luzon","OR971452","AL_Asian_SEA4"
"R4A-2019-949",NA,"OR971451","Canis lupus familiaris","brain","=""25-Sep-2019""","date_collected",NA,NA,NA,"Laguna","Laguna","Region IV-A (Calabarzon)","Region IV-A (Calabarzon)",NA,NA,"vgtk","Cruz,J.L., Gonzales,R.M.C., Azul,R.R., Pena,R.C.D.",NA,0.999161918,"Canis lupus familiaris","Dog","Domestic","Luzon","OR971451","AL_Asian_SEA4"
"R4A-2019-892",NA,"OR971450","Canis lupus familiaris","brain","=""09-Sep-2019""","date_collected",NA,NA,NA,"Batangas","Batangas","Region IV-A (Calabarzon)","Region IV-A (Calabarzon)",NA,NA,"vgtk","Cruz,J.L., Gonzales,R.M.C., Azul,R.R., Pena,R.C.D.",NA,0.999329534,"Canis lupus familiaris","Dog","Domestic","Luzon","OR971450","AL_Asian_SEA4"
"R4A-2019-857",NA,"OR971449","Canis lupus familiaris","brain","=""27-Aug-2019""","date_collected",NA,NA,NA,"Quezon","Quezon","Region IV-A (Calabarzon)","Region IV-A (Calabarzon)",NA,NA,"vgtk","Cruz,J.L., Gonzales,R.M.C., Azul,R.R., Pena,R.C.D.",NA,0.999497151,"Canis lupus familiaris","Dog","Domestic","Luzon","OR971449","AL_Asian_SEA4"
"R4A-2019-772",NA,"OR971448","Canis lupus familiaris","brain","=""01-Aug-2019""","date_collected",NA,NA,NA,"Batangas","Batangas","Region IV-A (Calabarzon)","Region IV-A (Calabarzon)",NA,NA,"vgtk","Cruz,J.L., Gonzales,R.M.C., Azul,R.R., Pena,R.C.D.",NA,0.999580959,"Canis lupus familiaris","Dog","Domestic","Luzon","OR971448","AL_Asian_SEA4"
"R4A-2019-472",NA,"OR971447","Canis lupus familiaris","brain","=""06-May-2019""","date_collected",NA,NA,NA,"Batangas","Batangas","Region IV-A (Calabarzon)","Region IV-A (Calabarzon)",NA,NA,"vgtk","Cruz,J.L., Gonzales,R.M.C., Azul,R.R., Pena,R.C.D.",NA,0.999497151,"Canis lupus familiaris","Dog","Domestic","Luzon","OR971447","AL_Asian_SEA4"
"R3-2022-0019",NA,"OR971446","Canis lupus familiaris","brain","=""18-jan-2022""","date_collected","San jose","San simon","Pampanga-San Simon","Pampanga","Pampanga","Region III (Central Luzon)","Region III (Central Luzon)",NA,NA,"vgtk; raddl_correction","Cruz,J.L., Gonzales,R.M.C., Azul,R.R., Pena,R.C.D.",NA,0.999580959,"Canis lupus familiaris","Dog","Domestic","Luzon","OR971446","AL_Asian_SEA4"
"R3-2022-0017",NA,"OR971445","Canis lupus familiaris","brain","=""13-jan-2022""","date_collected","Kaypian","City of san jose del monte","Bulacan-San Jose del Monte City","Bulacan","Bulacan","Region III (Central Luzon)","Region III (Central Luzon)",NA,NA,"vgtk; raddl_correction","Cruz,J.L., Gonzales,R.M.C., Azul,R.R., Pena,R.C.D.",NA,0.999580959,"Canis lupus familiaris","Dog","Domestic","Luzon","OR971445","AL_Asian_SEA4"
"R2-2019-7465",NA,"OR971394","Canis lupus familiaris","brain","=""01-Jan-2019""","date_collected",NA,NA,NA,"Pangasinan","Pangasinan","Region I (Ilocos Region)","Region I (Ilocos Region)",NA,NA,"vgtk; manual_correction","Cruz,J.L., Gonzales,R.M.C., Azul,R.R., Pena,R.C.D.",NA,0.999329534,"Canis lupus familiaris","Dog","Domestic","Luzon","OR971394","AL_Asian_SEA4"
"R2-2019-7027",NA,"OR971393","Canis lupus familiaris","brain","=""20-aug-2019""","date_collected","Barangay ii (poblacion)","Enrile","Cagayan-Enrile","Cagayan","Cagayan","Region II (Cagayan Valley)","Region II (Cagayan Valley)",NA,NA,"vgtk; raddl_correction","Cruz,J.L., Gonzales,R.M.C., Azul,R.R., Pena,R.C.D.",NA,0.999329534,"Canis lupus familiaris","Dog","Domestic","Luzon","OR971393","AL_Asian_SEA4"
"R1-2022-042",NA,"OR971392","Canis lupus familiaris","brain","=""21-apr-2022""","date_collected","Balangobong","Binalonan","Pangasinan-Agno","Pangasinan","Pangasinan","Region I (Ilocos Region)","Region I (Ilocos Region)",NA,NA,"vgtk; raddl_correction","Cruz,J.L., Gonzales,R.M.C., Azul,R.R., Pena,R.C.D.",NA,0.999580959,"Canis lupus familiaris","Dog","Domestic","Luzon","OR971392","AL_Asian_SEA4"
"R1-2022-040",NA,"OR971391","Canis lupus familiaris","brain","=""18-apr-2022""","date_collected","Coliling","San carlos","Pangasinan-Burgos","Pangasinan","Pangasinan","Region I (Ilocos Region)","Region I (Ilocos Region)",NA,NA,"vgtk; raddl_correction","Cruz,J.L., Gonzales,R.M.C., Azul,R.R., Pena,R.C.D.",NA,0.999580959,"Canis lupus familiaris","Dog","Domestic","Luzon","OR971391","AL_Asian_SEA4"
"R1-2022-034",NA,"OR971390","Canis lupus familiaris","brain","=""04-apr-2022""","date_collected","Namboongan","Santo tomas","La Union-Santo Tomas","La Union","La Union","Region I (Ilocos Region)","Region I (Ilocos Region)",NA,NA,"vgtk; raddl_correction","Cruz,J.L., Gonzales,R.M.C., Azul,R.R., Pena,R.C.D.",NA,0.999580959,"Canis lupus familiaris","Dog","Domestic","Luzon","OR971390","AL_Asian_SEA4"
"R1-2021-166",NA,"OR971389","Canis lupus familiaris","brain","=""08-nov-2021""","date_collected","Buer","Aguilar","Pangasinan-Agno","Pangasinan","Pangasinan","Region I (Ilocos Region)","Region I (Ilocos Region)",NA,NA,"vgtk; raddl_correction","Cruz,J.L., Gonzales,R.M.C., Azul,R.R., Pena,R.C.D.",NA,0.999161918,"Canis lupus familiaris","Dog","Domestic","Luzon","OR971389","AL_Asian_SEA4"
"R1-2021-165",NA,"OR971388","Canis lupus familiaris","brain","=""02-nov-2021""","date_collected","Cabisilan","Bauang","La Union-Agoo","La Union","La Union","Region I (Ilocos Region)","Region I (Ilocos Region)",NA,NA,"vgtk; raddl_correction","Cruz,J.L., Gonzales,R.M.C., Azul,R.R., Pena,R.C.D.",NA,0.999497151,"Canis lupus familiaris","Dog","Domestic","Luzon","OR971388","AL_Asian_SEA4"
"R1-2021-162",NA,"OR971387","Felis catus","brain","=""29-oct-2021""","date_collected","Tara","Bolinao","Pangasinan-Agno","Pangasinan","Pangasinan","Region I (Ilocos Region)","Region I (Ilocos Region)",NA,NA,"vgtk; raddl_correction","Cruz,J.L., Gonzales,R.M.C., Azul,R.R., Pena,R.C.D.",NA,0.999329534,"Felis catus","Cat","Domestic","Luzon","OR971387","AL_Asian_SEA4"
"R1-2021-161",NA,"OR971386","Canis lupus familiaris","brain","=""28-oct-2021""","date_collected","Papallasen","Burgos","Pangasinan-Burgos","Pangasinan","Pangasinan","Region I (Ilocos Region)","Region I (Ilocos Region)",NA,NA,"vgtk; raddl_correction","Cruz,J.L., Gonzales,R.M.C., Azul,R.R., Pena,R.C.D.",NA,0.999329534,"Canis lupus familiaris","Dog","Domestic","Luzon","OR971386","AL_Asian_SEA4"
"R1-2019-212",NA,"OR971385","Canis lupus familiaris","brain","=""06-nov-2019""","date_collected","Cabugbugan","Tagudin","Ilocos Sur-Tagudin","Ilocos Sur","Ilocos Sur","Region I (Ilocos Region)","Region I (Ilocos Region)",NA,NA,"vgtk; raddl_correction","Cruz,J.L., Gonzales,R.M.C., Azul,R.R., Pena,R.C.D.",NA,0.999497151,"Canis lupus familiaris","Dog","Domestic","Luzon","OR971385","AL_Asian_SEA4"
"R1-2019-204",NA,"OR971384","Canis lupus familiaris","brain","=""21-oct-2019""","date_collected","Mal-ong","Anda","Pangasinan-Anda","Pangasinan","Pangasinan","Region I (Ilocos Region)","Region I (Ilocos Region)",NA,NA,"vgtk; raddl_correction","Cruz,J.L., Gonzales,R.M.C., Azul,R.R., Pena,R.C.D.",NA,0.999329534,"Canis lupus familiaris","Dog","Domestic","Luzon","OR971384","AL_Asian_SEA4"
"R1-2019-196",NA,"OR971383","Canis lupus familiaris","brain","=""15-oct-2019""","date_collected","Poblacion","Basista","Pangasinan-Sual","Pangasinan","Pangasinan","Region I (Ilocos Region)","Region I (Ilocos Region)",NA,NA,"vgtk; raddl_correction","Cruz,J.L., Gonzales,R.M.C., Azul,R.R., Pena,R.C.D.",NA,0.999329534,"Canis lupus familiaris","Dog","Domestic","Luzon","OR971383","AL_Asian_SEA4"
"R1-2019-193",NA,"OR971382","Canis lupus familiaris","brain","=""01-oct-2019""","date_collected","Calsib","Aquilar","Pangasinan-Agno","Pangasinan","Pangasinan","Region I (Ilocos Region)","Region I (Ilocos Region)",NA,NA,"vgtk; raddl_correction","Cruz,J.L., Gonzales,R.M.C., Azul,R.R., Pena,R.C.D.",NA,0.999329534,"Canis lupus familiaris","Dog","Domestic","Luzon","OR971382","AL_Asian_SEA4"
"R1-2019-178",NA,"OR971381","Canis lupus familiaris","brain","=""10-sep-2019""","date_collected","Nalsian","Calasiao","Pangasinan-Agno","Pangasinan","Pangasinan","Region I (Ilocos Region)","Region I (Ilocos Region)",NA,NA,"vgtk; raddl_correction","Cruz,J.L., Gonzales,R.M.C., Azul,R.R., Pena,R.C.D.",NA,0.999497151,"Canis lupus familiaris","Dog","Domestic","Luzon","OR971381","AL_Asian_SEA4"
"NCR-2022-3616",NA,"OR971380","Canis lupus familiaris","brain","=""28-Sep-2022""","date_collected",NA,NA,NA,"Metropolitan Manila","Metropolitan Manila","National Capital Region (NCR)","National Capital Region (NCR)",NA,NA,"vgtk; manual_correction","Cruz,J.L., Gonzales,R.M.C., Azul,R.R., Pena,R.C.D.",NA,0.999580959,"Canis lupus familiaris","Dog","Domestic","Luzon","OR971380","AL_Asian_SEA4"
"NCR-2022-3580",NA,"OR971379","Canis lupus familiaris","brain","=""23-Sep-2022""","date_collected",NA,NA,NA,"Metropolitan Manila","Metropolitan Manila","National Capital Region (NCR)","National Capital Region (NCR)",NA,NA,"vgtk","Cruz,J.L., Gonzales,R.M.C., Azul,R.R., Pena,R.C.D.",NA,0.999580959,"Canis lupus familiaris","Dog","Domestic","Luzon","OR971379","AL_Asian_SEA4"
"NCR-2022-3487",NA,"OR971378","Canis lupus familiaris","brain","=""16-Sep-2022""","date_collected",NA,NA,NA,"Metropolitan Manila","Metropolitan Manila","National Capital Region (NCR)","National Capital Region (NCR)",NA,NA,"vgtk; manual_correction","Cruz,J.L., Gonzales,R.M.C., Azul,R.R., Pena,R.C.D.",NA,0.999580959,"Canis lupus familiaris","Dog","Domestic","Luzon","OR971378","AL_Asian_SEA4"
"NCR-2022-3357",NA,"OR971377","Canis lupus familiaris","brain","=""08-Sep-2022""","date_collected",NA,NA,NA,"Metropolitan Manila","Metropolitan Manila","National Capital Region (NCR)","National Capital Region (NCR)",NA,NA,"vgtk; manual_correction","Cruz,J.L., Gonzales,R.M.C., Azul,R.R., Pena,R.C.D.",NA,0.999580959,"Canis lupus familiaris","Dog","Domestic","Luzon","OR971377","AL_Asian_SEA4"
"NCR-2022-3281",NA,"OR971376","Canis lupus familiaris","brain","=""05-Sep-2022""","date_collected",NA,NA,NA,"Metropolitan Manila","Metropolitan Manila","National Capital Region (NCR)","National Capital Region (NCR)",NA,NA,"vgtk; manual_correction","Cruz,J.L., Gonzales,R.M.C., Azul,R.R., Pena,R.C.D.",NA,0.999580959,"Canis lupus familiaris","Dog","Domestic","Luzon","OR971376","AL_Asian_SEA4"
"NCR-2022-3207",NA,"OR971375","Canis lupus familiaris","brain","=""30-Aug-2022""","date_collected",NA,NA,NA,"Metropolitan Manila","Metropolitan Manila","National Capital Region (NCR)","National Capital Region (NCR)",NA,NA,"vgtk; manual_correction","Cruz,J.L., Gonzales,R.M.C., Azul,R.R., Pena,R.C.D.",NA,0.999580959,"Canis lupus familiaris","Dog","Domestic","Luzon","OR971375","AL_Asian_SEA4"
"NCR-2022-3197",NA,"OR971374","Canis lupus familiaris","brain","=""26-Aug-2022""","date_collected",NA,NA,NA,"Metropolitan Manila","Metropolitan Manila","National Capital Region (NCR)","National Capital Region (NCR)",NA,NA,"vgtk; manual_correction","Cruz,J.L., Gonzales,R.M.C., Azul,R.R., Pena,R.C.D.",NA,0.999580959,"Canis lupus familiaris","Dog","Domestic","Luzon","OR971374","AL_Asian_SEA4"
"NCR-2022-3192",NA,"OR971373","Canis lupus familiaris","brain","=""26-Aug-2022""","date_collected",NA,NA,NA,"Metropolitan Manila","Metropolitan Manila","National Capital Region (NCR)","National Capital Region (NCR)",NA,NA,"vgtk; manual_correction","Cruz,J.L., Gonzales,R.M.C., Azul,R.R., Pena,R.C.D.",NA,0.999580959,"Canis lupus familiaris","Dog","Domestic","Luzon","OR971373","AL_Asian_SEA4"
"NCR-2022-3089",NA,"OR971372","Canis lupus familiaris","brain","=""22-Aug-2022""","date_collected",NA,NA,NA,"Metropolitan Manila","Metropolitan Manila","National Capital Region (NCR)","National Capital Region (NCR)",NA,NA,"vgtk; manual_correction","Cruz,J.L., Gonzales,R.M.C., Azul,R.R., Pena,R.C.D.",NA,0.999580959,"Canis lupus familiaris","Dog","Domestic","Luzon","OR971372","AL_Asian_SEA4"
"NCR-2022-3041",NA,"OR971371","Felis catus","brain","=""18-Aug-2022""","date_collected",NA,NA,NA,"Metropolitan Manila","Metropolitan Manila","National Capital Region (NCR)","National Capital Region (NCR)",NA,NA,"vgtk; manual_correction","Cruz,J.L., Gonzales,R.M.C., Azul,R.R., Pena,R.C.D.",NA,0.999664767,"Felis catus","Cat","Domestic","Luzon","OR971371","AL_Asian_SEA4"
"NCR-2022-2995",NA,"OR971370","Canis lupus familiaris","brain","=""15-Aug-2022""","date_collected",NA,NA,NA,"Metropolitan Manila","Metropolitan Manila","National Capital Region (NCR)","National Capital Region (NCR)",NA,NA,"vgtk; manual_correction","Cruz,J.L., Gonzales,R.M.C., Azul,R.R., Pena,R.C.D.",NA,0.999580959,"Canis lupus familiaris","Dog","Domestic","Luzon","OR971370","AL_Asian_SEA4"
"NCR-2022-2994",NA,"OR971369","Canis lupus familiaris","brain","=""15-Aug-2022""","date_collected",NA,NA,NA,"Metropolitan Manila","Metropolitan Manila","National Capital Region (NCR)","National Capital Region (NCR)",NA,NA,"vgtk; manual_correction","Cruz,J.L., Gonzales,R.M.C., Azul,R.R., Pena,R.C.D.",NA,0.999580959,"Canis lupus familiaris","Dog","Domestic","Luzon","OR971369","AL_Asian_SEA4"
"NCR-2022-2923",NA,"OR971368","Felis catus","brain","=""09-Aug-2022""","date_collected",NA,NA,NA,"Metropolitan Manila","Metropolitan Manila","National Capital Region (NCR)","National Capital Region (NCR)",NA,NA,"vgtk; manual_correction","Cruz,J.L., Gonzales,R.M.C., Azul,R.R., Pena,R.C.D.",NA,0.999580959,"Felis catus","Cat","Domestic","Luzon","OR971368","AL_Asian_SEA4"
"NCR-2022-2918",NA,"OR971367","Canis lupus familiaris","brain","=""09-Aug-2022""","date_collected",NA,NA,NA,"Metropolitan Manila","Metropolitan Manila","National Capital Region (NCR)","National Capital Region (NCR)",NA,NA,"vgtk; manual_correction","Cruz,J.L., Gonzales,R.M.C., Azul,R.R., Pena,R.C.D.",NA,0.999580959,"Canis lupus familiaris","Dog","Domestic","Luzon","OR971367","AL_Asian_SEA4"
"NCR-2022-2837",NA,"OR971366","Canis lupus familiaris","brain","=""05-Aug-2022""","date_collected",NA,NA,NA,"Metropolitan Manila","Metropolitan Manila","National Capital Region (NCR)","National Capital Region (NCR)",NA,NA,"vgtk; manual_correction","Cruz,J.L., Gonzales,R.M.C., Azul,R.R., Pena,R.C.D.",NA,0.999580959,"Canis lupus familiaris","Dog","Domestic","Luzon","OR971366","AL_Asian_SEA4"
"NCR-2022-2610",NA,"OR971365","Canis lupus familiaris","brain","=""21-Jul-2022""","date_collected",NA,NA,NA,"Metropolitan Manila","Metropolitan Manila","National Capital Region (NCR)","National Capital Region (NCR)",NA,NA,"vgtk; manual_correction","Cruz,J.L., Gonzales,R.M.C., Azul,R.R., Pena,R.C.D.",NA,0.999580959,"Canis lupus familiaris","Dog","Domestic","Luzon","OR971365","AL_Asian_SEA4"
"NCR-2022-2209",NA,"OR971364","Canis lupus familiaris","brain","=""28-Jun-2022""","date_collected",NA,NA,NA,"Metropolitan Manila","Metropolitan Manila","National Capital Region (NCR)","National Capital Region (NCR)",NA,NA,"vgtk; manual_correction","Cruz,J.L., Gonzales,R.M.C., Azul,R.R., Pena,R.C.D.",NA,0.999580959,"Canis lupus familiaris","Dog","Domestic","Luzon","OR971364","AL_Asian_SEA4"
"NCR-2022-2199",NA,"OR971363","Canis lupus familiaris","brain","=""27-Jun-2022""","date_collected",NA,NA,NA,"Metropolitan Manila","Metropolitan Manila","National Capital Region (NCR)","National Capital Region (NCR)",NA,NA,"vgtk; manual_correction","Cruz,J.L., Gonzales,R.M.C., Azul,R.R., Pena,R.C.D.",NA,0.999580959,"Canis lupus familiaris","Dog","Domestic","Luzon","OR971363","AL_Asian_SEA4"
"NCR-2022-1961",NA,"OR971362","Canis lupus familiaris","brain","=""13-Jun-2022""","date_collected",NA,NA,NA,"Metropolitan Manila","Metropolitan Manila","National Capital Region (NCR)","National Capital Region (NCR)",NA,NA,"vgtk; manual_correction","Cruz,J.L., Gonzales,R.M.C., Azul,R.R., Pena,R.C.D.",NA,0.999580959,"Canis lupus familiaris","Dog","Domestic","Luzon","OR971362","AL_Asian_SEA4"
"NCR-2022-1945",NA,"OR971361","Canis lupus familiaris","brain","=""10-Jun-2022""","date_collected",NA,NA,NA,"Metropolitan Manila","Metropolitan Manila","National Capital Region (NCR)","National Capital Region (NCR)",NA,NA,"vgtk; manual_correction","Cruz,J.L., Gonzales,R.M.C., Azul,R.R., Pena,R.C.D.",NA,0.999580959,"Canis lupus familiaris","Dog","Domestic","Luzon","OR971361","AL_Asian_SEA4"
"NCR-2021-4011",NA,"OR971360","Canis lupus familiaris","brain","=""11-May-2021""","date_collected",NA,NA,NA,"Metropolitan Manila","Metropolitan Manila","National Capital Region (NCR)","National Capital Region (NCR)",NA,NA,"vgtk; manual_correction","Cruz,J.L., Gonzales,R.M.C., Azul,R.R., Pena,R.C.D.",NA,0.999664767,"Canis lupus familiaris","Dog","Domestic","Luzon","OR971360","AL_Asian_SEA4"
"NCR-2021-3901",NA,"OR971359","Canis lupus familiaris","brain","=""11-Feb-2021""","date_collected",NA,NA,NA,"Metropolitan Manila","Metropolitan Manila","National Capital Region (NCR)","National Capital Region (NCR)",NA,NA,"vgtk; manual_correction","Cruz,J.L., Gonzales,R.M.C., Azul,R.R., Pena,R.C.D.",NA,0.999580959,"Canis lupus familiaris","Dog","Domestic","Luzon","OR971359","AL_Asian_SEA4"
"NCR-2021-3654",NA,"OR971358","Canis lupus familiaris","brain","=""13-Oct-2021""","date_collected",NA,NA,NA,"Metropolitan Manila","Metropolitan Manila","National Capital Region (NCR)","National Capital Region (NCR)",NA,NA,"vgtk; manual_correction","Cruz,J.L., Gonzales,R.M.C., Azul,R.R., Pena,R.C.D.",NA,0.999580959,"Canis lupus familiaris","Dog","Domestic","Luzon","OR971358","AL_Asian_SEA4"
"NCR-2021-3600",NA,"OR971357","Canis lupus familiaris","brain","=""10-Jul-2021""","date_collected",NA,NA,NA,"Metropolitan Manila","Metropolitan Manila","National Capital Region (NCR)","National Capital Region (NCR)",NA,NA,"vgtk; manual_correction","Cruz,J.L., Gonzales,R.M.C., Azul,R.R., Pena,R.C.D.",NA,0.999580959,"Canis lupus familiaris","Dog","Domestic","Luzon","OR971357","AL_Asian_SEA4"
"NCR-2020-3323",NA,"OR971356","Canis lupus familiaris","brain","=""10-Jan-2020""","date_collected",NA,NA,NA,"Metropolitan Manila","Metropolitan Manila","National Capital Region (NCR)","National Capital Region (NCR)",NA,NA,"vgtk; manual_correction","Cruz,J.L., Gonzales,R.M.C., Azul,R.R., Pena,R.C.D.",NA,0.999580959,"Canis lupus familiaris","Dog","Domestic","Luzon","OR971356","AL_Asian_SEA4"
"NCR-2020-3257",NA,"OR971355","Canis lupus familiaris","brain","=""21-Sep-2020""","date_collected",NA,NA,NA,"Metropolitan Manila","Metropolitan Manila","National Capital Region (NCR)","National Capital Region (NCR)",NA,NA,"vgtk; manual_correction","Cruz,J.L., Gonzales,R.M.C., Azul,R.R., Pena,R.C.D.",NA,0.999580959,"Canis lupus familiaris","Dog","Domestic","Luzon","OR971355","AL_Asian_SEA4"
"NCR-2020-3068",NA,"OR971354","Canis lupus familiaris","brain","=""24-Aug-2020""","date_collected",NA,NA,NA,"Metropolitan Manila","Metropolitan Manila","National Capital Region (NCR)","National Capital Region (NCR)",NA,NA,"vgtk; manual_correction","Cruz,J.L., Gonzales,R.M.C., Azul,R.R., Pena,R.C.D.",NA,0.999497151,"Canis lupus familiaris","Dog","Domestic","Luzon","OR971354","AL_Asian_SEA4"
"NCR-2020-2865",NA,"OR971353","Canis lupus familiaris","brain","=""23-Jul-2020""","date_collected",NA,NA,NA,"Metropolitan Manila","Metropolitan Manila","National Capital Region (NCR)","National Capital Region (NCR)",NA,NA,"vgtk; manual_correction","Cruz,J.L., Gonzales,R.M.C., Azul,R.R., Pena,R.C.D.",NA,0.999497151,"Canis lupus familiaris","Dog","Domestic","Luzon","OR971353","AL_Asian_SEA4"
"NCR-2020-2625",NA,"OR971352","Canis lupus familiaris","brain","=""15-Jun-2020""","date_collected",NA,NA,NA,"Metropolitan Manila","Metropolitan Manila","National Capital Region (NCR)","National Capital Region (NCR)",NA,NA,"vgtk; manual_correction","Cruz,J.L., Gonzales,R.M.C., Azul,R.R., Pena,R.C.D.",NA,0.999329534,"Canis lupus familiaris","Dog","Domestic","Luzon","OR971352","AL_Asian_SEA4"
"NCR-2020-2509",NA,"OR971351","Canis lupus familiaris","brain","=""31-Mar-2020""","date_collected",NA,NA,NA,"Metropolitan Manila","Metropolitan Manila","National Capital Region (NCR)","National Capital Region (NCR)",NA,NA,"vgtk; manual_correction","Cruz,J.L., Gonzales,R.M.C., Azul,R.R., Pena,R.C.D.",NA,0.999329534,"Canis lupus familiaris","Dog","Domestic","Luzon","OR971351","AL_Asian_SEA4"
"NCR-2020-1676",NA,"OR971350","Canis lupus familiaris","brain","=""05-Feb-2020""","date_collected",NA,NA,NA,"Metropolitan Manila","Metropolitan Manila","National Capital Region (NCR)","National Capital Region (NCR)",NA,NA,"vgtk; manual_correction","Cruz,J.L., Gonzales,R.M.C., Azul,R.R., Pena,R.C.D.",NA,0.999329534,"Canis lupus familiaris","Dog","Domestic","Luzon","OR971350","AL_Asian_SEA4"
"NCR-2019-6661",NA,"OR971349","Canis lupus familiaris","brain","=""30-Sep-2019""","date_collected",NA,NA,NA,"Metropolitan Manila","Metropolitan Manila","National Capital Region (NCR)","National Capital Region (NCR)",NA,NA,"vgtk; manual_correction","Cruz,J.L., Gonzales,R.M.C., Azul,R.R., Pena,R.C.D.",NA,0.999161918,"Canis lupus familiaris","Dog","Domestic","Luzon","OR971349","AL_Asian_SEA4"
"NCR-2019-6544",NA,"OR971348","Canis lupus familiaris","brain","=""24-Sep-2019""","date_collected",NA,NA,NA,"Metropolitan Manila","Metropolitan Manila","National Capital Region (NCR)","National Capital Region (NCR)",NA,NA,"vgtk; manual_correction","Cruz,J.L., Gonzales,R.M.C., Azul,R.R., Pena,R.C.D.",NA,0.999161918,"Canis lupus familiaris","Dog","Domestic","Luzon","OR971348","AL_Asian_SEA4"
"NCR-2019-6154",NA,"OR971347","Canis lupus familiaris","brain","=""05-Sep-2019""","date_collected",NA,NA,NA,"Metropolitan Manila","Metropolitan Manila","National Capital Region (NCR)","National Capital Region (NCR)",NA,NA,"vgtk; manual_correction","Cruz,J.L., Gonzales,R.M.C., Azul,R.R., Pena,R.C.D.",NA,0.999329534,"Canis lupus familiaris","Dog","Domestic","Luzon","OR971347","AL_Asian_SEA4"
"CAR-2022-020",NA,"OR971346","Canis lupus familiaris","brain","=""16-Mar-2022""","date_collected",NA,NA,NA,"Abra","Abra","Cordillera Administrative Region (CAR)","Cordillera Administrative Region (CAR)",NA,NA,"vgtk","Cruz,J.L., Gonzales,R.M.C., Azul,R.R., Pena,R.C.D.",NA,0.999497151,"Canis lupus familiaris","Dog","Domestic","Luzon","OR971346","AL_Asian_SEA4"
"CAR-2022-018",NA,"OR971345","Canis lupus familiaris","brain","=""03-Oct-2022""","date_collected",NA,NA,NA,"Mountain Province","Mountain Province","Cordillera Administrative Region (CAR)","Cordillera Administrative Region (CAR)",NA,NA,"vgtk; manual_correction","Cruz,J.L., Gonzales,R.M.C., Azul,R.R., Pena,R.C.D.",NA,0.999329534,"Canis lupus familiaris","Dog","Domestic","Luzon","OR971345","AL_Asian_SEA4"
"R13-2021-2155",NA,"OR971675","Canis lupus familiaris","brain","=""20-Oct-2021""","date_collected",NA,NA,NA,"Agusan del Sur","Agusan del Sur","Region XIII (Caraga)","Region XIII (Caraga)",NA,NA,"vgtk; manual_correction","Cruz,J.L., Gonzales,R.M.C., Azul,R.R., Pena,R.C.D.",NA,0.999413342,"Canis lupus familiaris","Dog","Domestic","Mindanao","OR971675","AL_Asian_SEA4"
"R13-2021-2146",NA,"OR971674","Canis lupus familiaris","brain","=""18-Oct-2021""","date_collected",NA,NA,NA,"Agusan del Sur","Agusan del Sur","Region XIII (Caraga)","Region XIII (Caraga)",NA,NA,"vgtk; manual_correction","Cruz,J.L., Gonzales,R.M.C., Azul,R.R., Pena,R.C.D.",NA,0.999413342,"Canis lupus familiaris","Dog","Domestic","Mindanao","OR971674","AL_Asian_SEA4"
"R13-2021-2136",NA,"OR971673","Canis lupus familiaris","brain","=""10-Jun-2021""","date_collected",NA,"Butuan","Agusan del Norte-Tubay","Agusan del Norte","Agusan del Norte","Region XIII (Caraga)","Region XIII (Caraga)",NA,NA,"vgtk; manual_correction","Cruz,J.L., Gonzales,R.M.C., Azul,R.R., Pena,R.C.D.",NA,0.999413342,"Canis lupus familiaris","Dog","Domestic","Mindanao","OR971673","AL_Asian_SEA4"
"R13-2021-2131",NA,"OR971672","Canis lupus familiaris","brain","=""15-Sep-2021""","date_collected",NA,NA,NA,"Agusan del Sur","Agusan del Sur","Region XIII (Caraga)","Region XIII (Caraga)",NA,NA,"vgtk; manual_correction","Cruz,J.L., Gonzales,R.M.C., Azul,R.R., Pena,R.C.D.",NA,0.999580959,"Canis lupus familiaris","Dog","Domestic","Mindanao","OR971672","AL_Asian_SEA4"
"R13-2021-2121",NA,"OR971671","Canis lupus familiaris","brain","=""25-Aug-2021""","date_collected",NA,"Butuan","Agusan del Norte-Tubay","Agusan del Norte","Agusan del Norte","Region XIII (Caraga)","Region XIII (Caraga)",NA,NA,"vgtk; manual_correction","Cruz,J.L., Gonzales,R.M.C., Azul,R.R., Pena,R.C.D.",NA,0.999413342,"Canis lupus familiaris","Dog","Domestic","Mindanao","OR971671","AL_Asian_SEA4"
"R13-2021-1748",NA,"OR971670","Canis lupus familiaris","brain","=""07-May-2021""","date_collected",NA,"Butuan","Agusan del Norte-Tubay","Agusan del Norte","Agusan del Norte","Region XIII (Caraga)","Region XIII (Caraga)",NA,NA,"vgtk; manual_correction","Cruz,J.L., Gonzales,R.M.C., Azul,R.R., Pena,R.C.D.",NA,0.999497151,"Canis lupus familiaris","Dog","Domestic","Mindanao","OR971670","AL_Asian_SEA4"
"R13-2021-1745",NA,"OR971669","Canis lupus familiaris","brain","=""30-Jun-2021""","date_collected",NA,"Butuan","Agusan del Norte-Tubay","Agusan del Norte","Agusan del Norte","Region XIII (Caraga)","Region XIII (Caraga)",NA,NA,"vgtk; manual_correction","Cruz,J.L., Gonzales,R.M.C., Azul,R.R., Pena,R.C.D.",NA,0.999497151,"Canis lupus familiaris","Dog","Domestic","Mindanao","OR971669","AL_Asian_SEA4"
"R13-2021-1498",NA,"OR971668","Canis lupus familiaris","brain","=""30-May-2021""","date_collected",NA,"Butuan","Agusan del Norte-Tubay","Agusan del Norte","Agusan del Norte","Region XIII (Caraga)","Region XIII (Caraga)",NA,NA,"vgtk; manual_correction","Cruz,J.L., Gonzales,R.M.C., Azul,R.R., Pena,R.C.D.",NA,0.999497151,"Canis lupus familiaris","Dog","Domestic","Mindanao","OR971668","AL_Asian_SEA4"
"R13-2021-617",NA,"OR971667","Canis lupus familiaris","brain","=""03-Oct-2021""","date_collected",NA,"Butuan","Agusan del Norte-Tubay","Agusan del Norte","Agusan del Norte","Region XIII (Caraga)","Region XIII (Caraga)",NA,NA,"vgtk; manual_correction","Cruz,J.L., Gonzales,R.M.C., Azul,R.R., Pena,R.C.D.",NA,0.999329534,"Canis lupus familiaris","Dog","Domestic","Mindanao","OR971667","AL_Asian_SEA4"
"R12-2021-1087",NA,"OR971666","Canis lupus familiaris","brain","=""09-aug-2021""","date_collected","San jose(barrio 7)","Banga","South Cotabato-Banga","South Cotabato","South Cotabato","Region XII (Soccsksargen)","Region XII (Soccsksargen)",NA,NA,"vgtk; raddl_correction","Cruz,J.L., Gonzales,R.M.C., Azul,R.R., Pena,R.C.D.",NA,0.999497151,"Canis lupus familiaris","Dog","Domestic","Mindanao","OR971666","AL_Asian_SEA4"
"R12-2021-1086",NA,"OR971665","Canis lupus familiaris","brain","=""09-aug-2021""","date_collected","Santo nino(bo.2)","City of koronadal","South Cotabato-Norala","South Cotabato","South Cotabato","Region XII (Soccsksargen)","Region XII (Soccsksargen)",NA,NA,"vgtk; raddl_correction","Cruz,J.L., Gonzales,R.M.C., Azul,R.R., Pena,R.C.D.",NA,0.999497151,"Canis lupus familiaris","Dog","Domestic","Mindanao","OR971665","AL_Asian_SEA4"
"R12-2021-954",NA,"OR971664","Canis lupus familiaris","brain","=""01-jul-2021""","date_collected","Centrala","Surallah","South Cotabato-Surallah","South Cotabato","South Cotabato","Region XII (Soccsksargen)","Region XII (Soccsksargen)",NA,NA,"vgtk; raddl_correction","Cruz,J.L., Gonzales,R.M.C., Azul,R.R., Pena,R.C.D.",NA,0.999580959,"Canis lupus familiaris","Dog","Domestic","Mindanao","OR971664","AL_Asian_SEA4"
"R12-2021-905",NA,"OR971663","Canis lupus familiaris","brain","=""24-jun-2021""","date_collected","Labu-o","President roxas","North Cotabato-President Roxas","Cotabato (North Cotabato)","North Cotabato","Region XII (Soccsksargen)","Region XII (Soccsksargen)",NA,NA,"vgtk; raddl_correction; manual_correction","Cruz,J.L., Gonzales,R.M.C., Azul,R.R., Pena,R.C.D.",NA,0.999497151,"Canis lupus familiaris","Dog","Domestic","Mindanao","OR971663","AL_Asian_SEA4"
"R12-2021-384",NA,"OR971662","Canis lupus familiaris","brain","=""09-mar-2021""","date_collected","Fatima","General santos city(dadiangas)","South Cotabato-Banga","South Cotabato","South Cotabato","Region XII (Soccsksargen)","Region XII (Soccsksargen)",NA,NA,"vgtk; raddl_correction","Cruz,J.L., Gonzales,R.M.C., Azul,R.R., Pena,R.C.D.",NA,0.999664767,"Canis lupus familiaris","Dog","Domestic","Mindanao","OR971662","AL_Asian_SEA4"
"R12-2021-339",NA,"OR971661","Canis lupus familiaris","brain","=""03-mar-2021""","date_collected","Barangay poblacion 8","Midsayap","North Cotabato-Midsayap","Cotabato (North Cotabato)","North Cotabato","Region XII (Soccsksargen)","Region XII (Soccsksargen)",NA,NA,"vgtk; raddl_correction; manual_correction","Cruz,J.L., Gonzales,R.M.C., Azul,R.R., Pena,R.C.D.",NA,0.999580959,"Canis lupus familiaris","Dog","Domestic","Mindanao","OR971661","AL_Asian_SEA4"
"R12-2021-280",NA,"OR971660","Canis lupus familiaris","brain","=""23-feb-2021""","date_collected","New passi","City of tacurong","Sultan Kudarat-Isulan","Sultan Kudarat","Sultan Kudarat","Region XII (Soccsksargen)","Region XII (Soccsksargen)",NA,NA,"vgtk; raddl_correction","Cruz,J.L., Gonzales,R.M.C., Azul,R.R., Pena,R.C.D.",NA,0.999580959,"Canis lupus familiaris","Dog","Domestic","Mindanao","OR971660","AL_Asian_SEA4"
"R12-2021-244",NA,"OR971659","Canis lupus familiaris","brain","=""18-feb-2021""","date_collected","Poblacion","Kabacan","North Cotabato-Carmen","Cotabato (North Cotabato)","North Cotabato","Region XII (Soccsksargen)","Region XII (Soccsksargen)",NA,NA,"vgtk; raddl_correction; manual_correction","Cruz,J.L., Gonzales,R.M.C., Azul,R.R., Pena,R.C.D.",NA,0.999580959,"Canis lupus familiaris","Dog","Domestic","Mindanao","OR971659","AL_Asian_SEA4"
"R12-2021-237",NA,"OR971658","Canis lupus familiaris","brain","=""16-feb-2021""","date_collected","Kalawag iii(poblacion)","Isulan","South Cotabato-Banga","South Cotabato","South Cotabato","Region XII (Soccsksargen)","Region XII (Soccsksargen)",NA,NA,"vgtk; raddl_correction","Cruz,J.L., Gonzales,R.M.C., Azul,R.R., Pena,R.C.D.",NA,0.999580959,"Canis lupus familiaris","Dog","Domestic","Mindanao","OR971658","AL_Asian_SEA4"
"R12-2021-232",NA,"OR971657","Canis lupus familiaris","brain","=""16-feb-2021""","date_collected","Zone ii(poblacion)","City of koronadal","South Cotabato-Norala","South Cotabato","South Cotabato","Region XII (Soccsksargen)","Region XII (Soccsksargen)",NA,NA,"vgtk; raddl_correction","Cruz,J.L., Gonzales,R.M.C., Azul,R.R., Pena,R.C.D.",NA,0.999580959,"Canis lupus familiaris","Dog","Domestic","Mindanao","OR971657","AL_Asian_SEA4"
"R12-2021-176",NA,"OR971656","Canis lupus familiaris","brain","=""02-feb-2021""","date_collected","Sibisib","Tulunan","North Cotabato-Tulunan","Cotabato (North Cotabato)","North Cotabato","Region XII (Soccsksargen)","Region XII (Soccsksargen)",NA,NA,"vgtk; raddl_correction; manual_correction","Cruz,J.L., Gonzales,R.M.C., Azul,R.R., Pena,R.C.D.",NA,0.999413342,"Canis lupus familiaris","Dog","Domestic","Mindanao","OR971656","AL_Asian_SEA4"
"R12-2021-175",NA,"OR971655","Canis lupus familiaris","brain","=""02-feb-2021""","date_collected","San mateo","Aleosan","North Cotabato-Aleosan","Cotabato (North Cotabato)","North Cotabato","Region XII (Soccsksargen)","Region XII (Soccsksargen)",NA,NA,"vgtk; raddl_correction; manual_correction","Cruz,J.L., Gonzales,R.M.C., Azul,R.R., Pena,R.C.D.",NA,0.999497151,"Canis lupus familiaris","Dog","Domestic","Mindanao","OR971655","AL_Asian_SEA4"
"R12-2021-100",NA,"OR971654","Canis lupus familiaris","brain","=""19-jan-2021""","date_collected","Laguilayan","Isulan","Sultan Kudarat-Isulan","Sultan Kudarat","Sultan Kudarat","Region XII (Soccsksargen)","Region XII (Soccsksargen)",NA,NA,"vgtk; raddl_correction","Cruz,J.L., Gonzales,R.M.C., Azul,R.R., Pena,R.C.D.",NA,0.999664767,"Canis lupus familiaris","Dog","Domestic","Mindanao","OR971654","AL_Asian_SEA4"
"R12-2021-063",NA,"OR971653","Canis lupus familiaris","brain","=""14-jan-2021""","date_collected","San isidro","Santo nino","South Cotabato-Banga","Cotabato (South Cotabato)","South Cotabato","Region XII (Soccsksargen)","Region XII (Soccsksargen)",NA,NA,"vgtk; raddl_correction; manual_correction","Cruz,J.L., Gonzales,R.M.C., Azul,R.R., Pena,R.C.D.",NA,0.999413342,"Canis lupus familiaris","Dog","Domestic","Mindanao","OR971653","AL_Asian_SEA4"
"R12-2021-047",NA,"OR971652","Canis lupus familiaris","brain","=""11-jan-2021""","date_collected","Dansuli","Isulan","Sultan Kudarat-Isulan","Sultan Kudarat","Sultan Kudarat","Region XII (Soccsksargen)","Region XII (Soccsksargen)",NA,NA,"vgtk; raddl_correction","Cruz,J.L., Gonzales,R.M.C., Azul,R.R., Pena,R.C.D.",NA,0.999580959,"Canis lupus familiaris","Dog","Domestic","Mindanao","OR971652","AL_Asian_SEA4"
"R12-2021-033",NA,"OR971651","Canis lupus familiaris","brain","=""11-jan-2021""","date_collected","Apopong","General santos city(dadiangas)","South Cotabato-Banga","South Cotabato","South Cotabato","Region XII (Soccsksargen)","Region XII (Soccsksargen)",NA,NA,"vgtk; raddl_correction","Cruz,J.L., Gonzales,R.M.C., Azul,R.R., Pena,R.C.D.",NA,0.999664767,"Canis lupus familiaris","Dog","Domestic","Mindanao","OR971651","AL_Asian_SEA4"
"R12-2021-020",NA,"OR971650","Canis lupus familiaris","brain","=""05-jan-2021""","date_collected","Kalawag iii(poblacion)","Isulan","Sultan Kudarat-Isulan","Sultan Kudarat","Sultan Kudarat","Region XII (Soccsksargen)","Region XII (Soccsksargen)",NA,NA,"vgtk; raddl_correction","Cruz,J.L., Gonzales,R.M.C., Azul,R.R., Pena,R.C.D.",NA,0.999413342,"Canis lupus familiaris","Dog","Domestic","Mindanao","OR971650","AL_Asian_SEA4"
"R12-2019-0861",NA,"OR971649","Canis lupus familiaris","brain","=""07-nov-2019""","date_collected","Poblacion","President roxas","North Cotabato-President Roxas","Cotabato (North Cotabato)","North Cotabato","Region XII (Soccsksargen)","Region XII (Soccsksargen)",NA,NA,"vgtk; raddl_correction; manual_correction","Cruz,J.L., Gonzales,R.M.C., Azul,R.R., Pena,R.C.D.",NA,0.999664767,"Canis lupus familiaris","Dog","Domestic","Mindanao","OR971649","AL_Asian_SEA4"
"R12-2019-0699",NA,"OR971648","Canis lupus familiaris","brain","=""05-sep-2019""","date_collected","Dajay","Surallah","South Cotabato-Surallah","South Cotabato","South Cotabato","Region XII (Soccsksargen)","Region XII (Soccsksargen)",NA,NA,"vgtk; raddl_correction","Cruz,J.L., Gonzales,R.M.C., Azul,R.R., Pena,R.C.D.",NA,0.999413342,"Canis lupus familiaris","Dog","Domestic","Mindanao","OR971648","AL_Asian_SEA4"
"R12-2019-0684",NA,"OR971647","Felis catus","brain","=""27-aug-2019""","date_collected","Fatima","General santos city(dadiangas)","South Cotabato-Banga","South Cotabato","South Cotabato","Region XII (Soccsksargen)","Region XII (Soccsksargen)",NA,NA,"vgtk; raddl_correction","Cruz,J.L., Gonzales,R.M.C., Azul,R.R., Pena,R.C.D.",NA,0.999580959,"Felis catus","Cat","Domestic","Mindanao","OR971647","AL_Asian_SEA4"
"R12-2019-0637",NA,"OR971646","Canis lupus familiaris","brain","=""02-aug-2019""","date_collected","-","Isulan","Sultan Kudarat-Isulan","Sultan Kudarat","Sultan Kudarat","Region XII (Soccsksargen)","Region XII (Soccsksargen)",NA,NA,"vgtk; raddl_correction","Cruz,J.L., Gonzales,R.M.C., Azul,R.R., Pena,R.C.D.",NA,0.999413342,"Canis lupus familiaris","Dog","Domestic","Mindanao","OR971646","AL_Asian_SEA4"
"R12-2019-0611",NA,"OR971645","Canis lupus familiaris","brain","=""23-jul-2019""","date_collected","Kawas","Alabel","Sarangani-Alabel","Sarangani","Sarangani","Region XII (Soccsksargen)","Region XII (Soccsksargen)",NA,NA,"vgtk; raddl_correction","Cruz,J.L., Gonzales,R.M.C., Azul,R.R., Pena,R.C.D.",NA,0.999580959,"Canis lupus familiaris","Dog","Domestic","Mindanao","OR971645","AL_Asian_SEA4"
"14",NA,NA,"Canis familiaris",NA,"=""28-Jan-2019""","date_collected","Bocolod","Libon","Albay-Libon","Albay","Albay","Bicol Region","Region V (Bicol Region)",NA,NA,"phd",NA,NA,NA,"Canis lupus familiaris","Dog","Domestic","Luzon","14","AL_Asian_SEA4"
"153",NA,NA,"Canis familiaris",NA,"=""17-May-2018""","date_collected","Paulog","Ligao City","Albay-Ligao City","Albay","Albay","Bicol Region","Region V (Bicol Region)",13.18230598,123.4944229,"phd",NA,NA,NA,"Canis lupus familiaris","Dog","Domestic","Luzon","153","AL_Asian_SEA4"
"19-30",NA,NA,"Canis familiaris",NA,"=""02-Nov-2019""","date_collected","Cabagnan","Camalig","Albay-Camalig","Albay","Albay","Bicol Region","Region V (Bicol Region)",NA,NA,"phd",NA,NA,NA,"Canis lupus familiaris","Dog","Domestic","Luzon","19-30","AL_Asian_SEA4"
"19-40",NA,NA,"Canis familiaris",NA,"=""27-Feb-2019""","date_collected","","Santo Domingo","Albay-Santo Domingo","Albay","Albay","Bicol Region","Region V (Bicol Region)",NA,NA,"phd",NA,NA,NA,"Canis lupus familiaris","Dog","Domestic","Luzon","19-40","AL_Asian_SEA4"
"4A-22-104",NA,NA,"Canis familiaris",NA,"=""25-Jan-2022""","date_collected","Sabang","Lipa City","Batangas-Lipa City","Batangas","Batangas","Calabarzon","Region IV-A (Calabarzon)",13.94086577,121.1746864,"phd",NA,NA,NA,"Canis lupus familiaris","Dog","Domestic","Luzon","4A-22-104","AL_Asian_SEA4"
"4A-22-171",NA,NA,"Canis familiaris",NA,"=""06-Feb-2022""","date_collected","Buenavista","General Trias","Cavite-General Trias","Cavite","Cavite","Calabarzon","Region IV-A (Calabarzon)",14.32966619,120.8999068,"phd",NA,NA,NA,"Canis lupus familiaris","Dog","Domestic","Luzon","4A-22-171","AL_Asian_SEA4"
"4A-22-203",NA,NA,"Canis familiaris",NA,"=""11-Feb-2022""","date_collected","Guiang-Guiang","Lucena","Quezon-Real","Quezon","Quezon","Calabarzon","Region IV-A (Calabarzon)",13.93834754,121.6153593,"phd",NA,NA,NA,"Canis lupus familiaris","Dog","Domestic","Luzon","4A-22-203","AL_Asian_SEA4"
"4A-22-40",NA,NA,"Canis familiaris",NA,"=""10-Jan-2022""","date_collected","-","Batangas  City","Batangas-Lian","Batangas","Batangas","Calabarzon","Region IV-A (Calabarzon)",13.7207195,121.103796,"phd",NA,NA,NA,"Canis lupus familiaris","Dog","Domestic","Luzon","4A-22-40","AL_Asian_SEA4"
"4A-22-98",NA,NA,"Canis familiaris",NA,"=""22-Jan-2022""","date_collected","Baguio","Tayabas City","Quezon-Tayabas City","Quezon","Quezon","Calabarzon","Region IV-A (Calabarzon)",14.04055469,121.6122459,"phd",NA,NA,NA,"Canis lupus familiaris","Dog","Domestic","Luzon","4A-22-98","AL_Asian_SEA4"
"4B-21-126",NA,NA,"Canis familiaris",NA,"=""26-Jan-2021""","date_collected","Sapul","Calapan City","Oriental Mindoro-Calapan City","Oriental Mindoro","Oriental Mindoro","Southwestern Tagalog Region","Mimaropa Region",13.33178512,121.1780294,"phd",NA,NA,NA,"Canis lupus familiaris","Dog","Domestic","Luzon","4B-21-126","AL_Asian_SEA4"
"4B-21-29",NA,NA,"Canis familiaris",NA,"=""09-Feb-2021""","date_collected","San Narciso","Victoria","Oriental Mindoro-Baco","Oriental Mindoro","Oriental Mindoro","Southwestern Tagalog Region","Mimaropa Region",13.14368391,121.2438544,"phd",NA,NA,NA,"Canis lupus familiaris","Dog","Domestic","Luzon","4B-21-29","AL_Asian_SEA4"
"4B-21-310",NA,NA,"Canis familiaris",NA,"=""10-Mar-2021""","date_collected","Tabinay","Puerto Galera","Oriental Mindoro-Baco","Oriental Mindoro","Oriental Mindoro","Southwestern Tagalog Region","Mimaropa Region",13.39217641,120.8953101,"phd",NA,NA,NA,"Canis lupus familiaris","Dog","Domestic","Luzon","4B-21-310","AL_Asian_SEA4"
"4B-21-35",NA,NA,"Canis familiaris",NA,"=""05-Mar-2021""","date_collected","Tabinay","Puerto Galera","Oriental Mindoro-Baco","Oriental Mindoro","Oriental Mindoro","Southwestern Tagalog Region","Mimaropa Region",13.39217641,120.8953101,"phd",NA,NA,NA,"Canis lupus familiaris","Dog","Domestic","Luzon","4B-21-35","AL_Asian_SEA4"
"4B-21-412",NA,NA,"Canis familiaris",NA,"=""12-Apr-2021""","date_collected","Sto Nino","Puerto Galera","Oriental Mindoro-Baco","Oriental Mindoro","Oriental Mindoro","Southwestern Tagalog Region","Mimaropa Region",13.39217641,120.8953101,"phd",NA,NA,NA,"Canis lupus familiaris","Dog","Domestic","Luzon","4B-21-412","AL_Asian_SEA4"
"4B-21-421",NA,NA,"Canis familiaris",NA,"=""14-Apr-2021""","date_collected","Malapad","Baco","Oriental Mindoro-Baco","Oriental Mindoro","Oriental Mindoro","Southwestern Tagalog Region","Mimaropa Region",13.29039427,121.066837,"phd",NA,NA,NA,"Canis lupus familiaris","Dog","Domestic","Luzon","4B-21-421","AL_Asian_SEA4"
"4B-21-423",NA,NA,"Canis familiaris",NA,"=""23-Apr-2021""","date_collected","Camilmil","Calapan City","Oriental Mindoro-Calapan City","Oriental Mindoro","Oriental Mindoro","Southwestern Tagalog Region","Mimaropa Region",13.33178512,121.1780294,"phd",NA,NA,NA,"Canis lupus familiaris","Dog","Domestic","Luzon","4B-21-423","AL_Asian_SEA4"
"4B-21-528",NA,NA,"Canis familiaris",NA,"=""28-May-2021""","date_collected","Aninuan","Puerto Galera","Oriental Mindoro-Baco","Oriental Mindoro","Oriental Mindoro","Southwestern Tagalog Region","Mimaropa Region",13.39217641,120.8953101,"phd",NA,NA,NA,"Canis lupus familiaris","Dog","Domestic","Luzon","4B-21-528","AL_Asian_SEA4"
"4B-21622",NA,NA,"Canis familiaris",NA,"=""16-Feb-2022""","date_collected","Mangangan","Baco","Oriental Mindoro-Baco","Oriental Mindoro","Oriental Mindoro","Southwestern Tagalog Region","Mimaropa Region",13.29039427,121.066837,"phd",NA,NA,NA,"Canis lupus familiaris","Dog","Domestic","Luzon","4B-21622","AL_Asian_SEA4"
"4B-22-114",NA,NA,"Canis familiaris",NA,"=""14-Jan-2022""","date_collected","Mayabig","Baco","Oriental Mindoro-Baco","Oriental Mindoro","Oriental Mindoro","Southwestern Tagalog Region","Mimaropa Region",13.29039427,121.066837,"phd",NA,NA,NA,"Canis lupus familiaris","Dog","Domestic","Luzon","4B-22-114","AL_Asian_SEA4"
"4B-22-13",NA,NA,"Canis familiaris",NA,"=""22-Apr-2022""","date_collected","Teresita","Mansalay","Oriental Mindoro-Baco","Oriental Mindoro","Oriental Mindoro","Southwestern Tagalog Region","Mimaropa Region",12.54836969,121.3482134,"phd",NA,NA,NA,"Canis lupus familiaris","Dog","Domestic","Luzon","4B-22-13","AL_Asian_SEA4"
"4B-22-15",NA,NA,"Canis familiaris",NA,"=""05-Jan-2022""","date_collected","San Isidro","Puerto Galera","Oriental Mindoro-Baco","Oriental Mindoro","Oriental Mindoro","Southwestern Tagalog Region","Mimaropa Region",13.39217641,120.8953101,"phd",NA,NA,NA,"Canis lupus familiaris","Dog","Domestic","Luzon","4B-22-15","AL_Asian_SEA4"
"4B-22-16",NA,NA,"Canis familiaris",NA,"=""28-Apr-2022""","date_collected","Orcenuma","Bongabong","Oriental Mindoro-Bongabong","Oriental Mindoro","Oriental Mindoro","Southwestern Tagalog Region","Mimaropa Region",12.71623574,121.3862303,"phd",NA,NA,NA,"Canis lupus familiaris","Dog","Domestic","Luzon","4B-22-16","AL_Asian_SEA4"
"4B-22-17",NA,NA,"Canis familiaris",NA,"=""08-May-2022""","date_collected","Narra","Gloria","Oriental Mindoro-Baco","Oriental Mindoro","Oriental Mindoro","Southwestern Tagalog Region","Mimaropa Region",12.92166054,121.3754507,"phd",NA,NA,NA,"Canis lupus familiaris","Dog","Domestic","Luzon","4B-22-17","AL_Asian_SEA4"
"4B-22-20",NA,NA,"Canis familiaris",NA,"=""19-May-2022""","date_collected","Don Pedro","Mansalay","Oriental Mindoro-Baco","Oriental Mindoro","Oriental Mindoro","Southwestern Tagalog Region","Mimaropa Region",12.54836969,121.3482134,"phd",NA,NA,NA,"Canis lupus familiaris","Dog","Domestic","Luzon","4B-22-20","AL_Asian_SEA4"
"4B-22-21",NA,NA,"Canis familiaris",NA,"=""31-May-2022""","date_collected","Panggulayan","Pinamalayan","Oriental Mindoro-Baco","Oriental Mindoro","Oriental Mindoro","Southwestern Tagalog Region","Mimaropa Region",13.02301767,121.4031803,"phd",NA,NA,NA,"Canis lupus familiaris","Dog","Domestic","Luzon","4B-22-21","AL_Asian_SEA4"
"4B-22-28",NA,NA,"Canis familiaris",NA,"=""27-Jul-2022""","date_collected","Mangangan","Baco","Oriental Mindoro-Baco","Oriental Mindoro","Oriental Mindoro","Southwestern Tagalog Region","Mimaropa Region",13.29039427,121.066837,"phd",NA,NA,NA,"Canis lupus familiaris","Dog","Domestic","Luzon","4B-22-28","AL_Asian_SEA4"
"4B-22-30",NA,NA,"Canis familiaris",NA,"=""12-Aug-2022""","date_collected","Bangkatan","Baco","Oriental Mindoro-Baco","Oriental Mindoro","Oriental Mindoro","Southwestern Tagalog Region","Mimaropa Region",13.29039427,121.066837,"phd",NA,NA,NA,"Canis lupus familiaris","Dog","Domestic","Luzon","4B-22-30","AL_Asian_SEA4"
"4B-22-31",NA,NA,"Canis familiaris",NA,"=""18-Aug-2022""","date_collected","Bayanan","Pola","Oriental Mindoro-Pola","Oriental Mindoro","Oriental Mindoro","Southwestern Tagalog Region","Mimaropa Region",13.13990357,121.4449478,"phd",NA,NA,NA,"Canis lupus familiaris","Dog","Domestic","Luzon","4B-22-31","AL_Asian_SEA4"
"4B-22-35",NA,NA,"Canis familiaris",NA,"=""25-Oct-2022""","date_collected","Bagumbayan","Roxas","Oriental Mindoro-Roxas","Oriental Mindoro","Oriental Mindoro","Southwestern Tagalog Region","Mimaropa Region",12.61737051,121.4554967,"phd",NA,NA,NA,"Canis lupus familiaris","Dog","Domestic","Luzon","4B-22-35","AL_Asian_SEA4"
"4B-22-37",NA,NA,"Canis familiaris",NA,"=""01-Oct-2022""","date_collected","San Isidro","Alcantara","Romblon-Alcantara","Romblon","Romblon","Southwestern Tagalog Region","Mimaropa Region",12.29784708,122.054934,"phd",NA,NA,NA,"Canis lupus familiaris","Dog","Domestic","Luzon","4B-22-37","AL_Asian_SEA4"
"4B-22-39",NA,NA,"Canis familiaris",NA,"=""21-Oct-2022""","date_collected","San Isidro","Alcantara","Romblon-Alcantara","Romblon","Romblon","Southwestern Tagalog Region","Mimaropa Region",12.29784708,122.054934,"phd",NA,NA,NA,"Canis lupus familiaris","Dog","Domestic","Luzon","4B-22-39","AL_Asian_SEA4"
"4B-22-40",NA,NA,"Canis familiaris",NA,"=""02-Dec-2022""","date_collected","Balugo","Mansalay","Oriental Mindoro-Baco","Oriental Mindoro","Oriental Mindoro","Southwestern Tagalog Region","Mimaropa Region",12.54836969,121.3482134,"phd",NA,NA,NA,"Canis lupus familiaris","Dog","Domestic","Luzon","4B-22-40","AL_Asian_SEA4"
"4B-22-41",NA,NA,"Canis familiaris",NA,"=""24-Nov-2022""","date_collected","Dapawan","Odiongan","Romblon-Odiongan","Romblon","Romblon","Southwestern Tagalog Region","Mimaropa Region",12.39865996,122.0177701,"phd",NA,NA,NA,"Canis lupus familiaris","Dog","Domestic","Luzon","4B-22-41","AL_Asian_SEA4"
"4B-22-42",NA,NA,"Canis familiaris",NA,"=""26-Nov-2022""","date_collected","Bonlao","Alcantara","Romblon-Alcantara","Romblon","Romblon","Southwestern Tagalog Region","Mimaropa Region",12.29784708,122.054934,"phd",NA,NA,NA,"Canis lupus familiaris","Dog","Domestic","Luzon","4B-22-42","AL_Asian_SEA4"
"4B-22-44",NA,NA,"Canis familiaris",NA,"=""11-Dec-2022""","date_collected","Dapawan","Odiongan","Romblon-Odiongan","Romblon","Romblon","Southwestern Tagalog Region","Mimaropa Region",12.39865996,122.0177701,"phd",NA,NA,NA,"Canis lupus familiaris","Dog","Domestic","Luzon","4B-22-44","AL_Asian_SEA4"
"4B-22-45",NA,NA,"Canis familiaris",NA,"=""12-Dec-2022""","date_collected","Concepcion Sur","Santa Maria","Romblon-Santa Maria","Romblon","Romblon","Southwestern Tagalog Region","Mimaropa Region",12.40310216,122.0836566,"phd",NA,NA,NA,"Canis lupus familiaris","Dog","Domestic","Luzon","4B-22-45","AL_Asian_SEA4"
"4B-23-01",NA,NA,"Canis familiaris",NA,"=""20-Jan-2023""","date_collected","Concepcion Norte","Santa Maria","Romblon-Santa Maria","Romblon","Romblon","Southwestern Tagalog Region","Mimaropa Region",12.40310216,122.0836566,"phd",NA,NA,NA,"Canis lupus familiaris","Dog","Domestic","Luzon","4B-23-01","AL_Asian_SEA4"
"4B-23-02",NA,NA,"Canis familiaris",NA,"=""13-Jan-2023""","date_collected","Dapawan","Odiongan","Romblon-Odiongan","Romblon","Romblon","Southwestern Tagalog Region","Mimaropa Region",12.39865996,122.0177701,"phd",NA,NA,NA,"Canis lupus familiaris","Dog","Domestic","Luzon","4B-23-02","AL_Asian_SEA4"
"4B-23-03",NA,NA,"Canis familiaris",NA,"=""22-Jan-2023""","date_collected","Sugod","San Agustin","Romblon-San Agustin","Romblon","Romblon","Southwestern Tagalog Region","Mimaropa Region",12.55403552,122.1124048,"phd",NA,NA,NA,"Canis lupus familiaris","Dog","Domestic","Luzon","4B-23-03","AL_Asian_SEA4"
"4B-23-04",NA,NA,"Canis familiaris",NA,"=""31-Jan-2023""","date_collected","Carmen","San Agustin","Romblon-San Agustin","Romblon","Romblon","Southwestern Tagalog Region","Mimaropa Region",12.55403552,122.1124048,"phd",NA,NA,NA,"Canis lupus familiaris","Dog","Domestic","Luzon","4B-23-04","AL_Asian_SEA4"
"4B-23-05",NA,NA,"Canis familiaris",NA,"=""20-Jan-2023""","date_collected","Sugod","San Agustin","Romblon-San Agustin","Romblon","Romblon","Southwestern Tagalog Region","Mimaropa Region",12.55403552,122.1124048,"phd",NA,NA,NA,"Canis lupus familiaris","Dog","Domestic","Luzon","4B-23-05","AL_Asian_SEA4"
"4B-23-06",NA,NA,"Canis familiaris",NA,"=""02-Feb-2023""","date_collected","Concepcion Norte","Santa Maria","Romblon-Santa Maria","Romblon","Romblon","Southwestern Tagalog Region","Mimaropa Region",12.40310216,122.0836566,"phd",NA,NA,NA,"Canis lupus familiaris","Dog","Domestic","Luzon","4B-23-06","AL_Asian_SEA4"
"4B-23-07",NA,NA,"Canis familiaris",NA,"=""07-Feb-2023""","date_collected","Concepcion Sur","Santa Maria","Romblon-Santa Maria","Romblon","Romblon","Southwestern Tagalog Region","Mimaropa Region",12.40310216,122.0836566,"phd",NA,NA,NA,"Canis lupus familiaris","Dog","Domestic","Luzon","4B-23-07","AL_Asian_SEA4"
"4B-23-11",NA,NA,"Canis familiaris",NA,"=""07-Feb-2023""","date_collected","Jun Carlo","San Andres","Romblon-San Andres","Romblon","Romblon","Southwestern Tagalog Region","Mimaropa Region",12.53642104,122.0469478,"phd",NA,NA,NA,"Canis lupus familiaris","Dog","Domestic","Luzon","4B-23-11","AL_Asian_SEA4"
"4B-23-12",NA,NA,"Canis familiaris",NA,"=""14-Feb-2023""","date_collected","Concepcion Norte","Santa Maria","Romblon-Santa Maria","Romblon","Romblon","Southwestern Tagalog Region","Mimaropa Region",12.40310216,122.0836566,"phd",NA,NA,NA,"Canis lupus familiaris","Dog","Domestic","Luzon","4B-23-12","AL_Asian_SEA4"
"4B-23-13",NA,NA,"Canis familiaris",NA,"=""09-Feb-2023""","date_collected","Rizal","Odiongan","Romblon-Odiongan","Romblon","Romblon","Southwestern Tagalog Region","Mimaropa Region",12.39865996,122.0177701,"phd",NA,NA,NA,"Canis lupus familiaris","Dog","Domestic","Luzon","4B-23-13","AL_Asian_SEA4"
"4B-23-15",NA,NA,"Canis familiaris",NA,"=""16-Feb-2023""","date_collected","Poctoy","Odiongan","Romblon-Odiongan","Romblon","Romblon","Southwestern Tagalog Region","Mimaropa Region",12.39865996,122.0177701,"phd",NA,NA,NA,"Canis lupus familiaris","Dog","Domestic","Luzon","4B-23-15","AL_Asian_SEA4"
"4B-23-16",NA,NA,"Canis familiaris",NA,"=""28-Feb-2023""","date_collected","Dapawan","Odiongan","Romblon-Odiongan","Romblon","Romblon","Southwestern Tagalog Region","Mimaropa Region",12.39865996,122.0177701,"phd",NA,NA,NA,"Canis lupus familiaris","Dog","Domestic","Luzon","4B-23-16","AL_Asian_SEA4"
"4B-23-17",NA,NA,"Canis familiaris",NA,"=""01-Mar-2023""","date_collected","Poctoy","Odiongan","Romblon-Odiongan","Romblon","Romblon","Southwestern Tagalog Region","Mimaropa Region",12.39865996,122.0177701,"phd",NA,NA,NA,"Canis lupus familiaris","Dog","Domestic","Luzon","4B-23-17","AL_Asian_SEA4"
"4B-23-19",NA,NA,"Canis familiaris",NA,"=""01-Mar-2023""","date_collected","Mahabang Baybay","San Agustin","Romblon-San Agustin","Romblon","Romblon","Southwestern Tagalog Region","Mimaropa Region",12.55403552,122.1124048,"phd",NA,NA,NA,"Canis lupus familiaris","Dog","Domestic","Luzon","4B-23-19","AL_Asian_SEA4"
"4B-2422",NA,NA,"Canis familiaris",NA,"=""04-Feb-2022""","date_collected","Concepcion","Calintaan","Occidental Mindoro-Paluan","Occidental Mindoro","Occidental Mindoro","Southwestern Tagalog Region","Mimaropa Region",12.59217706,121.082659,"phd",NA,NA,NA,"Canis lupus familiaris","Dog","Domestic","Luzon","4B-2422","AL_Asian_SEA4"
"4B-2922HM",NA,NA,"Canis familiaris",NA,"=""09-Feb-2022""","date_collected","Mangangan","Baco","Oriental Mindoro-Baco","Oriental Mindoro","Oriental Mindoro","Southwestern Tagalog Region","Mimaropa Region",13.29039427,121.066837,"phd",NA,NA,NA,"Canis lupus familiaris","Dog","Domestic","Luzon","4B-2922HM","AL_Asian_SEA4"
"4B-2922JG",NA,NA,"Canis familiaris",NA,"=""09-Feb-2022""","date_collected","Anilao","Bongabong","Oriental Mindoro-Bongabong","Oriental Mindoro","Oriental Mindoro","Southwestern Tagalog Region","Mimaropa Region",12.71623574,121.3862303,"phd",NA,NA,NA,"Canis lupus familiaris","Dog","Domestic","Luzon","4B-2922JG","AL_Asian_SEA4"
"CAR-22-018",NA,NA,"Canis familiaris",NA,"=""01-Jan-2022""","date_collected","","",NA,"",NA,"Cordillera Administrative Region (CAR)","Cordillera Administrative Region (CAR)",NA,NA,"phd",NA,NA,NA,"Canis lupus familiaris","Dog","Domestic","Luzon","CAR-22-018","AL_Asian_SEA4"
"CAR-22-020",NA,NA,"Canis familiaris",NA,"=""01-Jan-2022""","date_collected","","",NA,"",NA,"Cordillera Administrative Region (CAR)","Cordillera Administrative Region (CAR)",NA,NA,"phd",NA,NA,NA,"Canis lupus familiaris","Dog","Domestic","Luzon","CAR-22-020","AL_Asian_SEA4"
"COW",NA,NA,"Bos taurus",NA,NA,"date_collected","","",NA,"",NA,"",NA,NA,NA,"phd",NA,NA,NA,"Bos taurus","Cow","Livestock",NA,"COW","AL_Asian_SEA4"
"GOAT",NA,NA,"Capra hircus",NA,NA,"date_collected","","",NA,"",NA,"",NA,NA,NA,"phd",NA,NA,NA,"Capra hircus","Goat","Livestock",NA,"GOAT","AL_Asian_SEA4"
"R1-21-148",NA,NA,"Canis familiaris",NA,"=""10-Apr-2021""","date_collected","Malibong","Urbiztondo","Pangasinan-Urbiztondo","Pangasinan","Pangasinan","Ilocos Region","Region I (Ilocos Region)",15.82353439,120.3636915,"phd",NA,NA,NA,"Canis lupus familiaris","Dog","Domestic","Luzon","R1-21-148","AL_Asian_SEA4"
"R10-688",NA,NA,"Canis familiaris",NA,"=""02-Jul-2021""","date_collected","","Malaybalay City","Bukidnon-Malaybalay City","Bukidnon","Bukidnon","Northern Mindanao","Region X (Northern Mindanao)",8.160681669,125.1787735,"phd",NA,NA,NA,"Canis lupus familiaris","Dog","Domestic","Mindanao","R10-688","AL_Asian_SEA4"
"R10-711",NA,NA,"Canis familiaris",NA,"=""12-Jul-2021""","date_collected","Balulang","Cagayan de Oro City","Misamis Oriental-Cagayan de Oro City","Misamis Oriental","Misamis Oriental","Northern Mindanao","Region X (Northern Mindanao)",8.409218588,124.6235169,"phd",NA,NA,NA,"Canis lupus familiaris","Dog","Domestic","Mindanao","R10-711","AL_Asian_SEA4"
"R10-714",NA,NA,"Canis familiaris",NA,"=""11-Jul-2021""","date_collected","Bonbon","Opol","Misamis Oriental-Opol","Misamis Oriental","Misamis Oriental","Northern Mindanao","Region X (Northern Mindanao)",8.42897072,124.502868,"phd",NA,NA,NA,"Canis lupus familiaris","Dog","Domestic","Mindanao","R10-714","AL_Asian_SEA4"
"R10-824",NA,NA,"Canis familiaris",NA,"=""09-Sep-2021""","date_collected","Bulua","Cagayan de Oro City","Misamis Oriental-Cagayan de Oro City","Misamis Oriental","Misamis Oriental","Northern Mindanao","Region X (Northern Mindanao)",8.409218588,124.6235169,"phd",NA,NA,NA,"Canis lupus familiaris","Dog","Domestic","Mindanao","R10-824","AL_Asian_SEA4"
"R10-856",NA,NA,"Canis familiaris",NA,"=""27-Sep-2021""","date_collected","-","Manticao","Misamis Oriental-Initao","Misamis Oriental","Misamis Oriental","Northern Mindanao","Region X (Northern Mindanao)",8.374138099,124.3486702,"phd",NA,NA,NA,"Canis lupus familiaris","Dog","Domestic","Mindanao","R10-856","AL_Asian_SEA4"
"R10-907",NA,NA,"Canis familiaris",NA,"=""25-Oct-2021""","date_collected","Gango","Libona","Bukidnon-Libona","Bukidnon","Bukidnon","Northern Mindanao","Region X (Northern Mindanao)",8.327601426,124.7570432,"phd",NA,NA,NA,"Canis lupus familiaris","Dog","Domestic","Mindanao","R10-907","AL_Asian_SEA4"
"R10-920",NA,NA,"Canis familiaris",NA,"=""26-Oct-2021""","date_collected","Agusan","Cagayan de Oro City","Misamis Oriental-Cagayan de Oro City","Misamis Oriental","Misamis Oriental","Northern Mindanao","Region X (Northern Mindanao)",8.409218588,124.6235169,"phd",NA,NA,NA,"Canis lupus familiaris","Dog","Domestic","Mindanao","R10-920","AL_Asian_SEA4"
"R10-989",NA,NA,"Canis familiaris",NA,"=""25-Nov-2021""","date_collected","Barangay 1","Gingoog  City","Misamis Oriental-Opol","Misamis Oriental","Misamis Oriental","Northern Mindanao","Region X (Northern Mindanao)",8.776382452,125.0898786,"phd",NA,NA,NA,"Canis lupus familiaris","Dog","Domestic","Mindanao","R10-989","AL_Asian_SEA4"
"R10-990",NA,NA,"Canis familiaris",NA,"=""25-Nov-2021""","date_collected","Agay-Ayan","Gingoog  City","Misamis Oriental-Opol","Misamis Oriental","Misamis Oriental","Northern Mindanao","Region X (Northern Mindanao)",8.776382452,125.0898786,"phd",NA,NA,NA,"Canis lupus familiaris","Dog","Domestic","Mindanao","R10-990","AL_Asian_SEA4"
"R11-21-61",NA,NA,"Canis familiaris",NA,"=""11-Aug-2021""","date_collected","","Midsayap","North Cotabato-Midsayap","North Cotabato","North Cotabato","Bangsamoro","Bangsamoro Autonomous Region In Muslim Mindanao (BARMM)",7.136249451,124.5166062,"phd",NA,NA,NA,"Canis lupus familiaris","Dog","Domestic","Mindanao","R11-21-61","AL_Asian_SEA4"
"R11-21-63",NA,NA,"Canis familiaris",NA,"=""04-Oct-2021""","date_collected","","Tagum","Davao del Norte-Carmen","Davao del Norte","Davao del Norte","Region XI (Davao Region)","Region XI (Davao Region)",7.434951203,125.7990149,"phd; manual_correction",NA,NA,NA,"Canis lupus familiaris","Dog","Domestic","Mindanao","R11-21-63","AL_Asian_SEA4"
"R11-22-001",NA,NA,"Canis familiaris",NA,"=""01-Jan-2022""","date_collected","","",NA,"",NA,"Region XI (Davao Region)","Region XI (Davao Region)",NA,NA,"phd",NA,NA,NA,"Canis lupus familiaris","Dog","Domestic","Mindanao","R11-22-001","AL_Asian_SEA4"
"R11-22-002",NA,NA,"Canis familiaris",NA,"=""05-Jan-2022""","date_collected","Talomo","Davao City","Davao del Sur-Malita","Davao del Sur","Davao del Sur","Region XI (Davao Region)","Region XI (Davao Region)",7.254430625,125.4144871,"phd; manual_correction",NA,NA,NA,"Canis lupus familiaris","Dog","Domestic","Mindanao","R11-22-002","AL_Asian_SEA4"
"R2-081",NA,NA,"Canis familiaris",NA,"=""31-Aug-2020""","date_collected","Ugac Norte","Tuguegarao  City","Cagayan-Tuguegarao City","Cagayan","Cagayan","Cagayan Valley","Region II (Cagayan Valley)",17.60612446,121.7593619,"phd",NA,NA,NA,"Canis lupus familiaris","Dog","Domestic","Luzon","R2-081","AL_Asian_SEA4"
"R2-22-5302",NA,NA,"Canis familiaris",NA,"=""04-Mar-2022""","date_collected","","Santa Maria","Isabela-Mallig","Isabela","Isabela","Cagayan Valley","Region II (Cagayan Valley)",NA,NA,"phd",NA,NA,NA,"Canis lupus familiaris","Dog","Domestic","Luzon","R2-22-5302","AL_Asian_SEA4"
"R2-22-5814",NA,NA,"Canis familiaris",NA,"=""07-Mar-2022""","date_collected","Ugad","Tumauini","Isabela-Tumauini","Isabela","Isabela","Cagayan Valley","Region II (Cagayan Valley)",NA,NA,"phd",NA,NA,NA,"Canis lupus familiaris","Dog","Domestic","Luzon","R2-22-5814","AL_Asian_SEA4"
"R2-22-84711",NA,NA,"Canis familiaris",NA,"=""06-Apr-2022""","date_collected","","Cauayan City","Isabela-Cauayan City","Isabela","Isabela","Cagayan Valley","Region II (Cagayan Valley)",NA,NA,"phd",NA,NA,NA,"Canis lupus familiaris","Dog","Domestic","Luzon","R2-22-84711","AL_Asian_SEA4"
"R2-22-8924",NA,NA,"Canis familiaris",NA,"=""01-Jan-2022""","date_collected","","Bayombong","Nueva Vizcaya-Bayombong","Nueva Vizcaya","Nueva Vizcaya","Cagayan Valley","Region II (Cagayan Valley)",NA,NA,"phd",NA,NA,NA,"Canis lupus familiaris","Dog","Domestic","Luzon","R2-22-8924","AL_Asian_SEA4"
"R3-0483",NA,NA,"Canis familiaris",NA,"=""01-Jan-2022""","date_collected","","",NA,"",NA,"Region III (Central Luzon)","Region III (Central Luzon)",NA,NA,"phd",NA,NA,NA,"Canis lupus familiaris","Dog","Domestic","Luzon","R3-0483","AL_Asian_SEA4"
"R3-731",NA,NA,"Canis familiaris",NA,"=""09-Dec-2021""","date_collected","Sangitan","Cabanatuan City","Nueva Ecija-Cabanatuan City","Nueva Ecija","Nueva Ecija","Central Luzon","Region III (Central Luzon)",15.49243695,120.9899426,"phd",NA,NA,NA,"Canis lupus familiaris","Dog","Domestic","Luzon","R3-731","AL_Asian_SEA4"
"R5-21-115",NA,NA,"Canis familiaris",NA,"=""28-Sep-2021""","date_collected","Pob. III","Vinzons","Camarines Norte-Vinzons","Camarines Norte","Camarines Norte","Bicol Region","Region V (Bicol Region)",14.19277209,122.8889974,"phd",NA,NA,NA,"Canis lupus familiaris","Dog","Domestic","Luzon","R5-21-115","AL_Asian_SEA4"
"R5-21-119",NA,NA,"Canis familiaris",NA,"=""15-Oct-2021""","date_collected","San Pedro","Irosin","Sorsogon-Irosin","Sorsogon","Sorsogon","Bicol Region","Region V (Bicol Region)",12.71458793,124.0300037,"phd",NA,NA,NA,"Canis lupus familiaris","Dog","Domestic","Luzon","R5-21-119","AL_Asian_SEA4"
"R5-21-128",NA,NA,"Canis familiaris",NA,"=""09-Nov-2021""","date_collected","Cararayan","Naga City","Camarines Sur-Bato","Camarines Sur","Camarines Sur","Bicol Region","Region V (Bicol Region)",13.64368803,123.2594656,"phd",NA,NA,NA,"Canis lupus familiaris","Dog","Domestic","Luzon","R5-21-128","AL_Asian_SEA4"
"R5-21-132",NA,NA,"Canis familiaris",NA,"=""15-Nov-2021""","date_collected","Labnig","Malinao","Albay-Malinao","Albay","Albay","Bicol Region","Region V (Bicol Region)",13.3845747,123.6522757,"phd",NA,NA,NA,"Canis lupus familiaris","Dog","Domestic","Luzon","R5-21-132","AL_Asian_SEA4"
"R5-21-136",NA,NA,"Canis familiaris",NA,"=""02-Dec-2021""","date_collected","-","Libon","Albay-Libon","Albay","Albay","Bicol Region","Region V (Bicol Region)",13.24707931,123.3705704,"phd",NA,NA,NA,"Canis lupus familiaris","Dog","Domestic","Luzon","R5-21-136","AL_Asian_SEA4"
"R5-21-140",NA,NA,"Canis familiaris",NA,"=""10-Dec-2021""","date_collected","Calang Calawan","Vinzons","Camarines Norte-Vinzons","Camarines Norte","Camarines Norte","Bicol Region","Region V (Bicol Region)",14.19277209,122.8889974,"phd",NA,NA,NA,"Canis lupus familiaris","Dog","Domestic","Luzon","R5-21-140","AL_Asian_SEA4"
"R5-22-008",NA,NA,"Canis familiaris",NA,"=""02-Feb-2022""","date_collected","Sto. Cristo","Tabaco","Albay-Oas","Albay","Albay","Bicol Region","Region V (Bicol Region)",13.32537797,123.668741,"phd",NA,NA,NA,"Canis lupus familiaris","Dog","Domestic","Luzon","R5-22-008","AL_Asian_SEA4"
"R5-22-09",NA,NA,"Felis catus",NA,"=""07-Feb-2022""","date_collected","Bauud","Malilipot","Albay-Malilipot","Albay","Albay","Bicol Region","Region V (Bicol Region)",13.30206264,123.724162,"phd",NA,NA,NA,"Felis catus","Cat","Domestic","Luzon","R5-22-09","AL_Asian_SEA4"
"R6-21-4343",NA,NA,"Canis familiaris",NA,"=""01-Jan-2021""","date_collected","","",NA,"",NA,"Region VI (Western Visayas)","Region VI (Western Visayas)",NA,NA,"phd",NA,NA,NA,"Canis lupus familiaris","Dog","Domestic","Visayas","R6-21-4343","AL_Asian_SEA4"
"R6-21-4375",NA,NA,"Canis familiaris",NA,"=""01-Oct-2021""","date_collected","Labigan","Sara","Iloilo-Sara","Iloilo","Iloilo","Western Visayas","Region VI (Western Visayas)",11.29863894,122.9983924,"phd",NA,NA,NA,"Canis lupus familiaris","Dog","Domestic","Visayas","R6-21-4375","AL_Asian_SEA4"
"R6-21-4511",NA,NA,"Canis familiaris",NA,"=""08-Oct-2021""","date_collected","San Isidro","Tibiao","Antique-Tibiao","Antique","Antique","Western Visayas","Region VI (Western Visayas)",11.31177392,122.0839795,"phd",NA,NA,NA,"Canis lupus familiaris","Dog","Domestic","Visayas","R6-21-4511","AL_Asian_SEA4"
"R6-21-4600",NA,NA,"Canis familiaris",NA,"=""14-Oct-2021""","date_collected","Jibao-An","Pavia","Iloilo-Pavia","Iloilo","Iloilo","Western Visayas","Region VI (Western Visayas)",10.76834195,122.5361294,"phd",NA,NA,NA,"Canis lupus familiaris","Dog","Domestic","Visayas","R6-21-4600","AL_Asian_SEA4"
"R6-4342",NA,NA,"Bos taurus",NA,"=""30-Sep-2021""","date_collected","Cabanban","Oton","Iloilo-Oton","Iloilo","Iloilo","Western Visayas","Region VI (Western Visayas)",10.72535873,122.4673796,"phd",NA,NA,NA,"Bos taurus","Cow","Livestock","Visayas","R6-4342","AL_Asian_SEA4"
"R6-4568",NA,NA,"Canis familiaris",NA,"=""13-Oct-2021""","date_collected","Avila","Buenavista","Guimaras-Buenavista","Guimaras","Guimaras","Western Visayas","Region VI (Western Visayas)",10.69136331,122.6621626,"phd",NA,NA,NA,"Canis lupus familiaris","Dog","Domestic","Visayas","R6-4568","AL_Asian_SEA4"
"R7-21-149",NA,NA,"Canis familiaris",NA,"=""01-Jan-2021""","date_collected","","",NA,"",NA,"Region VII (Central Visayas)","Region VII (Central Visayas)",NA,NA,"phd",NA,NA,NA,"Canis lupus familiaris","Dog","Domestic","Visayas","R7-21-149","AL_Asian_SEA4"
"R7-21-161",NA,NA,"Canis familiaris",NA,"=""18-Oct-2021""","date_collected","Pusok","Lapu-Lapu City","Cebu-Lapu-Lapu City","Cebu","Cebu","Central Visayas","Region VII (Central Visayas)",10.29788925,123.9784138,"phd",NA,NA,NA,"Canis lupus familiaris","Dog","Domestic","Visayas","R7-21-161","AL_Asian_SEA4"
"R9-010",NA,NA,"Felis catus",NA,"=""27-Jan-2020""","date_collected","San Roque","Zamboanga City","Zamboanga del Sur-Bayog","Zamboanga del Sur","Zamboanga del Sur","Region IX (Zamboanga Peninsula)","Region IX (Zamboanga Peninsula)",7.154200895,122.139348,"phd; manual_correction",NA,NA,NA,"Felis catus","Cat","Domestic","Mindanao","R9-010","AL_Asian_SEA4"
"R9-074",NA,NA,"Canis familiaris",NA,"=""20-Aug-2021""","date_collected","Cogon","Vincenzo A. Sagun","Zamboanga del Sur-Bayog","Zamboanga del Sur","Zamboanga del Sur","Region IX (Zamboanga Peninsula)","Region IX (Zamboanga Peninsula)",7.519657705,123.1738437,"phd; manual_correction",NA,NA,NA,"Canis lupus familiaris","Dog","Domestic","Mindanao","R9-074","AL_Asian_SEA4"
"R9-089",NA,NA,"Canis familiaris",NA,"=""07-Oct-2021""","date_collected","Pangi","Ipil","Zamboanga Sibugay-Ipil","Zamboanga Sibugay","Zamboanga Sibugay","Region IX (Zamboanga Peninsula)","Region IX (Zamboanga Peninsula)",7.780235248,122.5765115,"phd; manual_correction",NA,NA,NA,"Canis lupus familiaris","Dog","Domestic","Mindanao","R9-089","AL_Asian_SEA4"
"R9-105",NA,NA,"Canis familiaris",NA,"=""09-Dec-2021""","date_collected","Lopoc","Labason","Zamboanga del Norte-Labason","Zamboanga del Norte","Zamboanga del Norte","Region IX (Zamboanga Peninsula)","Region IX (Zamboanga Peninsula)",8.030135135,122.5303567,"phd; manual_correction",NA,NA,NA,"Canis lupus familiaris","Dog","Domestic","Mindanao","R9-105","AL_Asian_SEA4"
"RADDL1-16-153",NA,NA,"Canis familiaris",NA,"=""18-Jul-2016""","date_collected","Real","Urbiztondo","Pangasinan-Urbiztondo","Pangasinan","Pangasinan","Ilocos Region","Region I (Ilocos Region)",15.82353439,120.3636915,"phd",NA,NA,NA,"Canis lupus familiaris","Dog","Domestic","Luzon","RADDL1-16-153","AL_Asian_SEA4"
"RADDL1-16-166",NA,NA,"Canis familiaris",NA,"=""09-Aug-2016""","date_collected","West","unknown","Pangasinan-Agno","Pangasinan","Pangasinan","Ilocos Region","Region I (Ilocos Region)",15.99415023,120.3184423,"phd",NA,NA,NA,"Canis lupus familiaris","Dog","Domestic","Luzon","RADDL1-16-166","AL_Asian_SEA4"
"RADDL3-1045",NA,NA,"Canis familiaris",NA,"=""23-Oct-2015""","date_collected","St. Francis","Limay","Bataan-Limay","Bataan","Bataan","Central Luzon","Region III (Central Luzon)",14.53878982,120.5544428,"phd",NA,NA,NA,"Canis lupus familiaris","Dog","Domestic","Luzon","RADDL3-1045","AL_Asian_SEA4"
"RADDL3-15-172",NA,NA,"Canis familiaris",NA,"=""12-Feb-2015""","date_collected","Cvo","San Jose  City","Nueva Ecija-San Jose City","Nueva Ecija","Nueva Ecija","Central Luzon","Region III (Central Luzon)",15.78462183,120.9975839,"phd",NA,NA,NA,"Canis lupus familiaris","Dog","Domestic","Luzon","RADDL3-15-172","AL_Asian_SEA4"
"RADDL3-16-1008",NA,NA,"Canis familiaris",NA,"=""27-Oct-2016""","date_collected","Pamaldan","Cabanatuan City","Nueva Ecija-Cabanatuan City","Nueva Ecija","Nueva Ecija","Central Luzon","Region III (Central Luzon)",15.49243695,120.9899426,"phd",NA,NA,NA,"Canis lupus familiaris","Dog","Domestic","Luzon","RADDL3-16-1008","AL_Asian_SEA4"
"RADDL3-16-468",NA,NA,"Canis familiaris",NA,"=""01-Jun-2016""","date_collected","Sta Teresita","Angeles  City","Pampanga-Angeles City","Pampanga","Pampanga","Central Luzon","Region III (Central Luzon)",15.14555779,120.5862479,"phd",NA,NA,NA,"Canis lupus familiaris","Dog","Domestic","Luzon","RADDL3-16-468","AL_Asian_SEA4"
"RADDL3-16-521",NA,NA,"Canis familiaris",NA,"=""15-Jun-2016""","date_collected","Bulihan","Malolos City","Bulacan-Malolos City","Bulacan","Bulacan","Central Luzon","Region III (Central Luzon)",14.82958643,120.8367451,"phd",NA,NA,NA,"Canis lupus familiaris","Dog","Domestic","Luzon","RADDL3-16-521","AL_Asian_SEA4"
"RADDL3-16-627",NA,NA,"Canis familiaris",NA,"=""27-Jul-2016""","date_collected","Ligas","Malolos City","Bulacan-Malolos City","Bulacan","Bulacan","Central Luzon","Region III (Central Luzon)",14.82958643,120.8367451,"phd",NA,NA,NA,"Canis lupus familiaris","Dog","Domestic","Luzon","RADDL3-16-627","AL_Asian_SEA4"
"RADDL3-845",NA,NA,"Canis familiaris",NA,"=""02-Sep-2015""","date_collected","San Jose","Floridablanca","Pampanga-Floridablanca","Pampanga","Pampanga","Central Luzon","Region III (Central Luzon)",14.98771276,120.4868625,"phd",NA,NA,NA,"Canis lupus familiaris","Dog","Domestic","Luzon","RADDL3-845","AL_Asian_SEA4"
"RADDL5-005",NA,NA,"Canis familiaris",NA,"=""30-Jan-2015""","date_collected","San Nicolas","Iriga  City","Camarines Sur-Bato","Camarines Sur","Camarines Sur","Bicol Region","Region V (Bicol Region)",13.44838237,123.4332975,"phd",NA,NA,NA,"Canis lupus familiaris","Dog","Domestic","Luzon","RADDL5-005","AL_Asian_SEA4"
"Z-05-102",NA,NA,"Canis familiaris",NA,"=""21-Feb-2005""","date_collected","","Muntinlupa","Metropolitan Manila-Muntinlupa","Metropolitan Manila","Metropolitan Manila","National Capital Region (NCR)","National Capital Region (NCR)",14.40197636,121.0327847,"phd",NA,NA,NA,"Canis lupus familiaris","Dog","Domestic","Luzon","Z-05-102","AL_Asian_SEA4"
"Z-05-191",NA,NA,"Canis familiaris",NA,"=""10-Apr-2005""","date_collected","Lower Bicutan","Taguig","Metropolitan Manila-Taguig","Metropolitan Manila","Metropolitan Manila","National Capital Region (NCR)","National Capital Region (NCR)",14.51469695,121.0660524,"phd",NA,NA,NA,"Canis lupus familiaris","Dog","Domestic","Luzon","Z-05-191","AL_Asian_SEA4"
"Z-05-557",NA,NA,"Canis familiaris",NA,"=""03-Dec-2005""","date_collected","Rizal","Makati City","Metropolitan Manila-Makati City","Metropolitan Manila","Metropolitan Manila","National Capital Region (NCR)","National Capital Region (NCR)",14.54943127,121.0335906,"phd",NA,NA,NA,"Canis lupus familiaris","Dog","Domestic","Luzon","Z-05-557","AL_Asian_SEA4"
"Z-05-96",NA,NA,"Canis familiaris",NA,"=""17-Feb-2005""","date_collected","Maywood Sucat","Parañaque","Metropolitan Manila-Parañaque","Metropolitan Manila","Metropolitan Manila","National Capital Region (NCR)","National Capital Region (NCR)",14.48357034,121.0147858,"phd",NA,NA,NA,"Canis lupus familiaris","Dog","Domestic","Luzon","Z-05-96","AL_Asian_SEA4"
"Z-06-150",NA,NA,"Canis familiaris",NA,"=""24-Apr-2006""","date_collected","Balete","Batangas  City","Batangas-Lian","Batangas","Batangas","Calabarzon","Region IV-A (Calabarzon)",13.7207195,121.103796,"phd",NA,NA,NA,"Canis lupus familiaris","Dog","Domestic","Luzon","Z-06-150","AL_Asian_SEA4"
"Z-06-295",NA,NA,"Canis familiaris",NA,"=""22-Jul-2006""","date_collected","Lucsuhin","Calatagan","Batangas-Lian","Batangas","Batangas","Calabarzon","Region IV-A (Calabarzon)",13.86384068,120.6585868,"phd",NA,NA,NA,"Canis lupus familiaris","Dog","Domestic","Luzon","Z-06-295","AL_Asian_SEA4"
"Z-06-39",NA,NA,"Canis familiaris",NA,"=""26-Jan-2006""","date_collected","Ambulong","Tanauan","Batangas-Bauan","Batangas","Batangas","Calabarzon","Region IV-A (Calabarzon)",14.09625533,121.0970452,"phd",NA,NA,NA,"Canis lupus familiaris","Dog","Domestic","Luzon","Z-06-39","AL_Asian_SEA4"
"Z-07-07",NA,NA,"Canis familiaris",NA,"=""08-Jan-2007""","date_collected","Molino 6","General Trias","Cavite-General Trias","Cavite","Cavite","Calabarzon","Region IV-A (Calabarzon)",14.32966619,120.8999068,"phd",NA,NA,NA,"Canis lupus familiaris","Dog","Domestic","Luzon","Z-07-07","AL_Asian_SEA4"
"Z-07-351",NA,NA,"Canis familiaris",NA,"=""25-Oct-2007""","date_collected","-","Taguig","Metropolitan Manila-Taguig","Metropolitan Manila","Metropolitan Manila","National Capital Region (NCR)","National Capital Region (NCR)",14.51469695,121.0660524,"phd",NA,NA,NA,"Canis lupus familiaris","Dog","Domestic","Luzon","Z-07-351","AL_Asian_SEA4"
"Z-07-366",NA,NA,"Canis familiaris",NA,"=""12-Nov-2007""","date_collected","Wawa","Lipa City","Batangas-Lipa City","Batangas","Batangas","Calabarzon","Region IV-A (Calabarzon)",13.94086577,121.1746864,"phd",NA,NA,NA,"Canis lupus familiaris","Dog","Domestic","Luzon","Z-07-366","AL_Asian_SEA4"
"Z-07-38",NA,NA,"Canis familiaris",NA,"=""02-May-2007""","date_collected","Timbol","Bacoor","Cavite-Bacoor","Cavite","Cavite","Calabarzon","Region IV-A (Calabarzon)",14.41614393,120.9704734,"phd",NA,NA,NA,"Canis lupus familiaris","Dog","Domestic","Luzon","Z-07-38","AL_Asian_SEA4"
"Z-07-387",NA,NA,"Canis familiaris",NA,"=""07-Dec-2007""","date_collected","Bagong Liing","San Antonio","Quezon-San Antonio","Quezon","Quezon","Calabarzon","Region IV-A (Calabarzon)",13.89985141,121.2980234,"phd",NA,NA,NA,"Canis lupus familiaris","Dog","Domestic","Luzon","Z-07-387","AL_Asian_SEA4"
"Z-07-398",NA,NA,"Canis familiaris",NA,"=""19-Dec-2007""","date_collected","Paciano Rizal","Calamba City","Laguna-Calamba City","Laguna","Laguna","Calabarzon","Region IV-A (Calabarzon)",14.18862277,121.1242055,"phd",NA,NA,NA,"Canis lupus familiaris","Dog","Domestic","Luzon","Z-07-398","AL_Asian_SEA4"
"Z-07-403",NA,NA,"Canis familiaris",NA,"=""22-Dec-2007""","date_collected","Sampagutia Exit","Lucena","Quezon-Real","Quezon","Quezon","Calabarzon","Region IV-A (Calabarzon)",13.93834754,121.6153593,"phd",NA,NA,NA,"Canis lupus familiaris","Dog","Domestic","Luzon","Z-07-403","AL_Asian_SEA4"
"Z-07-407",NA,NA,"Canis familiaris",NA,"=""26-Dec-2007""","date_collected","Southland Talon 1","Las Piñas","Metropolitan Manila-Las Piñas","Metropolitan Manila","Metropolitan Manila","National Capital Region (NCR)","National Capital Region (NCR)",14.4423825,120.9940879,"phd",NA,NA,NA,"Canis lupus familiaris","Dog","Domestic","Luzon","Z-07-407","AL_Asian_SEA4"
"Z-08-351",NA,NA,"Canis familiaris",NA,"=""12-Dec-2008""","date_collected","-","General Mariano Alvarez","Cavite-General Mariano Alvarez","Cavite","Cavite","Calabarzon","Region IV-A (Calabarzon)",14.30698662,121.0184177,"phd",NA,NA,NA,"Canis lupus familiaris","Dog","Domestic","Luzon","Z-08-351","AL_Asian_SEA4"
"Z-08-359",NA,NA,"Canis familiaris",NA,"=""25-Dec-2008""","date_collected","San Lucas II","San Pablo City","Laguna-San Pablo City","Laguna","Laguna","Calabarzon","Region IV-A (Calabarzon)",14.05146733,121.3315598,"phd",NA,NA,NA,"Canis lupus familiaris","Dog","Domestic","Luzon","Z-08-359","AL_Asian_SEA4"
"Z-09-94",NA,NA,"Canis familiaris",NA,"=""08-Apr-2009""","date_collected","Brgy 191","Pasay  City","Metropolitan Manila-Pasay City","Metropolitan Manila","Metropolitan Manila","National Capital Region (NCR)","National Capital Region (NCR)",14.53080944,121.0041508,"phd",NA,NA,NA,"Canis lupus familiaris","Dog","Domestic","Luzon","Z-09-94","AL_Asian_SEA4"
"Z-12-012",NA,NA,"Canis familiaris",NA,"=""16-Jan-2012""","date_collected","Sulpoc","Tanauan","Batangas-Bauan","Batangas","Batangas","Calabarzon","Region IV-A (Calabarzon)",14.09625533,121.0970452,"phd",NA,NA,NA,"Canis lupus familiaris","Dog","Domestic","Luzon","Z-12-012","AL_Asian_SEA4"
"Z-12-029",NA,NA,"Canis familiaris",NA,"=""03-Feb-2012""","date_collected","Sss Village","Marikina","Metropolitan Manila-Manila","Metropolitan Manila","Metropolitan Manila","National Capital Region (NCR)","National Capital Region (NCR)",14.64718362,121.1030131,"phd",NA,NA,NA,"Canis lupus familiaris","Dog","Domestic","Luzon","Z-12-029","AL_Asian_SEA4"
"Z-12-060",NA,NA,"Canis familiaris",NA,"=""25-Feb-2012""","date_collected","F.De Castro","General Mariano Alvarez","Cavite-General Mariano Alvarez","Cavite","Cavite","Calabarzon","Region IV-A (Calabarzon)",14.30698662,121.0184177,"phd",NA,NA,NA,"Canis lupus familiaris","Dog","Domestic","Luzon","Z-12-060","AL_Asian_SEA4"
"Z-12-149",NA,NA,"Canis familiaris",NA,"=""28-Jun-2012""","date_collected","Palayan","Pinamalayan","Oriental Mindoro-Baco","Oriental Mindoro","Oriental Mindoro","Southwestern Tagalog Region","Mimaropa Region",13.02301767,121.4031803,"phd",NA,NA,NA,"Canis lupus familiaris","Dog","Domestic","Luzon","Z-12-149","AL_Asian_SEA4"
"Z-12-208",NA,NA,"Canis familiaris",NA,"=""02-Oct-2012""","date_collected","De Paro St.","Kalookan  City","Metropolitan Manila-Taguig","Metropolitan Manila","Metropolitan Manila","National Capital Region (NCR)","National Capital Region (NCR)",14.74647256,121.0486805,"phd",NA,NA,NA,"Canis lupus familiaris","Dog","Domestic","Luzon","Z-12-208","AL_Asian_SEA4"
"Z-13-020",NA,NA,"Canis familiaris",NA,"=""02-Feb-2013""","date_collected","Sucat","Muntinlupa","Metropolitan Manila-Muntinlupa","Metropolitan Manila","Metropolitan Manila","National Capital Region (NCR)","National Capital Region (NCR)",14.40197636,121.0327847,"phd",NA,NA,NA,"Canis lupus familiaris","Dog","Domestic","Luzon","Z-13-020","AL_Asian_SEA4"
"Z-13-032",NA,NA,"Canis familiaris",NA,"=""14-Feb-2013""","date_collected","Lower Bicutan","Taguig","Metropolitan Manila-Taguig","Metropolitan Manila","Metropolitan Manila","National Capital Region (NCR)","National Capital Region (NCR)",14.51469695,121.0660524,"phd",NA,NA,NA,"Canis lupus familiaris","Dog","Domestic","Luzon","Z-13-032","AL_Asian_SEA4"
"Z-13-036",NA,NA,"Canis familiaris",NA,"=""25-Feb-2013""","date_collected","Upper Bicutan","Taguig","Metropolitan Manila-Taguig","Metropolitan Manila","Metropolitan Manila","National Capital Region (NCR)","National Capital Region (NCR)",14.51469695,121.0660524,"phd",NA,NA,NA,"Canis lupus familiaris","Dog","Domestic","Luzon","Z-13-036","AL_Asian_SEA4"
"Z-13-065",NA,NA,"Canis familiaris",NA,"=""04-Apr-2013""","date_collected","Dumuclay North","Batangas  City","Batangas-Lian","Batangas","Batangas","Calabarzon","Region IV-A (Calabarzon)",13.7207195,121.103796,"phd",NA,NA,NA,"Canis lupus familiaris","Dog","Domestic","Luzon","Z-13-065","AL_Asian_SEA4"
"Z-13-066",NA,NA,"Canis familiaris",NA,"=""05-Apr-2013""","date_collected","Bayan Luma","Imus","Cavite-Imus","Cavite","Cavite","Calabarzon","Region IV-A (Calabarzon)",14.39822975,120.9319992,"phd",NA,NA,NA,"Canis lupus familiaris","Dog","Domestic","Luzon","Z-13-066","AL_Asian_SEA4"
"Z-13-071",NA,NA,"Canis familiaris",NA,"=""10-Apr-2013""","date_collected","Golden Acres","Las Piñas","Metropolitan Manila-Las Piñas","Metropolitan Manila","Metropolitan Manila","National Capital Region (NCR)","National Capital Region (NCR)",14.4423825,120.9940879,"phd",NA,NA,NA,"Canis lupus familiaris","Dog","Domestic","Luzon","Z-13-071","AL_Asian_SEA4"
"Z-13-073",NA,NA,"Canis familiaris",NA,"=""12-Apr-2013""","date_collected","Bf Homes","Parañaque","Metropolitan Manila-Parañaque","Metropolitan Manila","Metropolitan Manila","National Capital Region (NCR)","National Capital Region (NCR)",14.48357034,121.0147858,"phd",NA,NA,NA,"Canis lupus familiaris","Dog","Domestic","Luzon","Z-13-073","AL_Asian_SEA4"
"Z-13-081",NA,NA,"Canis familiaris",NA,"=""25-Apr-2013""","date_collected","Sto. Angel Norte","Santa Cruz","Laguna-Santa Cruz","Laguna","Laguna","Calabarzon","Region IV-A (Calabarzon)",14.26443013,121.4040122,"phd",NA,NA,NA,"Canis lupus familiaris","Dog","Domestic","Luzon","Z-13-081","AL_Asian_SEA4"
"Z-13-086",NA,NA,"Canis familiaris",NA,"=""03-May-2013""","date_collected","San Carlos","Binangonan","Rizal-Binangonan","Rizal","Rizal","Calabarzon","Region IV-A (Calabarzon)",14.49353136,121.1932147,"phd",NA,NA,NA,"Canis lupus familiaris","Dog","Domestic","Luzon","Z-13-086","AL_Asian_SEA4"
"Z-13-089",NA,NA,"Canis familiaris",NA,"=""04-May-2013""","date_collected","Malainen Luma","Naic","Cavite-Naic","Cavite","Cavite","Calabarzon","Region IV-A (Calabarzon)",14.29182513,120.7960137,"phd",NA,NA,NA,"Canis lupus familiaris","Dog","Domestic","Luzon","Z-13-089","AL_Asian_SEA4"
"Z-13-094",NA,NA,"Canis familiaris",NA,"=""10-May-2013""","date_collected","Palico II","Imus","Cavite-Imus","Cavite","Cavite","Calabarzon","Region IV-A (Calabarzon)",14.39822975,120.9319992,"phd",NA,NA,NA,"Canis lupus familiaris","Dog","Domestic","Luzon","Z-13-094","AL_Asian_SEA4"
"Z-13-096",NA,NA,"Felis catus",NA,"=""12-May-2013""","date_collected","Bf International","Las Piñas","Metropolitan Manila-Las Piñas","Metropolitan Manila","Metropolitan Manila","National Capital Region (NCR)","National Capital Region (NCR)",14.4423825,120.9940879,"phd",NA,NA,NA,"Felis catus","Cat","Domestic","Luzon","Z-13-096","AL_Asian_SEA4"
"Z-13-098",NA,NA,"Canis familiaris",NA,"=""13-May-2013""","date_collected","-","San Juan","Metropolitan Manila-San Juan","Metropolitan Manila","Metropolitan Manila","National Capital Region (NCR)","National Capital Region (NCR)",14.60295528,121.0338172,"phd",NA,NA,NA,"Canis lupus familiaris","Dog","Domestic","Luzon","Z-13-098","AL_Asian_SEA4"
"Z-13-134",NA,NA,"Canis familiaris",NA,"=""10-Jun-2013""","date_collected","Sto. Nino Vill.,Tunasan","Muntinlupa","Metropolitan Manila-Muntinlupa","Metropolitan Manila","Metropolitan Manila","National Capital Region (NCR)","National Capital Region (NCR)",14.40197636,121.0327847,"phd",NA,NA,NA,"Canis lupus familiaris","Dog","Domestic","Luzon","Z-13-134","AL_Asian_SEA4"
"Z-13-135",NA,NA,"Canis familiaris",NA,"=""12-Jun-2013""","date_collected","Alulod","Indang","Cavite-Indang","Cavite","Cavite","Calabarzon","Region IV-A (Calabarzon)",14.18917642,120.8713283,"phd",NA,NA,NA,"Canis lupus familiaris","Dog","Domestic","Luzon","Z-13-135","AL_Asian_SEA4"
"Z-13-161",NA,NA,"Canis familiaris",NA,"=""20-Jul-2013""","date_collected","Pansol","Calamba City","Laguna-Calamba City","Laguna","Laguna","Calabarzon","Region IV-A (Calabarzon)",14.18862277,121.1242055,"phd",NA,NA,NA,"Canis lupus familiaris","Dog","Domestic","Luzon","Z-13-161","AL_Asian_SEA4"
"Z-13-171",NA,NA,"Canis familiaris",NA,"=""05-Aug-2013""","date_collected","Pinamocan Silangan","Batangas  City","Batangas-Lian","Batangas","Batangas","Calabarzon","Region IV-A (Calabarzon)",13.7207195,121.103796,"phd",NA,NA,NA,"Canis lupus familiaris","Dog","Domestic","Luzon","Z-13-171","AL_Asian_SEA4"
"Z-13-184",NA,NA,"Canis familiaris",NA,"=""29-Aug-2013""","date_collected","Tabangaw","Batangas  City","Batangas-Lian","Batangas","Batangas","Calabarzon","Region IV-A (Calabarzon)",13.7207195,121.103796,"phd",NA,NA,NA,"Canis lupus familiaris","Dog","Domestic","Luzon","Z-13-184","AL_Asian_SEA4"
"Z-13-204",NA,NA,"Canis familiaris",NA,"=""26-Sep-2013""","date_collected","Dayap","Calauan","Laguna-Bay","Laguna","Laguna","Calabarzon","Region IV-A (Calabarzon)",14.13318557,121.2951683,"phd",NA,NA,NA,"Canis lupus familiaris","Dog","Domestic","Luzon","Z-13-204","AL_Asian_SEA4"
"Z-13-216",NA,NA,"Canis familiaris",NA,"=""25-Oct-2013""","date_collected","Bgy. 2","Mamburao","Occidental Mindoro-Looc","Occidental Mindoro","Occidental Mindoro","Southwestern Tagalog Region","Mimaropa Region",13.25401504,120.6612766,"phd",NA,NA,NA,"Canis lupus familiaris","Dog","Domestic","Luzon","Z-13-216","AL_Asian_SEA4"
"Z-13-234",NA,NA,"Canis familiaris",NA,"=""15-Nov-2013""","date_collected","Mayapa","Calamba City","Laguna-Calamba City","Laguna","Laguna","Calabarzon","Region IV-A (Calabarzon)",14.18862277,121.1242055,"phd",NA,NA,NA,"Canis lupus familiaris","Dog","Domestic","Luzon","Z-13-234","AL_Asian_SEA4"
"Z-13-259",NA,NA,"Canis familiaris",NA,"=""18-Dec-2013""","date_collected","Pound","Cavite  City","Cavite-Kawit","Cavite","Cavite","Calabarzon","Region IV-A (Calabarzon)",14.48021461,120.8978023,"phd",NA,NA,NA,"Canis lupus familiaris","Dog","Domestic","Luzon","Z-13-259","AL_Asian_SEA4"
"Z-14-023",NA,NA,"Canis familiaris",NA,"=""31-Jan-2014""","date_collected","Poblacion I","Santa Cruz","Laguna-Santa Cruz","Laguna","Laguna","Calabarzon","Region IV-A (Calabarzon)",14.26443013,121.4040122,"phd",NA,NA,NA,"Canis lupus familiaris","Dog","Domestic","Luzon","Z-14-023","AL_Asian_SEA4"
"Z-14-033",NA,NA,"Canis familiaris",NA,"=""07-Feb-2014""","date_collected","Bagumbayan, Zone 4","Atimonan","Quezon-Atimonan","Quezon","Quezon","Calabarzon","Region IV-A (Calabarzon)",13.98301338,121.8863992,"phd",NA,NA,NA,"Canis lupus familiaris","Dog","Domestic","Luzon","Z-14-033","AL_Asian_SEA4"
"Z-14-05",NA,NA,"Canis familiaris",NA,"=""05-Jan-2014""","date_collected","Pasong Camachile","General Trias","Cavite-General Trias","Cavite","Cavite","Calabarzon","Region IV-A (Calabarzon)",14.32966619,120.8999068,"phd",NA,NA,NA,"Canis lupus familiaris","Dog","Domestic","Luzon","Z-14-05","AL_Asian_SEA4"
"Z-14-058",NA,NA,"Canis familiaris",NA,"=""14-Mar-2014""","date_collected","-","Taytay","Rizal-Taytay","Rizal","Rizal","Calabarzon","Region IV-A (Calabarzon)",14.56080116,121.1315174,"phd",NA,NA,NA,"Canis lupus familiaris","Dog","Domestic","Luzon","Z-14-058","AL_Asian_SEA4"
"Z-14-098",NA,NA,"Canis familiaris",NA,"=""29-Apr-2014""","date_collected","Dita","Cuenca","Batangas-Cuenca","Batangas","Batangas","Calabarzon","Region IV-A (Calabarzon)",13.90952328,121.0537657,"phd",NA,NA,NA,"Canis lupus familiaris","Dog","Domestic","Luzon","Z-14-098","AL_Asian_SEA4"
"Z-14-101",NA,NA,"Canis familiaris",NA,"=""04-May-2014""","date_collected","Upper Bicutan","Taguig","Metropolitan Manila-Taguig","Metropolitan Manila","Metropolitan Manila","National Capital Region (NCR)","National Capital Region (NCR)",14.51469695,121.0660524,"phd",NA,NA,NA,"Canis lupus familiaris","Dog","Domestic","Luzon","Z-14-101","AL_Asian_SEA4"
"Z-14-106",NA,NA,"Felis catus",NA,"=""08-May-2014""","date_collected","Sta. Cruz","Cavite  City","Cavite-Kawit","Cavite","Cavite","Calabarzon","Region IV-A (Calabarzon)",14.48021461,120.8978023,"phd",NA,NA,NA,"Felis catus","Cat","Domestic","Luzon","Z-14-106","AL_Asian_SEA4"
"Z-14-126",NA,NA,"Canis familiaris",NA,"=""31-May-2014""","date_collected","Talon 5","Las Piñas","Metropolitan Manila-Las Piñas","Metropolitan Manila","Metropolitan Manila","National Capital Region (NCR)","National Capital Region (NCR)",14.4423825,120.9940879,"phd",NA,NA,NA,"Canis lupus familiaris","Dog","Domestic","Luzon","Z-14-126","AL_Asian_SEA4"
"Z-14-136",NA,NA,"Canis familiaris",NA,"=""11-Jun-2014""","date_collected","Parklane,San Francisco","General Trias","Cavite-General Trias","Cavite","Cavite","Calabarzon","Region IV-A (Calabarzon)",14.32966619,120.8999068,"phd",NA,NA,NA,"Canis lupus familiaris","Dog","Domestic","Luzon","Z-14-136","AL_Asian_SEA4"
"Z-14-142",NA,NA,"Canis familiaris",NA,"=""21-Jun-2014""","date_collected","Mercedes Homes 3","Binan","Laguna-Bay","Laguna","Laguna","Calabarzon","Region IV-A (Calabarzon)",14.30526494,121.0647852,"phd",NA,NA,NA,"Canis lupus familiaris","Dog","Domestic","Luzon","Z-14-142","AL_Asian_SEA4"
"Z-14-182",NA,NA,"Canis familiaris",NA,"=""20-Aug-2014""","date_collected","San Francisco","Pulilan","Bulacan-Pulilan","Bulacan","Bulacan","Central Luzon","Region III (Central Luzon)",14.91386664,120.8556301,"phd",NA,NA,NA,"Canis lupus familiaris","Dog","Domestic","Luzon","Z-14-182","AL_Asian_SEA4"
"Z-14-243",NA,NA,"Canis familiaris",NA,"=""13-Nov-2014""","date_collected","Bubukal St.","Santa Cruz","Laguna-Santa Cruz","Laguna","Laguna","Calabarzon","Region IV-A (Calabarzon)",14.26443013,121.4040122,"phd",NA,NA,NA,"Canis lupus familiaris","Dog","Domestic","Luzon","Z-14-243","AL_Asian_SEA4"
"Z-15-001",NA,NA,"Canis familiaris",NA,"=""01-Jan-2015""","date_collected","Bagumbayan","Pililla","Rizal-Pililla","Rizal","Rizal","Calabarzon","Region IV-A (Calabarzon)",14.4548703,121.3449535,"phd",NA,NA,NA,"Canis lupus familiaris","Dog","Domestic","Luzon","Z-15-001","AL_Asian_SEA4"
"Z-15-009",NA,NA,"Canis familiaris",NA,"=""16-Jan-2015""","date_collected","South Triangle","Quezon City","Metropolitan Manila-Quezon City","Metropolitan Manila","Metropolitan Manila","National Capital Region (NCR)","National Capital Region (NCR)",14.67428047,121.0574986,"phd",NA,NA,NA,"Canis lupus familiaris","Dog","Domestic","Luzon","Z-15-009","AL_Asian_SEA4"
"Z-15-163",NA,NA,"Canis familiaris",NA,"=""05-Sep-2015""","date_collected","Panapaan 8","Bacoor","Cavite-Bacoor","Cavite","Cavite","Calabarzon","Region IV-A (Calabarzon)",14.41614393,120.9704734,"phd",NA,NA,NA,"Canis lupus familiaris","Dog","Domestic","Luzon","Z-15-163","AL_Asian_SEA4"
"Z-16-082",NA,NA,"Canis familiaris",NA,"=""24-May-2016""","date_collected","Caingin","Santa Rosa City","Laguna-Santa Rosa City","Laguna","Laguna","Calabarzon","Region IV-A (Calabarzon)",14.27260264,121.0895167,"phd",NA,NA,NA,"Canis lupus familiaris","Dog","Domestic","Luzon","Z-16-082","AL_Asian_SEA4"
"Z-16-150",NA,NA,"Canis familiaris",NA,"=""05-Sep-2016""","date_collected","Putatan","Muntinlupa","Metropolitan Manila-Muntinlupa","Metropolitan Manila","Metropolitan Manila","National Capital Region (NCR)","National Capital Region (NCR)",14.40197636,121.0327847,"phd",NA,NA,NA,"Canis lupus familiaris","Dog","Domestic","Luzon","Z-16-150","AL_Asian_SEA4"
"Z-16-151",NA,NA,"Canis familiaris",NA,"=""05-Sep-2016""","date_collected","-","Carmona","Cavite-Carmona","Cavite","Cavite","Calabarzon","Region IV-A (Calabarzon)",14.29896527,121.0371349,"phd",NA,NA,NA,"Canis lupus familiaris","Dog","Domestic","Luzon","Z-16-151","AL_Asian_SEA4"
"Z-16-196",NA,NA,"Canis familiaris",NA,"=""23-Nov-2016""","date_collected","Sampaloc","Dasmariñas","Cavite-Dasmariñas","Cavite","Cavite","Calabarzon","Region IV-A (Calabarzon)",14.31850325,120.9657797,"phd",NA,NA,NA,"Canis lupus familiaris","Dog","Domestic","Luzon","Z-16-196","AL_Asian_SEA4"
"Z-16-209",NA,NA,"Canis familiaris",NA,"=""14-Dec-2016""","date_collected","Pahinga Sur","Candelaria","Quezon-Candelaria","Quezon","Quezon","Calabarzon","Region IV-A (Calabarzon)",13.94085961,121.4302409,"phd",NA,NA,NA,"Canis lupus familiaris","Dog","Domestic","Luzon","Z-16-209","AL_Asian_SEA4"
"Z-16-210",NA,NA,"Canis familiaris",NA,"=""16-Dec-2016""","date_collected","Almanza 2","Las Piñas","Metropolitan Manila-Las Piñas","Metropolitan Manila","Metropolitan Manila","National Capital Region (NCR)","National Capital Region (NCR)",14.4423825,120.9940879,"phd",NA,NA,NA,"Canis lupus familiaris","Dog","Domestic","Luzon","Z-16-210","AL_Asian_SEA4"
"Z-16-211",NA,NA,"Canis familiaris",NA,"=""19-Dec-2016""","date_collected","Las Villas De Manila","Binan","Laguna-Bay","Laguna","Laguna","Calabarzon","Region IV-A (Calabarzon)",14.30526494,121.0647852,"phd",NA,NA,NA,"Canis lupus familiaris","Dog","Domestic","Luzon","Z-16-211","AL_Asian_SEA4"
"Z-17-046",NA,NA,"Canis familiaris",NA,"=""06-Mar-2017""","date_collected","Bgy. San Fernando","Santo Tomas","Batangas-Santo Tomas","Batangas","Batangas","Calabarzon","Region IV-A (Calabarzon)",14.07637376,121.1824598,"phd",NA,NA,NA,"Canis lupus familiaris","Dog","Domestic","Luzon","Z-17-046","AL_Asian_SEA4"
"Z-17-174",NA,NA,"Canis familiaris",NA,"=""23-Sep-2017""","date_collected","Poblacion","Muntinlupa","Metropolitan Manila-Muntinlupa","Metropolitan Manila","Metropolitan Manila","National Capital Region (NCR)","National Capital Region (NCR)",14.40197636,121.0327847,"phd",NA,NA,NA,"Canis lupus familiaris","Dog","Domestic","Luzon","Z-17-174","AL_Asian_SEA4"
"Z-17-177",NA,NA,"Canis familiaris",NA,"=""25-Sep-2017""","date_collected","Bgy. Navarro","General Trias","Cavite-General Trias","Cavite","Cavite","Calabarzon","Region IV-A (Calabarzon)",14.32966619,120.8999068,"phd",NA,NA,NA,"Canis lupus familiaris","Dog","Domestic","Luzon","Z-17-177","AL_Asian_SEA4"
"Z-17-193",NA,NA,"Canis familiaris",NA,"=""13-Oct-2017""","date_collected","Binonoan","Infanta","Quezon-Infanta","Quezon","Quezon","Calabarzon","Region IV-A (Calabarzon)",14.71657136,121.650984,"phd",NA,NA,NA,"Canis lupus familiaris","Dog","Domestic","Luzon","Z-17-193","AL_Asian_SEA4"
"Z-17-200",NA,NA,"Canis familiaris",NA,"=""31-Oct-2017""","date_collected","Mamatid","Cabuyao","Laguna-Bay","Laguna","Laguna","Calabarzon","Region IV-A (Calabarzon)",14.24922952,121.121079,"phd",NA,NA,NA,"Canis lupus familiaris","Dog","Domestic","Luzon","Z-17-200","AL_Asian_SEA4"
"Z-17-217",NA,NA,"Canis familiaris",NA,"=""16-Nov-2017""","date_collected","Paliko 4","Imus","Cavite-Imus","Cavite","Cavite","Calabarzon","Region IV-A (Calabarzon)",14.39822975,120.9319992,"phd",NA,NA,NA,"Canis lupus familiaris","Dog","Domestic","Luzon","Z-17-217","AL_Asian_SEA4"
"Z-17-221",NA,NA,"Canis familiaris",NA,"=""28-Nov-2017""","date_collected","Bgy. Nawasa","Noveleta","Cavite-Noveleta","Cavite","Cavite","Calabarzon","Region IV-A (Calabarzon)",14.43119105,120.8796209,"phd",NA,NA,NA,"Canis lupus familiaris","Dog","Domestic","Luzon","Z-17-221","AL_Asian_SEA4"
"Z-17-57",NA,NA,"Canis familiaris",NA,"=""29-Mar-2017""","date_collected","Magbag","San Jose","Occidental Mindoro-San Jose","Occidental Mindoro","Occidental Mindoro","Southwestern Tagalog Region","Mimaropa Region",12.45581677,121.1219622,"phd",NA,NA,NA,"Canis lupus familiaris","Dog","Domestic","Luzon","Z-17-57","AL_Asian_SEA4"
"Z-18-001",NA,NA,"Felis catus",NA,"=""02-Jan-2018""","date_collected","Andrea Vill. I, Panapaan Vi","Bacoor","Cavite-Bacoor","Cavite","Cavite","Calabarzon","Region IV-A (Calabarzon)",14.41614393,120.9704734,"phd",NA,NA,NA,"Felis catus","Cat","Domestic","Luzon","Z-18-001","AL_Asian_SEA4"
"Z-18-114",NA,NA,"Canis familiaris",NA,"=""28-May-2018""","date_collected","Banay-Banay 1St","San Jose","Batangas-San Jose","Batangas","Batangas","Calabarzon","Region IV-A (Calabarzon)",13.87787315,121.0901132,"phd",NA,NA,NA,"Canis lupus familiaris","Dog","Domestic","Luzon","Z-18-114","AL_Asian_SEA4"
"Z-18-159",NA,NA,"Canis familiaris",NA,"=""19-Jul-2018""","date_collected","Sta. Cruz","Guiginto","Bulacan-Guiguinto","Bulacan","Bulacan","Central Luzon","Region III (Central Luzon)",14.83746463,120.8923363,"phd",NA,NA,NA,"Canis lupus familiaris","Dog","Domestic","Luzon","Z-18-159","AL_Asian_SEA4"
"Z-18-224",NA,NA,"Canis familiaris",NA,"=""28-Oct-2018""","date_collected","Camarin Rd.","Kalookan  City","Metropolitan Manila-Taguig","Metropolitan Manila","Metropolitan Manila","National Capital Region (NCR)","National Capital Region (NCR)",14.74647256,121.0486805,"phd",NA,NA,NA,"Canis lupus familiaris","Dog","Domestic","Luzon","Z-18-224","AL_Asian_SEA4"
"Z-18-251",NA,NA,"Canis familiaris",NA,"=""07-Dec-2018""","date_collected","Rpa Enterprises, Don Jose","Santa Rosa City","Laguna-Santa Rosa City","Laguna","Laguna","Calabarzon","Region IV-A (Calabarzon)",14.27260264,121.0895167,"phd",NA,NA,NA,"Canis lupus familiaris","Dog","Domestic","Luzon","Z-18-251","AL_Asian_SEA4"
"Z-19-029",NA,NA,"Canis familiaris",NA,"=""26-Feb-2019""","date_collected","Antipolo Del Sur","Lipa City","Batangas-Lipa City","Batangas","Batangas","Calabarzon","Region IV-A (Calabarzon)",13.94086577,121.1746864,"phd",NA,NA,NA,"Canis lupus familiaris","Dog","Domestic","Luzon","Z-19-029","AL_Asian_SEA4"
"Z-19-123",NA,NA,"Canis familiaris",NA,"=""11-Aug-2019""","date_collected","Anabu 2F","Imus","Cavite-Imus","Cavite","Cavite","Calabarzon","Region IV-A (Calabarzon)",14.39822975,120.9319992,"phd",NA,NA,NA,"Canis lupus familiaris","Dog","Domestic","Luzon","Z-19-123","AL_Asian_SEA4"
"Z-19-136",NA,NA,"Canis familiaris",NA,"=""05-Sep-2019""","date_collected","Canlubang","Calamba City","Laguna-Calamba City","Laguna","Laguna","Calabarzon","Region IV-A (Calabarzon)",14.18862277,121.1242055,"phd",NA,NA,NA,"Canis lupus familiaris","Dog","Domestic","Luzon","Z-19-136","AL_Asian_SEA4"
"Z-19-88",NA,NA,"Canis familiaris",NA,"=""31-May-2019""","date_collected","San Isidro","Angono","Rizal-Angono","Rizal","Rizal","Calabarzon","Region IV-A (Calabarzon)",14.54362773,121.165434,"phd",NA,NA,NA,"Canis lupus familiaris","Dog","Domestic","Luzon","Z-19-88","AL_Asian_SEA4"
"Z-20-01",NA,NA,"Canis familiaris",NA,"=""03-Jan-2020""","date_collected","Meadowood Subd.,Panapaan 8","Bacoor","Cavite-Bacoor","Cavite","Cavite","Calabarzon","Region IV-A (Calabarzon)",14.41614393,120.9704734,"phd",NA,NA,NA,"Canis lupus familiaris","Dog","Domestic","Luzon","Z-20-01","AL_Asian_SEA4"
"Z-20-110",NA,NA,"Canis familiaris",NA,"=""23-Oct-2020""","date_collected","Pacita Complex 1, San Vicente","San Pedro","Laguna-San Pedro","Laguna","Laguna","Calabarzon","Region IV-A (Calabarzon)",14.34936983,121.0384844,"phd",NA,NA,NA,"Canis lupus familiaris","Dog","Domestic","Luzon","Z-20-110","AL_Asian_SEA4"
"Z-20-24",NA,NA,"Canis familiaris",NA,"=""14-Feb-2020""","date_collected","Bayanan","Muntinlupa","Metropolitan Manila-Muntinlupa","Metropolitan Manila","Metropolitan Manila","National Capital Region (NCR)","National Capital Region (NCR)",14.40197636,121.0327847,"phd",NA,NA,NA,"Canis lupus familiaris","Dog","Domestic","Luzon","Z-20-24","AL_Asian_SEA4"
"Z-20-33",NA,NA,"Canis familiaris",NA,"=""18-Feb-2020""","date_collected","F.B. Harizon Edsa","Pasay  City","Metropolitan Manila-Pasay City","Metropolitan Manila","Metropolitan Manila","National Capital Region (NCR)","National Capital Region (NCR)",14.53080944,121.0041508,"phd",NA,NA,NA,"Canis lupus familiaris","Dog","Domestic","Luzon","Z-20-33","AL_Asian_SEA4"
"Z-20-51",NA,NA,"Canis familiaris",NA,"=""02-Mar-2020""","date_collected","Herald Village Subd.","Angono","Rizal-Angono","Rizal","Rizal","Calabarzon","Region IV-A (Calabarzon)",14.54362773,121.165434,"phd",NA,NA,NA,"Canis lupus familiaris","Dog","Domestic","Luzon","Z-20-51","AL_Asian_SEA4"
"Z-22-103",NA,NA,"Canis familiaris",NA,"=""21-Nov-2022""","date_collected","Paroyhog","Santa Maria","Romblon-Santa Maria","Romblon","Romblon","Southwestern Tagalog Region","Mimaropa Region",12.40310216,122.0836566,"phd",NA,NA,NA,"Canis lupus familiaris","Dog","Domestic","Luzon","Z-22-103","AL_Asian_SEA4"
"Z-22-119",NA,NA,"Canis familiaris",NA,"=""28-Dec-2022""","date_collected","Tulay","Odiongan","Romblon-Odiongan","Romblon","Romblon","Southwestern Tagalog Region","Mimaropa Region",12.39865996,122.0177701,"phd",NA,NA,NA,"Canis lupus familiaris","Dog","Domestic","Luzon","Z-22-119","AL_Asian_SEA4"
"Z-22-121",NA,NA,"Canis familiaris",NA,"=""19-Dec-2022""","date_collected","Carmen","San Agustin","Romblon-San Agustin","Romblon","Romblon","Southwestern Tagalog Region","Mimaropa Region",12.55403552,122.1124048,"phd",NA,NA,NA,"Canis lupus familiaris","Dog","Domestic","Luzon","Z-22-121","AL_Asian_SEA4"
"Z-23-01",NA,NA,"Canis familiaris",NA,"=""03-Jan-2023""","date_collected","Balibago","Santa Rosa City","Laguna-Santa Rosa City","Laguna","Laguna","Calabarzon","Region IV-A (Calabarzon)",14.27260264,121.0895167,"phd",NA,NA,NA,"Canis lupus familiaris","Dog","Domestic","Luzon","Z-23-01","AL_Asian_SEA4"
"Z-23-01Sa",NA,NA,"Canis familiaris",NA,"=""03-Jan-2023""","date_collected","Balibago","Santa Rosa City","Laguna-Santa Rosa City","Laguna","Laguna","Calabarzon","Region IV-A (Calabarzon)",14.27260264,121.0895167,"phd",NA,NA,NA,"Canis lupus familiaris","Dog","Domestic","Luzon","Z-23-01Sa","AL_Asian_SEA4"
"Z-98-1061",NA,NA,"Canis familiaris",NA,"=""05-Aug-1998""","date_collected","Tejero","General Trias","Cavite-General Trias","Cavite","Cavite","Calabarzon","Region IV-A (Calabarzon)",14.32966619,120.8999068,"phd",NA,NA,NA,"Canis lupus familiaris","Dog","Domestic","Luzon","Z-98-1061","AL_Asian_SEA4"
"Z-98-285",NA,NA,"Canis familiaris",NA,"=""18-Mar-1998""","date_collected","-","San Pablo City","Laguna-San Pablo City","Laguna","Laguna","Calabarzon","Region IV-A (Calabarzon)",14.05146733,121.3315598,"phd",NA,NA,NA,"Canis lupus familiaris","Dog","Domestic","Luzon","Z-98-285","AL_Asian_SEA4"
"Z-98-286",NA,NA,"Canis familiaris",NA,"=""19-Mar-1998""","date_collected","Tayuman","Mulanay","Quezon-Mulanay","Quezon","Quezon","Calabarzon","Region IV-A (Calabarzon)",13.52552491,122.4578973,"phd",NA,NA,NA,"Canis lupus familiaris","Dog","Domestic","Luzon","Z-98-286","AL_Asian_SEA4"
"Z-98-433",NA,NA,"Canis familiaris",NA,"=""30-Apr-1998""","date_collected","Palamitan","Kawit","Cavite-Kawit","Cavite","Cavite","Calabarzon","Region IV-A (Calabarzon)",14.44475736,120.9012276,"phd",NA,NA,NA,"Canis lupus familiaris","Dog","Domestic","Luzon","Z-98-433","AL_Asian_SEA4"
"Z-98-454",NA,NA,"Canis familiaris",NA,"=""04-May-1998""","date_collected","Betterliving Subd","Parañaque","Metropolitan Manila-Parañaque","Metropolitan Manila","Metropolitan Manila","National Capital Region (NCR)","National Capital Region (NCR)",14.48357034,121.0147858,"phd",NA,NA,NA,"Canis lupus familiaris","Dog","Domestic","Luzon","Z-98-454","AL_Asian_SEA4"
"Z-98-515",NA,NA,"Canis familiaris",NA,"=""20-May-1998""","date_collected","Cupang","Muntinlupa","Metropolitan Manila-Muntinlupa","Metropolitan Manila","Metropolitan Manila","National Capital Region (NCR)","National Capital Region (NCR)",14.40197636,121.0327847,"phd",NA,NA,NA,"Canis lupus familiaris","Dog","Domestic","Luzon","Z-98-515","AL_Asian_SEA4"
"Z-98-616",NA,NA,"Canis familiaris",NA,"=""18-Jun-1998""","date_collected","-","San Miguel","Bulacan-San Miguel","Bulacan","Bulacan","Central Luzon","Region III (Central Luzon)",15.17310142,121.0401182,"phd",NA,NA,NA,"Canis lupus familiaris","Dog","Domestic","Luzon","Z-98-616","AL_Asian_SEA4"
"Z-98-718",NA,NA,"Canis familiaris",NA,"=""13-Jul-1998""","date_collected","Maraykid","San Juan","Batangas-Bauan","Batangas","Batangas","Calabarzon","Region IV-A (Calabarzon)",13.75727426,121.3908944,"phd",NA,NA,NA,"Canis lupus familiaris","Dog","Domestic","Luzon","Z-98-718","AL_Asian_SEA4"
"Z-98-780",NA,NA,"Canis familiaris",NA,"=""25-Jul-1998""","date_collected","San Miguel","Alaminos","Laguna-Alaminos","Laguna","Laguna","Calabarzon","Region IV-A (Calabarzon)",14.04459696,121.2475488,"phd",NA,NA,NA,"Canis lupus familiaris","Dog","Domestic","Luzon","Z-98-780","AL_Asian_SEA4"
"Z-98-838",NA,NA,"Canis familiaris",NA,"=""09-Aug-1998""","date_collected","Upper Bicutan","Taguig","Metropolitan Manila-Taguig","Metropolitan Manila","Metropolitan Manila","National Capital Region (NCR)","National Capital Region (NCR)",14.51469695,121.0660524,"phd",NA,NA,NA,"Canis lupus familiaris","Dog","Domestic","Luzon","Z-98-838","AL_Asian_SEA4"
"Z-98-860",NA,NA,"Canis familiaris",NA,"=""14-Aug-1998""","date_collected","-","San Francisco","Quezon-San Francisco","Quezon","Quezon","Calabarzon","Region IV-A (Calabarzon)",13.29448721,122.5720534,"phd",NA,NA,NA,"Canis lupus familiaris","Dog","Domestic","Luzon","Z-98-860","AL_Asian_SEA4"
"RADDL1-16-154",NA,NA,"Dog",NA,"=""21-Jul-2016""","date_collected","Torac, Malay","San Carlos City","Pangasinan-San Carlos City","Pangasinan","Pangasinan","Ilocos Region (I)","Region I (Ilocos Region)",NA,NA,"2018_workshop",NA,NA,NA,"Canis lupus familiaris","Dog","Domestic","Luzon","RADDL1-16-154","AL_Asian_SEA4"
"RADDL3-1038",NA,NA,"Dog",NA,"=""22-Oct-2015""","date_collected","CM Recto","Angeles City","Pampanga-Angeles City","Pampanga","Pampanga","Central Luzon (III)","Region III (Central Luzon)",NA,NA,"2018_workshop",NA,NA,NA,"Canis lupus familiaris","Dog","Domestic","Luzon","RADDL3-1038","AL_Asian_SEA4"
"REGION_5_2018-50",NA,NA,"Dog",NA,"=""20-Dec-2018""","date_collected","BASAG","LIGAO","Albay-Oas","ALBAY","Albay","Bicol (V)","Region V (Bicol Region)",NA,NA,"2018_workshop",NA,NA,NA,"Canis lupus familiaris","Dog","Domestic","Luzon","REGION_5_2018-50","AL_Asian_SEA4"
"REGION_5_2018-100",NA,NA,"Dog",NA,"=""27-Mar-2018""","date_collected","ZONE 1","LIBON","Albay-Libon","ALBAY","Albay","Bicol (V)","Region V (Bicol Region)",NA,NA,"2018_workshop",NA,NA,NA,"Canis lupus familiaris","Dog","Domestic","Luzon","REGION_5_2018-100","AL_Asian_SEA4"
"REGION_5_2018-304",NA,NA,"Dog",NA,"=""25-Oct-2018""","date_collected","SAN ROQUE","DARAGA","Albay-Daraga","ALBAY","Albay","Bicol (V)","Region V (Bicol Region)",NA,NA,"2018_workshop",NA,NA,NA,"Canis lupus familiaris","Dog","Domestic","Luzon","REGION_5_2018-304","AL_Asian_SEA4"
"REGION_5_2018-311",NA,NA,"Dog",NA,"=""13-Nov-2018""","date_collected","BARIIS","TIWI","Albay-Tiwi","ALBAY","Albay","Bicol (V)","Region V (Bicol Region)",NA,NA,"2018_workshop",NA,NA,NA,"Canis lupus familiaris","Dog","Domestic","Luzon","REGION_5_2018-311","AL_Asian_SEA4"
"REGION_5_2019-1",NA,NA,"Dog",NA,"=""20-Mar-2019""","date_collected","PANAL","TABACO","Albay-Oas","ALBAY","Albay","Bicol (V)","Region V (Bicol Region)",NA,NA,"2018_workshop",NA,NA,NA,"Canis lupus familiaris","Dog","Domestic","Luzon","REGION_5_2019-1","AL_Asian_SEA4"
"REGION_5_2019-13",NA,NA,"Dog",NA,"=""17-Jan-2019""","date_collected","BATANG","LIGAO","Albay-Oas","ALBAY","Albay","Bicol (V)","Region V (Bicol Region)",NA,NA,"2018_workshop",NA,NA,NA,"Canis lupus familiaris","Dog","Domestic","Luzon","REGION_5_2019-13","AL_Asian_SEA4"
"Z-12-001",NA,NA,"Dog",NA,"=""20-Jan-2012""","date_collected","Sinalhan","Sta. Rosa City","Laguna-Santa Rosa City","Laguna","Laguna","Calabarzon (IV-A)","Region IV-A (Calabarzon)",NA,NA,"2018_workshop",NA,NA,NA,"Canis lupus familiaris","Dog","Domestic","Luzon","Z-12-001","AL_Asian_SEA4"
"Z-12-088",NA,NA,"Dog",NA,"=""29-Mar-2012""","date_collected","TS Cruz Subd.","Las Pinas City","Metropolitan Manila-Pasay City","Metropolitan Manila","Metropolitan Manila","National Capital Region (NCR)","National Capital Region (NCR)",NA,NA,"2018_workshop; manual_correction",NA,NA,NA,"Canis lupus familiaris","Dog","Domestic","Luzon","Z-12-088","AL_Asian_SEA4"
"Z-12-118",NA,NA,"Dog",NA,"=""31-May-2012""","date_collected","Bacao 2","Gen. Trias","Cavite-Imus","Cavite","Cavite","Calabarzon (IV-A)","Region IV-A (Calabarzon)",NA,NA,"2018_workshop",NA,NA,NA,"Canis lupus familiaris","Dog","Domestic","Luzon","Z-12-118","AL_Asian_SEA4"
"Z-12-134",NA,NA,"Dog",NA,"=""18-Jun-2012""","date_collected","Pag-asa","Imus","Cavite-Imus","Cavite","Cavite","Calabarzon (IV-A)","Region IV-A (Calabarzon)",NA,NA,"2018_workshop",NA,NA,NA,"Canis lupus familiaris","Dog","Domestic","Luzon","Z-12-134","AL_Asian_SEA4"
"Z-12-212",NA,NA,"Dog",NA,"=""20-Apr-2012""","date_collected","-","Bauan","Batangas-Tuy","Batangas","Batangas","Calabarzon (IV-A)","Region IV-A (Calabarzon)",NA,NA,"2018_workshop",NA,NA,NA,"Canis lupus familiaris","Dog","Domestic","Luzon","Z-12-212","AL_Asian_SEA4"
"Z-13-002",NA,NA,"Dog",NA,"=""20-Feb-2013""","date_collected","BF International","Las Pinas City","Metropolitan Manila-Pasay City","Metropolitan Manila","Metropolitan Manila","National Capital Region (NCR)","National Capital Region (NCR)",NA,NA,"2018_workshop; manual_correction",NA,NA,NA,"Canis lupus familiaris","Dog","Domestic","Luzon","Z-13-002","AL_Asian_SEA4"
"Z-13-009",NA,NA,"Dog",NA,"=""19-Jan-2013""","date_collected","Paradahan I","Tanza","Cavite-Tanza","Cavite","Cavite","Calabarzon (IV-A)","Region IV-A (Calabarzon)",NA,NA,"2018_workshop",NA,NA,NA,"Canis lupus familiaris","Dog","Domestic","Luzon","Z-13-009","AL_Asian_SEA4"
"Z-14-138",NA,NA,"Dog",NA,"=""16-Jun-2014""","date_collected","Seacom Compd., Sucat","Paranaque City","Metropolitan Manila-Quezon City","Metropolitan Manila","Metropolitan Manila","National Capital Region (NCR)","National Capital Region (NCR)",NA,NA,"2018_workshop; manual_correction",NA,NA,NA,"Canis lupus familiaris","Dog","Domestic","Luzon","Z-14-138","AL_Asian_SEA4"
"Z-14-146",NA,NA,"Dog",NA,"=""26-Jun-2014""","date_collected","Sampaga Centro","Batangas City","Batangas-Lian","Batangas","Batangas","Calabarzon (IV-A)","Region IV-A (Calabarzon)",NA,NA,"2018_workshop",NA,NA,NA,"Canis lupus familiaris","Dog","Domestic","Luzon","Z-14-146","AL_Asian_SEA4"
"Z-14-149",NA,NA,"Dog",NA,"=""28-Jun-2014""","date_collected","San Rafael","San Pablo City","Laguna-San Pablo City","Laguna","Laguna","Calabarzon (IV-A)","Region IV-A (Calabarzon)",NA,NA,"2018_workshop",NA,NA,NA,"Canis lupus familiaris","Dog","Domestic","Luzon","Z-14-149","AL_Asian_SEA4"
"Z-14-152",NA,NA,"Dog",NA,"=""20-Feb-2014""","date_collected","Tipas","Taguig City","Metropolitan Manila-Pasig City","Metropolitan Manila","Metropolitan Manila","National Capital Region (NCR)","National Capital Region (NCR)",NA,NA,"2018_workshop; manual_correction",NA,NA,NA,"Canis lupus familiaris","Dog","Domestic","Luzon","Z-14-152","AL_Asian_SEA4"
"Z-15-019",NA,NA,"Dog",NA,"=""28-Jan-2015""","date_collected","Multinational Vill.","Paranaque City","Metropolitan Manila-Quezon City","Metropolitan Manila","Metropolitan Manila","National Capital Region (NCR)","National Capital Region (NCR)",NA,NA,"2018_workshop; manual_correction",NA,NA,NA,"Canis lupus familiaris","Dog","Domestic","Luzon","Z-15-019","AL_Asian_SEA4"
"Z-15-116",NA,NA,"Dog",NA,"=""17-Jun-2015""","date_collected","Purok 6, Landayan","San Pedro","Laguna-San Pedro","Laguna","Laguna","Calabarzon (IV-A)","Region IV-A (Calabarzon)",NA,NA,"2018_workshop",NA,NA,NA,"Canis lupus familiaris","Dog","Domestic","Luzon","Z-15-116","AL_Asian_SEA4"
"Z-15-130",NA,NA,"Dog",NA,"=""20-Jun-2015""","date_collected","Pinagtipunan","Gen. Trias","Cavite-Imus","Cavite","Cavite","Calabarzon (IV-A)","Region IV-A (Calabarzon)",NA,NA,"2018_workshop",NA,NA,NA,"Canis lupus familiaris","Dog","Domestic","Luzon","Z-15-130","AL_Asian_SEA4"
"Z-15-148",NA,NA,"Dog",NA,"=""20-Apr-2015""","date_collected","Upper Bicutan","Taguig","Metropolitan Manila-Taguig","Metropolitan Manila","Metropolitan Manila","National Capital Region (NCR)","National Capital Region (NCR)",NA,NA,"2018_workshop; manual_correction",NA,NA,NA,"Canis lupus familiaris","Dog","Domestic","Luzon","Z-15-148","AL_Asian_SEA4"
"Z-15-185",NA,NA,"Dog",NA,"=""18-Oct-2015""","date_collected","San Dionisio","Paranaque City","Metropolitan Manila-Quezon City","Metropolitan Manila","Metropolitan Manila","National Capital Region (NCR)","National Capital Region (NCR)",NA,NA,"2018_workshop; manual_correction",NA,NA,NA,"Canis lupus familiaris","Dog","Domestic","Luzon","Z-15-185","AL_Asian_SEA4"
"Z-16-013",NA,NA,"Dog",NA,"=""16-Jan-2016""","date_collected","PEA 2A, Langgam","San Pedro","Laguna-San Pedro","Laguna","Laguna","Calabarzon (IV-A)","Region IV-A (Calabarzon)",NA,NA,"2018_workshop",NA,NA,NA,"Canis lupus familiaris","Dog","Domestic","Luzon","Z-16-013","AL_Asian_SEA4"
"Z-16-159",NA,NA,"Dog",NA,"=""20-Dec-2016""","date_collected","Capipisa","Tanza","Cavite-Tanza","Cavite","Cavite","Calabarzon (IV-A)","Region IV-A (Calabarzon)",NA,NA,"2018_workshop",NA,NA,NA,"Canis lupus familiaris","Dog","Domestic","Luzon","Z-16-159","AL_Asian_SEA4"
"Z-16-186",NA,NA,"Dog",NA,"=""20-Mar-2016""","date_collected","Woodrow Subd.,Bgy. Pasig","Antipolo City","Rizal-Antipolo City","Rizal","Rizal","Calabarzon (IV-A)","Region IV-A (Calabarzon)",NA,NA,"2018_workshop",NA,NA,NA,"Canis lupus familiaris","Dog","Domestic","Luzon","Z-16-186","AL_Asian_SEA4"
