"tip","distance","Sample_ID","Case_no","Accession","Host","Sample_type","Preferred_date","Date_source","Barangay","Municipality","Municipality_std","Province","Province_std","Region","Region_std","Latitude","Longitude","Source","Author","Pubmed","Genome_coverage","Host_scientific","Host_common","Host_type","Major_Island","decimal_date"
"RADDL4B-24-183",0.032070814,"RADDL4B-24-183","M-127",NA,"Dog",NA,2024-11-20,"date_collected","Tawiran","Santa Cruz","Marinduque-Santa Cruz","Marinduque","Marinduque","MIMIROPA","Mimaropa Region",13.462624,122.076691,"speedier",NA,NA,0.9325,"Canis lupus familiaris","Dog","Domestic","Luzon",2024.88524590164
"RADDL4B-24-076",0.032448644,"RADDL4B-24-076","M-84",NA,"Dog",NA,2024-07-20,"date_collected","Barangay I","Buenavista","Marinduque-Buenavista","Marinduque","Marinduque","MIMIROPA","Mimaropa Region",13.2559971,121.9418071,"speedier",NA,NA,0.9884,"Canis lupus familiaris","Dog","Domestic","Luzon",2024.54918032787
"RADDL4B-24-106",0.031739756,"RADDL4B-24-106","M-104",NA,"Dog",NA,2024-03-20,"date_collected","Daykitin","Buenavista","Marinduque-Buenavista","Marinduque","Marinduque","MIMIROPA","Mimaropa Region",13.27382681,121.9228134,"speedier",NA,NA,0.9885,"Canis lupus familiaris","Dog","Domestic","Luzon",2024.21584699454
"RADDL4B-24-074",0.031916056,"RADDL4B-24-074","M-82",NA,"Dog",NA,2024-11-20,"date_collected","Caigangan","Buenavista","Marinduque-Buenavista","Marinduque","Marinduque","MIMIROPA","Mimaropa Region",13.26212226,121.9342731,"speedier",NA,NA,0.9889,"Canis lupus familiaris","Dog","Domestic","Luzon",2024.88524590164
"RADDL4B-24-078",0.032408047,"RADDL4B-24-078","M-86",NA,"Dog",NA,2024-12-20,"date_collected","Barangay II","Buenavista","Marinduque-Buenavista","Marinduque","Marinduque","MIMIROPA","Mimaropa Region",13.25463205,121.9448458,"speedier",NA,NA,0.9884,"Canis lupus familiaris","Dog","Domestic","Luzon",2024.96721311475
"RADDL4B-25-008",0.032550283,"RADDL4B-25-008","M-140",NA,"Cow",NA,2025-01-04,"date_collected","Bocboc","Mogpog","Marinduque-Mogpog","Marinduque","Marinduque","MIMIROPA","Mimaropa Region",13.471229,121.931534,"speedier",NA,NA,0.9539,"Bos taurus","Cow","Livestock","Luzon",2025.00821917808
"RADDL4B-24-038",0.032194088,"RADDL4B-24-038","M-59",NA,"Dog",NA,2024-03-05,"date_collected","Barangay I","Buenavista","Marinduque-Buenavista","Marinduque","Marinduque","MIMIROPA","Mimaropa Region",13.2559971,121.9418071,"speedier",NA,NA,0.988,"Canis lupus familiaris","Dog","Domestic","Luzon",2024.17486338798
"RADDL4B-24-002",0.03228846,"RADDL4B-24-002","M-30",NA,"Dog",NA,2024-01-09,"date_collected","Malusak","Boac","Marinduque-Boac","Marinduque","Marinduque","MIMIROPA","Mimaropa Region",13.44708203,121.8412843,"speedier",NA,NA,0.9883,"Canis lupus familiaris","Dog","Domestic","Luzon",2024.0218579235
"RADDL4B-24-028",0.032376364,"RADDL4B-24-028","M-51",NA,"Dog",NA,2024-02-14,"date_collected","Masiga","Gasan","Marinduque-Gasan","Marinduque","Marinduque","MIMIROPA","Mimaropa Region",13.35871898,121.8255082,"speedier",NA,NA,0.9884,"Canis lupus familiaris","Dog","Domestic","Luzon",2024.12021857923
"RADDL4B-25-006",0.033108031,"RADDL4B-25-006","M-138",NA,"Dog",NA,2024-12-20,"date_collected","Ihatub","Boac","Marinduque-Boac","Marinduque","Marinduque","MIMIROPA","Mimaropa Region",13.425975,121.829941,"speedier",NA,NA,0.9537,"Canis lupus familiaris","Dog","Domestic","Luzon",2024.96721311475
"RADDL4B-25-005",0.033189615,"RADDL4B-25-005","M-137",NA,"Dog",NA,2024-12-17,"date_collected","Bahi","Gasan","Marinduque-Gasan","Marinduque","Marinduque","MIMIROPA","Mimaropa Region",13.368669,121.834976,"speedier",NA,NA,0.9537,"Canis lupus familiaris","Dog","Domestic","Luzon",2024.95901639344
"RADDL4B-25-009",0.034040743,"RADDL4B-25-009","M-141",NA,"Dog",NA,2025-01-09,"date_collected","Bunganay","Boac","Marinduque-Boac","Marinduque","Marinduque","MIMIROPA","Mimaropa Region",13.397696,121.847771,"speedier",NA,NA,0.9313,"Canis lupus familiaris","Dog","Domestic","Luzon",2025.02191780822
"RADDL4B-23-094",0.033094359,"RADDL4B-23-094","M-21",NA,"Dog",NA,2023-11-28,"date_collected","Maligaya","Boac","Marinduque-Boac","Marinduque","Marinduque","MIMIROPA","Mimaropa Region",13.47444205,121.840682,"speedier",NA,NA,0.9146832048,"Canis lupus familiaris","Dog","Domestic","Luzon",2023.90684931507
"RADDL4B-24-121",0.032482861,"RADDL4B-24-121","M-107",NA,"Dog",NA,2024-09-20,"date_collected","Barangay II","Buenavista","Marinduque-Buenavista","Marinduque","Marinduque","MIMIROPA","Mimaropa Region",13.25463205,121.9448458,"speedier",NA,NA,0.9882,"Canis lupus familiaris","Dog","Domestic","Luzon",2024.71857923497
"RADDL4B-24-048",0.032294592,"RADDL4B-24-048","M-62",NA,"Dog",NA,2024-03-07,"date_collected","Daykitin","Buenavista","Marinduque-Buenavista","Marinduque","Marinduque","MIMIROPA","Mimaropa Region",13.27382681,121.9228134,"speedier",NA,NA,0.9497988602,"Canis lupus familiaris","Dog","Domestic","Luzon",2024.18032786885
"RADDL4B-24-012",0.032360987,"RADDL4B-24-012","M-40",NA,"Dog",NA,2024-01-25,"date_collected","Poblacion","Torrijos","Marinduque-Torrijos","Marinduque","Marinduque","MIMIROPA","Mimaropa Region",13.32381038,122.0762274,"speedier",NA,NA,0.9713,"Canis lupus familiaris","Dog","Domestic","Luzon",2024.06557377049
"RADDL4B-24-001",0.032623571,"RADDL4B-24-001","M-29",NA,"Dog",NA,2024-01-05,"date_collected","Dampulan","Torrijos","Marinduque-Torrijos","Marinduque","Marinduque","MIMIROPA","Mimaropa Region",13.23584673,122.0313094,"speedier",NA,NA,0.9891,"Canis lupus familiaris","Dog","Domestic","Luzon",2024.01092896175
"RADDL4B-24-013",0.032809924,"RADDL4B-24-013","M-34",NA,"Dog",NA,2024-01-16,"date_collected","Buangan","Torrijos","Marinduque-Torrijos","Marinduque","Marinduque","MIMIROPA","Mimaropa Region",13.31305087,122.0537056,"speedier",NA,NA,0.9503855179,"Canis lupus familiaris","Dog","Domestic","Luzon",2024.04098360656
"RADDL4B-24-151",0.033288639,"RADDL4B-24-151","M-124",NA,"Dog",NA,2024-07-08,"date_collected","Angas","Santa Cruz","Marinduque-Santa Cruz","Marinduque","Marinduque","MIMIROPA","Mimaropa Region",13.440175,122.105919,"speedier",NA,NA,0.9144317801,"Canis lupus familiaris","Dog","Domestic","Luzon",2024.51639344262
"RADDL4B-24-056",0.033326779,"RADDL4B-24-056","M-68",NA,"Dog",NA,2024-03-26,"date_collected","Barangay 1","Buenavista","Marinduque-Buenavista","Marinduque","Marinduque","MIMIROPA","Mimaropa Region",13.2559971,121.9418071,"speedier",NA,NA,0.9892,"Canis lupus familiaris","Dog","Domestic","Luzon",2024.23224043716
"RADDL4B-24-082",0.033460225,"RADDL4B-24-082","M-89",NA,"Dog",NA,2024-04-18,"date_collected","Mahunig","Gasan","Marinduque-Gasan","Marinduque","Marinduque","MIMIROPA","Mimaropa Region",13.31497743,121.8549846,"speedier",NA,NA,0.9884,"Canis lupus familiaris","Dog","Domestic","Luzon",2024.29508196721
"RADDL4B-24-027",0.033338574,"RADDL4B-24-027","M-52",NA,"Dog",NA,2024-02-14,"date_collected","Daykitin","Buenavista","Marinduque-Buenavista","Marinduque","Marinduque","MIMIROPA","Mimaropa Region",13.27382681,121.9228134,"speedier",NA,NA,0.9716,"Canis lupus familiaris","Dog","Domestic","Luzon",2024.12021857923
"RADDL4B-23-057",0.033592447,"RADDL4B-23-057","M-1",NA,"Pig",NA,2023-09-24,"date_collected","Apitong","Boac","Marinduque-Boac","Marinduque","Marinduque","MIMIROPA","Mimaropa Region",13.45365494,121.8709323,"speedier",NA,NA,0.9887,"Sus scrofa domesticus","Pig","Livestock","Luzon",2023.72876712329
"RADDL4B-24-087",0.033061117,"RADDL4B-24-087","M-94",NA,"Dog",NA,2024-04-21,"date_collected","Marlangga","Torrijos","Marinduque-Torrijos","Marinduque","Marinduque","MIMIROPA","Mimaropa Region",13.33186615,122.0865576,"speedier",NA,NA,0.9712,"Canis lupus familiaris","Dog","Domestic","Luzon",2024.30327868852
"RADDL4B-24-124",0.033504331,"RADDL4B-24-124","M-110",NA,"Dog",NA,2024-05-13,"date_collected","Yook","Buenavista","Marinduque-Buenavista","Marinduque","Marinduque","MIMIROPA","Mimaropa Region",13.22428692,121.9851771,"speedier",NA,NA,0.9889,"Canis lupus familiaris","Dog","Domestic","Luzon",2024.36338797814
"RADDL4B-24-180",0.03385957,"RADDL4B-24-180","M-131",NA,"Dog",NA,2024-08-22,"date_collected","Sawi","Boac","Marinduque-Boac","Marinduque","Marinduque","MIMIROPA","Mimaropa Region",13.440701,121.854599,"speedier",NA,NA,0.9884,"Canis lupus familiaris","Dog","Domestic","Luzon",2024.6393442623
"RADDL4B-24-178",0.032889029,"RADDL4B-24-178","M-132",NA,"Dog",NA,2024-07-15,"date_collected","Barangay I","Buenavista","Marinduque-Buenavista","Marinduque","Marinduque","MIMIROPA","Mimaropa Region",13.255314,121.940796,"speedier",NA,NA,0.9875,"Canis lupus familiaris","Dog","Domestic","Luzon",2024.53551912568
"RADDL4B-24-055",0.032444956,"RADDL4B-24-055","M-67",NA,"Dog",NA,2024-03-21,"date_collected","Barangay 2","Buenavista","Marinduque-Buenavista","Marinduque","Marinduque","MIMIROPA","Mimaropa Region",13.25463205,121.9448458,"speedier",NA,NA,0.9888,"Canis lupus familiaris","Dog","Domestic","Luzon",2024.21857923497
"RADDL4B-24-077",0.03262183,"RADDL4B-24-077","M-85",NA,"Dog",NA,2024-11-20,"date_collected","Bicas-Bicas","Buenavista","Marinduque-Buenavista","Marinduque","Marinduque","MIMIROPA","Mimaropa Region",13.24157594,122.0002222,"speedier",NA,NA,0.9887,"Canis lupus familiaris","Dog","Domestic","Luzon",2024.88524590164
"RADDL4B-23-060",0.033068233,"RADDL4B-23-060","M-2",NA,"Dog",NA,2023-10-06,"date_collected","Balogo","Boac","Marinduque-Boac","Marinduque","Marinduque","MIMIROPA","Mimaropa Region",13.46850874,121.8289235,"speedier",NA,NA,0.9716,"Canis lupus familiaris","Dog","Domestic","Luzon",2023.76164383562
"RADDL4B-24-026",0.033310185,"RADDL4B-24-026","M-53",NA,"Dog",NA,2024-02-16,"date_collected","Bangbangalon","Boac","Marinduque-Boac","Marinduque","Marinduque","MIMIROPA","Mimaropa Region",13.43848981,121.8276107,"speedier",NA,NA,0.972,"Canis lupus familiaris","Dog","Domestic","Luzon",2024.12568306011
"RADDL4B-24-067",0.031916639,"RADDL4B-24-067","M-75",NA,"Dog",NA,2024-02-20,"date_collected","Cabugao","Gasan","Marinduque-Gasan","Marinduque","Marinduque","MIMIROPA","Mimaropa Region",13.35486893,121.8479733,"speedier",NA,NA,0.9892,"Canis lupus familiaris","Dog","Domestic","Luzon",2024.13661202186
"RADDL4B-24-070",0.032182306,"RADDL4B-24-070","M-78",NA,"Dog",NA,2024-04-20,"date_collected","Malibago","Buenavista","Marinduque-Buenavista","Marinduque","Marinduque","MIMIROPA","Mimaropa Region",13.28798166,122.0068653,"speedier",NA,NA,0.9883,"Canis lupus familiaris","Dog","Domestic","Luzon",2024.30054644809
"RADDL4B-24-085",0.032269964,"RADDL4B-24-085","M-92",NA,"Dog",NA,2024-04-20,"date_collected","Malibago","Torrijos","Marinduque-Torrijos","Marinduque","Marinduque","MIMIROPA","Mimaropa Region",13.28714633,122.0077236,"speedier",NA,NA,0.9883,"Canis lupus familiaris","Dog","Domestic","Luzon",2024.30054644809
"RADDL4B-24-086",0.031854895,"RADDL4B-24-086","M-93",NA,"Dog",NA,2024-04-20,"date_collected","Pulong-Parang","Santa Cruz","Marinduque-Santa Cruz","Marinduque","Marinduque","MIMIROPA","Mimaropa Region",13.41549537,122.0584289,"speedier",NA,NA,0.9345,"Canis lupus familiaris","Dog","Domestic","Luzon",2024.30054644809
"RADDL4B-24-011",0.032012415,"RADDL4B-24-011","M-38",NA,"Dog",NA,2024-01-24,"date_collected","Laylay","Boac","Marinduque-Boac","Marinduque","Marinduque","MIMIROPA","Mimaropa Region",13.43668126,121.8203817,"speedier",NA,NA,0.9889,"Canis lupus familiaris","Dog","Domestic","Luzon",2024.06284153005
"RADDL4B-23-093",0.031886378,"RADDL4B-23-093","M-20",NA,"Goat",NA,2023-11-26,"date_collected","Lupac","Boac","Marinduque-Boac","Marinduque","Marinduque","MIMIROPA","Mimaropa Region",13.45972903,121.8180698,"speedier",NA,NA,0.9888,"Capra hircus","Goat","Livestock","Luzon",2023.90136986301
"RADDL4B-23-100",0.03197439,"RADDL4B-23-100","M-26",NA,"Pig",NA,2023-12-05,"date_collected","Tabigue","Boac","Marinduque-Boac","Marinduque","Marinduque","MIMIROPA","Mimaropa Region",13.4508379,121.820882,"speedier",NA,NA,0.9889,"Sus scrofa domesticus","Pig","Livestock","Luzon",2023.92602739726
"RADDL4B-24-071",0.032155351,"RADDL4B-24-071","M-79",NA,"Dog",NA,2024-05-20,"date_collected","Murallon","Boac","Marinduque-Boac","Marinduque","Marinduque","MIMIROPA","Mimaropa Region",13.44947749,121.8370936,"speedier",NA,NA,0.9722,"Canis lupus familiaris","Dog","Domestic","Luzon",2024.3825136612
"RADDL4B-24-019",0.032328643,"RADDL4B-24-019","M-47",NA,"Pig",NA,2024-02-08,"date_collected","Daykitin","Buenavista","Marinduque-Buenavista","Marinduque","Marinduque","MIMIROPA","Mimaropa Region",13.27382681,121.9228134,"speedier",NA,NA,0.9885,"Sus scrofa domesticus","Pig","Livestock","Luzon",2024.10382513661
"RADDL4B-23-097",0.032004246,"RADDL4B-23-097","M-23",NA,"Dog",NA,2023-11-27,"date_collected","Poctoy","Boac","Marinduque-Boac","Marinduque","Marinduque","MIMIROPA","Mimaropa Region",13.43235691,121.8690073,"speedier",NA,NA,0.9889,"Canis lupus familiaris","Dog","Domestic","Luzon",2023.90410958904
"RADDL4B-24-034",0.03188636,"RADDL4B-24-034","M-55",NA,"Dog",NA,2024-02-29,"date_collected","Bamban","Boac","Marinduque-Boac","Marinduque","Marinduque","MIMIROPA","Mimaropa Region",13.42366341,121.8779105,"speedier",NA,NA,0.9713,"Canis lupus familiaris","Dog","Domestic","Luzon",2024.16120218579
"RADDL4B-24-073",0.03209305,"RADDL4B-24-073","M-81",NA,"Dog",NA,2024-07-20,"date_collected","Bangbangalon","Boac","Marinduque-Boac","Marinduque","Marinduque","MIMIROPA","Mimaropa Region",13.43848981,121.8276107,"speedier",NA,NA,0.9886,"Canis lupus familiaris","Dog","Domestic","Luzon",2024.54918032787
"RADDL4B-24-088",0.032202984,"RADDL4B-24-088","M-95",NA,"Dog",NA,2024-04-22,"date_collected","Mangiliol","Gasan","Marinduque-Gasan","Marinduque","Marinduque","MIMIROPA","Mimaropa Region",13.35766762,121.8384787,"speedier",NA,NA,0.9155,"Canis lupus familiaris","Dog","Domestic","Luzon",2024.30601092896
"RADDL4B-24-003",0.03200511,"RADDL4B-24-003","M-31",NA,"Dog",NA,2024-01-09,"date_collected","Masiga","Gasan","Marinduque-Gasan","Marinduque","Marinduque","MIMIROPA","Mimaropa Region",13.35871898,121.8255082,"speedier",NA,NA,0.9884,"Canis lupus familiaris","Dog","Domestic","Luzon",2024.0218579235
"RADDL4B-24-084",0.032358082,"RADDL4B-24-084","M-91",NA,"Dog",NA,2024-04-19,"date_collected","Matandang Gasan","Gasan","Marinduque-Gasan","Marinduque","Marinduque","MIMIROPA","Mimaropa Region",13.32695219,121.8773683,"speedier",NA,NA,0.9888,"Canis lupus familiaris","Dog","Domestic","Luzon",2024.29781420765
"RADDL4B-23-061",0.032066362,"RADDL4B-23-061","M-3",NA,"Dog",NA,2023-10-09,"date_collected","Agumaymayan","Boac","Marinduque-Boac","Marinduque","Marinduque","MIMIROPA","Mimaropa Region",13.44998665,121.8994821,"speedier",NA,NA,0.9885,"Canis lupus familiaris","Dog","Domestic","Luzon",2023.7698630137
"RADDL4B-23-072",0.031981019,"RADDL4B-23-072","M-9",NA,"Dog",NA,2023-10-23,"date_collected","Bocboc","Mogpog","Marinduque-Mogpog","Marinduque","Marinduque","MIMIROPA","Mimaropa Region",13.47143036,121.9410823,"speedier",NA,NA,0.9713,"Canis lupus familiaris","Dog","Domestic","Luzon",2023.80821917808
"RADDL4B-23-095",0.031388612,"RADDL4B-23-095","M-22",NA,"Dog",NA,2023-11-28,"date_collected","Laon","Mogpog","Marinduque-Mogpog","Marinduque","Marinduque","MIMIROPA","Mimaropa Region",13.4919948,121.8532421,"speedier",NA,NA,0.9888,"Canis lupus familiaris","Dog","Domestic","Luzon",2023.90684931507
"RADDL4B-23-085",0.031388371,"RADDL4B-23-085","M-13",NA,"Dog",NA,2023-08-20,"date_collected","Maligaya","Boac","Marinduque-Boac","Marinduque","Marinduque","MIMIROPA","Mimaropa Region",13.47444205,121.840682,"speedier",NA,NA,0.9891,"Canis lupus familiaris","Dog","Domestic","Luzon",2023.63287671233
"RADDL4B-24-037",0.031661905,"RADDL4B-24-037","M-58",NA,"Dog",NA,2024-02-28,"date_collected","Buangan","Torrijos","Marinduque-Torrijos","Marinduque","Marinduque","MIMIROPA","Mimaropa Region",13.31305087,122.0537056,"speedier",NA,NA,0.9718,"Canis lupus familiaris","Dog","Domestic","Luzon",2024.15846994536
"RADDL4B-24-058",0.032028381,"RADDL4B-24-058","M-70",NA,"Dog",NA,2024-03-20,"date_collected","Mendez","Mogpog","Marinduque-Mogpog","Marinduque","Marinduque","MIMIROPA","Mimaropa Region",13.5108188,121.8994064,"speedier",NA,NA,0.9717,"Canis lupus familiaris","Dog","Domestic","Luzon",2024.21584699454
"RADDL4B-24-053",0.031418691,"RADDL4B-24-053","M-65",NA,"Dog",NA,2024-03-17,"date_collected","Barangay 1","Buenavista","Marinduque-Buenavista","Marinduque","Marinduque","MIMIROPA","Mimaropa Region",13.2559971,121.9418071,"speedier",NA,NA,0.9718,"Canis lupus familiaris","Dog","Domestic","Luzon",2024.20765027322
"RADDL4B-23-098",0.032373017,"RADDL4B-23-098","M-24",NA,"Dog",NA,2023-11-27,"date_collected","Cawit","Boac","Marinduque-Boac","Marinduque","Marinduque","MIMIROPA","Mimaropa Region",13.38170012,121.8415498,"speedier",NA,NA,0.9887,"Canis lupus familiaris","Dog","Domestic","Luzon",2023.90410958904
"RADDL4B-24-100",0.032137608,"RADDL4B-24-100","M-98",NA,"Dog",NA,2024-04-24,"date_collected","Caigangan","Buenavista","Marinduque-Buenavista","Marinduque","Marinduque","MIMIROPA","Mimaropa Region",13.26212226,121.9342731,"speedier",NA,NA,0.9708,"Canis lupus familiaris","Dog","Domestic","Luzon",2024.31147540984
"RADDL4B-24-015",0.031706828,"RADDL4B-24-015","M-41",NA,"Dog",NA,2024-01-31,"date_collected","Tampus","Boac","Marinduque-Boac","Marinduque","Marinduque","MIMIROPA","Mimaropa Region",13.44607203,121.8483871,"speedier",NA,NA,0.95,"Canis lupus familiaris","Dog","Domestic","Luzon",2024.08196721311
"RADDL4B-23-101",0.031301406,"RADDL4B-23-101","M-27",NA,"Dog",NA,2023-12-05,"date_collected","Hinapulan","Boac","Marinduque-Boac","Marinduque","Marinduque","MIMIROPA","Mimaropa Region",13.40056028,121.9413747,"speedier",NA,NA,0.9886,"Canis lupus familiaris","Dog","Domestic","Luzon",2023.92602739726
"RADDL4B-24-059",0.03112444,"RADDL4B-24-059","M-71",NA,"Dog",NA,2024-03-20,"date_collected","Villa Mendez","Mogpog","Marinduque-Mogpog","Marinduque","Marinduque","MIMIROPA","Mimaropa Region",13.47788656,121.8607316,"speedier",NA,NA,0.9888,"Canis lupus familiaris","Dog","Domestic","Luzon",2024.21584699454
"RADDL4B-24-021",0.031135558,"RADDL4B-24-021","M-44",NA,"Dog",NA,2024-02-01,"date_collected","Tabi","Boac","Marinduque-Boac","Marinduque","Marinduque","MIMIROPA","Mimaropa Region",13.45428134,121.8406166,"speedier",NA,NA,0.9721,"Canis lupus familiaris","Dog","Domestic","Luzon",2024.08469945355
"RADDL4B-24-127",0.031402451,"RADDL4B-24-127","M-113",NA,"Dog",NA,2024-05-16,"date_collected","Caigangan","Buenavista","Marinduque-Buenavista","Marinduque","Marinduque","MIMIROPA","Mimaropa Region",13.26212226,121.9342731,"speedier",NA,NA,0.9706671136,"Canis lupus familiaris","Dog","Domestic","Luzon",2024.37158469945
"RADDL4B-24-057",0.031301153,"RADDL4B-24-057","M-69",NA,"Dog",NA,2024-01-20,"date_collected","Barangay 1","Buenavista","Marinduque-Buenavista","Marinduque","Marinduque","MIMIROPA","Mimaropa Region",13.2559971,121.9418071,"speedier",NA,NA,0.9884,"Canis lupus familiaris","Dog","Domestic","Luzon",2024.05191256831
"RADDL4B-24-107",0.031664569,"RADDL4B-24-107","M-105",NA,"Dog",NA,2024-03-20,"date_collected","Daykitin","Buenavista","Marinduque-Buenavista","Marinduque","Marinduque","MIMIROPA","Mimaropa Region",13.27382681,121.9228134,"speedier",NA,NA,0.9503017097,"Canis lupus familiaris","Dog","Domestic","Luzon",2024.21584699454
"RADDL4B-24-016",0.030599513,"RADDL4B-24-016","M-42",NA,"Dog",NA,2024-01-31,"date_collected","San Isidro","Santa Cruz","Marinduque-Santa Cruz","Marinduque","Marinduque","MIMIROPA","Mimaropa Region",13.52187638,121.937044,"speedier",NA,NA,0.9679,"Canis lupus familiaris","Dog","Domestic","Luzon",2024.08196721311
"RADDL4B-23-070",0.03121691,"RADDL4B-23-070","M-10",NA,"Dog",NA,2023-10-23,"date_collected","Pili","Boac","Marinduque-Boac","Marinduque","Marinduque","MIMIROPA","Mimaropa Region",13.46393265,121.8260512,"speedier",NA,NA,0.9885,"Canis lupus familiaris","Dog","Domestic","Luzon",2023.80821917808
"RADDL4B-24-062",0.030800114,"RADDL4B-24-062","M-74",NA,"Dog",NA,2024-01-20,"date_collected","Masiga","Gasan","Marinduque-Gasan","Marinduque","Marinduque","MIMIROPA","Mimaropa Region",13.35871898,121.8255082,"speedier",NA,NA,0.9025310091,"Canis lupus familiaris","Dog","Domestic","Luzon",2024.05191256831
"RADDL4B-24-035",0.031037783,"RADDL4B-24-035","M-56",NA,"Dog",NA,2024-02-26,"date_collected","Masiga","Gasan","Marinduque-Gasan","Marinduque","Marinduque","MIMIROPA","Mimaropa Region",13.35871898,121.8255082,"speedier",NA,NA,0.9889,"Canis lupus familiaris","Dog","Domestic","Luzon",2024.15300546448
"RADDL4B-23-099",0.030683219,"RADDL4B-23-099","M-25",NA,"Dog",NA,2023-11-30,"date_collected","Bunganay","Boac","Marinduque-Boac","Marinduque","Marinduque","MIMIROPA","Mimaropa Region",13.38814351,121.830912,"speedier",NA,NA,0.9889,"Canis lupus familiaris","Dog","Domestic","Luzon",2023.91232876712
"RADDL4B-24-014",0.030800258,"RADDL4B-24-014","M-35",NA,"Dog",NA,2024-01-29,"date_collected","Masiga","Gasan","Marinduque-Gasan","Marinduque","Marinduque","MIMIROPA","Mimaropa Region",13.35871898,121.8255082,"speedier",NA,NA,0.9878,"Canis lupus familiaris","Dog","Domestic","Luzon",2024.07650273224
"RADDL4B-24-017",0.030947493,"RADDL4B-24-017","M-39",NA,"Dog",NA,2024-01-25,"date_collected","Masiga","Gasan","Marinduque-Gasan","Marinduque","Marinduque","MIMIROPA","Mimaropa Region",13.35871898,121.8255082,"speedier",NA,NA,0.9883,"Canis lupus familiaris","Dog","Domestic","Luzon",2024.06557377049
"RADDL4B-24-029",0.030696931,"RADDL4B-24-029","M-50",NA,"Dog",NA,2024-02-20,"date_collected","Caigangan","Buenavista","Marinduque-Buenavista","Marinduque","Marinduque","MIMIROPA","Mimaropa Region",13.26212226,121.9342731,"speedier",NA,NA,0.9716,"Canis lupus familiaris","Dog","Domestic","Luzon",2024.13661202186
"RADDL4B-24-184",0.03115306,"RADDL4B-24-184","M-135",NA,"Dog",NA,2024-11-19,"date_collected","Bangbang","Gasan","Marinduque-Gasan","Marinduque","Marinduque","MIMIROPA","Mimaropa Region",13.343593,121.838409,"speedier",NA,NA,0.9887696949,"Canis lupus familiaris","Dog","Domestic","Luzon",2024.8825136612
"RADDL4B-24-054",0.030622659,"RADDL4B-24-054","M-66",NA,"Dog",NA,2024-03-20,"date_collected","Caigangan","Buenavista","Marinduque-Buenavista","Marinduque","Marinduque","MIMIROPA","Mimaropa Region",13.26212226,121.9342731,"speedier",NA,NA,0.9884,"Canis lupus familiaris","Dog","Domestic","Luzon",2024.21584699454
"RADDL4B-24-081",0.030622849,"RADDL4B-24-081","M-88",NA,"Dog",NA,2024-04-15,"date_collected","Buangan","Torrijos","Marinduque-Torrijos","Marinduque","Marinduque","MIMIROPA","Mimaropa Region",13.31305087,122.0537056,"speedier",NA,NA,0.9882,"Canis lupus familiaris","Dog","Domestic","Luzon",2024.2868852459
"RADDL4B-24-030",0.030907444,"RADDL4B-24-030","M-49",NA,"Dog",NA,2024-02-17,"date_collected","Barangay I","Buenavista","Marinduque-Buenavista","Marinduque","Marinduque","MIMIROPA","Mimaropa Region",13.2559971,121.9418071,"speedier",NA,NA,0.9875125712,"Canis lupus familiaris","Dog","Domestic","Luzon",2024.12841530055
"RADDL4B-24-181",0.030905593,"RADDL4B-24-181","M-134",NA,"Dog",NA,2024-09-09,"date_collected","Yook","Buenavista","Marinduque-Buenavista","Marinduque","Marinduque","MIMIROPA","Mimaropa Region",13.223896,121.981628,"speedier",NA,NA,0.9882,"Canis lupus familiaris","Dog","Domestic","Luzon",2024.68852459016
"RADDL4B-24-069",0.031081936,"RADDL4B-24-069","M-77",NA,"Dog",NA,2024-03-20,"date_collected","Barangay I","Buenavista","Marinduque-Buenavista","Marinduque","Marinduque","MIMIROPA","Mimaropa Region",13.2559971,121.9418071,"speedier",NA,NA,0.9885,"Canis lupus familiaris","Dog","Domestic","Luzon",2024.21584699454
"RADDL4B-24-122",0.030994096,"RADDL4B-24-122","M-108",NA,"Dog",NA,2024-10-20,"date_collected","Bangbangalon","Boac","Marinduque-Boac","Marinduque","Marinduque","MIMIROPA","Mimaropa Region",13.43848981,121.8276107,"speedier",NA,NA,0.988,"Canis lupus familiaris","Dog","Domestic","Luzon",2024.80054644809
"RADDL4B-24-125",0.031128762,"RADDL4B-24-125","M-111",NA,"Dog",NA,2024-05-13,"date_collected","Yook","Buenavista","Marinduque-Buenavista","Marinduque","Marinduque","MIMIROPA","Mimaropa Region",13.22428692,121.9851771,"speedier",NA,NA,0.9871773383,"Canis lupus familiaris","Dog","Domestic","Luzon",2024.36338797814
"RADDL4B-24-049",0.030429035,"RADDL4B-24-049","M-63",NA,"Dog",NA,2024-03-13,"date_collected","Barangay IV","Buenavista","Marinduque-Buenavista","Marinduque","Marinduque","MIMIROPA","Mimaropa Region",13.25222414,121.9482043,"speedier",NA,NA,0.9885,"Canis lupus familiaris","Dog","Domestic","Luzon",2024.19672131148
"RADDL4B-24-102",0.030429034,"RADDL4B-24-102","M-100",NA,"Dog",NA,2024-04-28,"date_collected","Bagacay","Buenavista","Marinduque-Buenavista","Marinduque","Marinduque","MIMIROPA","Mimaropa Region",13.24881654,121.9900226,"speedier",NA,NA,0.9886,"Canis lupus familiaris","Dog","Domestic","Luzon",2024.32240437158
"RADDL4B-24-018",0.030245913,"RADDL4B-24-018","M-43",NA,"Dog",NA,2024-02-01,"date_collected","Barangay IV","Buenavista","Marinduque-Buenavista","Marinduque","Marinduque","MIMIROPA","Mimaropa Region",13.25222414,121.9482043,"speedier",NA,NA,0.9708,"Canis lupus familiaris","Dog","Domestic","Luzon",2024.08469945355
"RADDL4B-24-101",0.030508649,"RADDL4B-24-101","M-99",NA,"Dog",NA,2024-04-25,"date_collected","Poras","Boac","Marinduque-Boac","Marinduque","Marinduque","MIMIROPA","Mimaropa Region",13.45804967,121.8323598,"speedier",NA,NA,0.9888,"Canis lupus familiaris","Dog","Domestic","Luzon",2024.31420765027
"RADDL4B-23-065",0.030510219,"RADDL4B-23-065","M-4",NA,"Dog",NA,2023-10-23,"date_collected","Laylay","Boac","Marinduque-Boac","Marinduque","Marinduque","MIMIROPA","Mimaropa Region",13.43668126,121.8203817,"speedier",NA,NA,0.9717566209,"Canis lupus familiaris","Dog","Domestic","Luzon",2023.80821917808
"RADDL4B-24-120",0.030596449,"RADDL4B-24-120","M-106",NA,"Dog",NA,2024-09-20,"date_collected","Mainit","Boac","Marinduque-Boac","Marinduque","Marinduque","MIMIROPA","Mimaropa Region",13.40855837,121.8831096,"speedier",NA,NA,0.9886,"Canis lupus familiaris","Dog","Domestic","Luzon",2024.71857923497
"RADDL4B-23-089",0.030339986,"RADDL4B-23-089","M-14",NA,"Dog",NA,2023-07-20,"date_collected","Maligaya","Boac","Marinduque-Boac","Marinduque","Marinduque","MIMIROPA","Mimaropa Region",13.47444205,121.840682,"speedier",NA,NA,0.9509721757,"Canis lupus familiaris","Dog","Domestic","Luzon",2023.54794520548
"4A-22-203",0.029278577,"4A-22-203",NA,NA,"Canis familiaris",NA,2022-02-11,"date_collected","Guiang-Guiang","Lucena","Quezon-Real","Quezon","Quezon","Calabarzon","Region IV-A (Calabarzon)",13.93834754,121.6153593,"phd",NA,NA,NA,"Canis lupus familiaris","Dog","Domestic","Luzon",2022.11232876712
"OR971472",0.029185673,"R4A-2022-98",NA,"OR971472","Canis lupus familiaris","brain",2022-01-24,"date_collected",NA,NA,NA,"Quezon","Quezon","Region IV-A (Calabarzon)","Region IV-A (Calabarzon)",NA,NA,"vgtk","Cruz,J.L., Gonzales,R.M.C., Azul,R.R., Pena,R.C.D.",NA,0.999580959,"Canis lupus familiaris","Dog","Domestic","Luzon",2022.06301369863
"OR971473",0.02944557,"R4A-2022-99",NA,"OR971473","Canis lupus familiaris","brain",2022-01-25,"date_collected",NA,NA,NA,"Quezon","Quezon","Region IV-A (Calabarzon)","Region IV-A (Calabarzon)",NA,NA,"vgtk","Cruz,J.L., Gonzales,R.M.C., Azul,R.R., Pena,R.C.D.",NA,0.999580959,"Canis lupus familiaris","Dog","Domestic","Luzon",2022.06575342466
"OR971478",0.029357786,"R4A-2022-234",NA,"OR971478","Canis lupus familiaris","brain",2022-02-17,"date_collected",NA,NA,NA,"Quezon","Quezon","Region IV-A (Calabarzon)","Region IV-A (Calabarzon)",NA,NA,"vgtk","Cruz,J.L., Gonzales,R.M.C., Azul,R.R., Pena,R.C.D.",NA,0.999580959,"Canis lupus familiaris","Dog","Domestic","Luzon",2022.12876712329
"OR971482",0.029531017,"R4A-2022-577",NA,"OR971482","Canis lupus familiaris","brain",2022-03-24,"date_collected",NA,NA,NA,"Quezon","Quezon","Region IV-A (Calabarzon)","Region IV-A (Calabarzon)",NA,NA,"vgtk","Cruz,J.L., Gonzales,R.M.C., Azul,R.R., Pena,R.C.D.",NA,0.999580959,"Canis lupus familiaris","Dog","Domestic","Luzon",2022.22465753425
"OR971461",0.029531021,"R4A-2021-1668",NA,"OR971461","Canis lupus familiaris","brain",2021-11-29,"date_collected",NA,NA,NA,"Quezon","Quezon","Region IV-A (Calabarzon)","Region IV-A (Calabarzon)",NA,NA,"vgtk","Cruz,J.L., Gonzales,R.M.C., Azul,R.R., Pena,R.C.D.",NA,0.999580959,"Canis lupus familiaris","Dog","Domestic","Luzon",2021.9095890411
"OR971449",0.028144063,"R4A-2019-857",NA,"OR971449","Canis lupus familiaris","brain",2019-08-27,"date_collected",NA,NA,NA,"Quezon","Quezon","Region IV-A (Calabarzon)","Region IV-A (Calabarzon)",NA,NA,"vgtk","Cruz,J.L., Gonzales,R.M.C., Azul,R.R., Pena,R.C.D.",NA,0.999497151,"Canis lupus familiaris","Dog","Domestic","Luzon",2019.65205479452
"Z-17-046",0.027223412,"Z-17-046",NA,NA,"Canis familiaris",NA,2017-03-06,"date_collected","Bgy. San Fernando","Santo Tomas","Batangas-Santo Tomas","Batangas","Batangas","Calabarzon","Region IV-A (Calabarzon)",14.07637376,121.1824598,"phd",NA,NA,NA,"Canis lupus familiaris","Dog","Domestic","Luzon",2017.17534246575
"OR971470",0.028837958,"R4A-2022-40",NA,"OR971470","Canis lupus familiaris","brain",2022-11-01,"date_collected",NA,NA,NA,"Batangas","Batangas","Region IV-A (Calabarzon)","Region IV-A (Calabarzon)",NA,NA,"vgtk","Cruz,J.L., Gonzales,R.M.C., Azul,R.R., Pena,R.C.D.",NA,0.999580959,"Canis lupus familiaris","Dog","Domestic","Luzon",2022.83287671233
"OR971460",0.02822984,"R4A-2021-1574",NA,"OR971460","Canis lupus familiaris","brain",2021-12-10,"date_collected",NA,NA,NA,"Batangas","Batangas","Region IV-A (Calabarzon)","Region IV-A (Calabarzon)",NA,NA,"vgtk","Cruz,J.L., Gonzales,R.M.C., Azul,R.R., Pena,R.C.D.",NA,0.999580959,"Canis lupus familiaris","Dog","Domestic","Luzon",2021.9397260274
"OR971358",0.028316453,"NCR-2021-3654",NA,"OR971358","Canis lupus familiaris","brain",2021-10-13,"date_collected",NA,NA,NA,"Metropolitan Manila","Metropolitan Manila","National Capital Region (NCR)","National Capital Region (NCR)",NA,NA,"vgtk; manual_correction","Cruz,J.L., Gonzales,R.M.C., Azul,R.R., Pena,R.C.D.",NA,0.999580959,"Canis lupus familiaris","Dog","Domestic","Luzon",2021.78082191781
"RADDL4B-23-046",0.029132228,"RADDL4B-23-046","R-59",NA,"Dog",NA,2023-07-04,"date_collected","Carmen","San Agustin","Romblon-San Agustin","Romblon","Romblon","MIMIROPA","Mimaropa Region",12.6207441732869,122.112268131429,"speedier",NA,NA,0.9884,"Canis lupus familiaris","Dog","Domestic","Luzon",2023.50410958904
"RADDL4B-24-042",0.029292068,"RADDL4B-24-042","R-63",NA,"Dog",NA,2024-02-12,"date_collected","Mahabang Baybay","San Agustin","Romblon-San Agustin","Romblon","Romblon","MIMIROPA","Mimaropa Region",12.6389756037373,122.150335754756,"speedier",NA,NA,0.9884,"Canis lupus familiaris","Dog","Domestic","Luzon",2024.11475409836
"RADDL4B-24-114",0.029538522,"RADDL4B-24-114","R-90",NA,"Dog",NA,2024-05-18,"date_collected","Mahabang Baybay","San Agustin","Romblon-San Agustin","Romblon","Romblon","MIMIROPA","Mimaropa Region",12.6389756037373,122.150335754756,"speedier",NA,NA,0.9873,"Canis lupus familiaris","Dog","Domestic","Luzon",2024.37704918033
"4B-23-03",0.028224782,"4B-23-03",NA,NA,"Canis familiaris",NA,2023-01-22,"date_collected","Sugod","San Agustin","Romblon-San Agustin","Romblon","Romblon","Southwestern Tagalog Region","Mimaropa Region",12.55403552,122.1124048,"phd",NA,NA,NA,"Canis lupus familiaris","Dog","Domestic","Luzon",2023.05753424658
"Z-22-121",0.028312877,"Z-22-121",NA,NA,"Canis familiaris",NA,2022-12-19,"date_collected","Carmen","San Agustin","Romblon-San Agustin","Romblon","Romblon","Southwestern Tagalog Region","Mimaropa Region",12.55403552,122.1124048,"phd",NA,NA,NA,"Canis lupus familiaris","Dog","Domestic","Luzon",2022.96438356164
"4B-23-04",0.028577243,"4B-23-04",NA,NA,"Canis familiaris",NA,2023-01-31,"date_collected","Carmen","San Agustin","Romblon-San Agustin","Romblon","Romblon","Southwestern Tagalog Region","Mimaropa Region",12.55403552,122.1124048,"phd",NA,NA,NA,"Canis lupus familiaris","Dog","Domestic","Luzon",2023.08219178082
"OR971447",0.027621079,"R4A-2019-472",NA,"OR971447","Canis lupus familiaris","brain",2019-05-06,"date_collected",NA,NA,NA,"Batangas","Batangas","Region IV-A (Calabarzon)","Region IV-A (Calabarzon)",NA,NA,"vgtk","Cruz,J.L., Gonzales,R.M.C., Azul,R.R., Pena,R.C.D.",NA,0.999497151,"Canis lupus familiaris","Dog","Domestic","Luzon",2019.34246575342
"Z-16-082",0.026334647,"Z-16-082",NA,NA,"Canis familiaris",NA,2016-05-24,"date_collected","Caingin","Santa Rosa City","Laguna-Santa Rosa City","Laguna","Laguna","Calabarzon","Region IV-A (Calabarzon)",14.27260264,121.0895167,"phd",NA,NA,NA,"Canis lupus familiaris","Dog","Domestic","Luzon",2016.39344262295
"OR971385",0.027189532,"R1-2019-212",NA,"OR971385","Canis lupus familiaris","brain",2019-11-06,"date_collected","Cabugbugan","Tagudin","Ilocos Sur-Tagudin","Ilocos Sur","Ilocos Sur","Region I (Ilocos Region)","Region I (Ilocos Region)",NA,NA,"vgtk; raddl_correction","Cruz,J.L., Gonzales,R.M.C., Azul,R.R., Pena,R.C.D.",NA,0.999497151,"Canis lupus familiaris","Dog","Domestic","Luzon",2019.84657534247
"OR971330",0.02849422,"CAR-2021-015",NA,"OR971330","Canis lupus familiaris","brain",2021-02-24,"date_collected",NA,NA,NA,"Abra","Abra","Cordillera Administrative Region (CAR)","Cordillera Administrative Region (CAR)",NA,NA,"vgtk","Cruz,J.L., Gonzales,R.M.C., Azul,R.R., Pena,R.C.D.",NA,0.999497151,"Canis lupus familiaris","Dog","Domestic","Luzon",2021.14794520548
"OR971337",0.028494152,"CAR-2021-044",NA,"OR971337","Canis lupus familiaris","brain",2021-06-18,"date_collected",NA,NA,NA,"Abra","Abra","Cordillera Administrative Region (CAR)","Cordillera Administrative Region (CAR)",NA,NA,"vgtk","Cruz,J.L., Gonzales,R.M.C., Azul,R.R., Pena,R.C.D.",NA,0.999497151,"Canis lupus familiaris","Dog","Domestic","Luzon",2021.4602739726
"OR971336",0.028803295,"CAR-2021-040",NA,"OR971336","Canis lupus familiaris","brain",2021-08-06,"date_collected",NA,NA,NA,"Abra","Abra","Cordillera Administrative Region (CAR)","Cordillera Administrative Region (CAR)",NA,NA,"vgtk","Cruz,J.L., Gonzales,R.M.C., Azul,R.R., Pena,R.C.D.",NA,0.999497151,"Canis lupus familiaris","Dog","Domestic","Luzon",2021.59452054795
"OR971346",0.027971946,"CAR-2022-020",NA,"OR971346","Canis lupus familiaris","brain",2022-03-16,"date_collected",NA,NA,NA,"Abra","Abra","Cordillera Administrative Region (CAR)","Cordillera Administrative Region (CAR)",NA,NA,"vgtk","Cruz,J.L., Gonzales,R.M.C., Azul,R.R., Pena,R.C.D.",NA,0.999497151,"Canis lupus familiaris","Dog","Domestic","Luzon",2022.20273972603
"OR971343",0.028320539,"CAR-2022-004",NA,"OR971343","Canis lupus familiaris","brain",2022-01-14,"date_collected",NA,NA,NA,"Abra","Abra","Cordillera Administrative Region (CAR)","Cordillera Administrative Region (CAR)",NA,NA,"vgtk","Cruz,J.L., Gonzales,R.M.C., Azul,R.R., Pena,R.C.D.",NA,0.999497151,"Canis lupus familiaris","Dog","Domestic","Luzon",2022.03561643836
"CAR-22-020",0.028910676,"CAR-22-020",NA,NA,"",NA,2022-01-01,"date_collected","","",NA,"",NA,"",NA,NA,NA,"phd",NA,NA,NA,"","",NA,NA,2022
"OR971334",0.027885343,"CAR-2021-033",NA,"OR971334","Canis lupus familiaris","brain",2021-05-10,"date_collected",NA,NA,NA,"Abra","Abra","Cordillera Administrative Region (CAR)","Cordillera Administrative Region (CAR)",NA,NA,"vgtk","Cruz,J.L., Gonzales,R.M.C., Azul,R.R., Pena,R.C.D.",NA,0.999497151,"Canis lupus familiaris","Dog","Domestic","Luzon",2021.35342465753
"OR971340",0.027971953,"CAR-2021-075",NA,"OR971340","Canis lupus familiaris","brain",2021-11-15,"date_collected",NA,NA,NA,"Abra","Abra","Cordillera Administrative Region (CAR)","Cordillera Administrative Region (CAR)",NA,NA,"vgtk","Cruz,J.L., Gonzales,R.M.C., Azul,R.R., Pena,R.C.D.",NA,0.999497151,"Canis lupus familiaris","Dog","Domestic","Luzon",2021.87123287671
"OR971341",0.027971958,"CAR-2022-001",NA,"OR971341","Canis lupus familiaris","brain",2022-04-01,"date_collected",NA,NA,NA,"Abra","Abra","Cordillera Administrative Region (CAR)","Cordillera Administrative Region (CAR)",NA,NA,"vgtk","Cruz,J.L., Gonzales,R.M.C., Azul,R.R., Pena,R.C.D.",NA,0.999497151,"Canis lupus familiaris","Dog","Domestic","Luzon",2022.24657534247
"OR971331",0.027971958,"CAR-2021-016",NA,"OR971331","Canis lupus familiaris","brain",2021-02-28,"date_collected",NA,NA,NA,"Abra","Abra","Cordillera Administrative Region (CAR)","Cordillera Administrative Region (CAR)",NA,NA,"vgtk","Cruz,J.L., Gonzales,R.M.C., Azul,R.R., Pena,R.C.D.",NA,0.999497151,"Canis lupus familiaris","Dog","Domestic","Luzon",2021.15890410959
"OR971344",0.028231858,"CAR-2022-007",NA,"OR971344","Canis lupus familiaris","brain",2022-01-02,"date_collected",NA,NA,NA,"Abra","Abra","Cordillera Administrative Region (CAR)","Cordillera Administrative Region (CAR)",NA,NA,"vgtk","Cruz,J.L., Gonzales,R.M.C., Azul,R.R., Pena,R.C.D.",NA,0.999497151,"Canis lupus familiaris","Dog","Domestic","Luzon",2022.00273972603
"OR971339",0.028058565,"CAR-2021-074",NA,"OR971339","Canis lupus familiaris","brain",2021-03-11,"date_collected",NA,NA,NA,"Abra","Abra","Cordillera Administrative Region (CAR)","Cordillera Administrative Region (CAR)",NA,NA,"vgtk","Cruz,J.L., Gonzales,R.M.C., Azul,R.R., Pena,R.C.D.",NA,0.999497151,"Canis lupus familiaris","Dog","Domestic","Luzon",2021.18904109589
"Z-14-098",0.02575673,"Z-14-098",NA,NA,"Canis familiaris",NA,2014-04-29,"date_collected","Dita","Cuenca","Batangas-Cuenca","Batangas","Batangas","Calabarzon","Region IV-A (Calabarzon)",13.90952328,121.0537657,"phd",NA,NA,NA,"Canis lupus familiaris","Dog","Domestic","Luzon",2014.32328767123
"Z-12-012",0.025653615,"Z-12-012",NA,NA,"Canis familiaris",NA,2012-01-16,"date_collected","Sulpoc","Tanauan","Batangas-Bauan","Batangas","Batangas","Calabarzon","Region IV-A (Calabarzon)",14.09625533,121.0970452,"phd",NA,NA,NA,"Canis lupus familiaris","Dog","Domestic","Luzon",2012.04098360656
"Z-07-398",0.02441386,"Z-07-398",NA,NA,"Canis familiaris",NA,2007-12-19,"date_collected","Paciano Rizal","Calamba City","Laguna-Calamba City","Laguna","Laguna","Calabarzon","Region IV-A (Calabarzon)",14.18862277,121.1242055,"phd",NA,NA,NA,"Canis lupus familiaris","Dog","Domestic","Luzon",2007.96438356164
"OR971388",0.028505267,"R1-2021-165",NA,"OR971388","Canis lupus familiaris","brain",2021-11-02,"date_collected","Cabisilan","Bauang","La Union-Agoo","La Union","La Union","Region I (Ilocos Region)","Region I (Ilocos Region)",NA,NA,"vgtk; raddl_correction","Cruz,J.L., Gonzales,R.M.C., Azul,R.R., Pena,R.C.D.",NA,0.999497151,"Canis lupus familiaris","Dog","Domestic","Luzon",2021.83561643836
"OR971326",0.027108329,"CAR-2019-099",NA,"OR971326","Canis lupus familiaris","brain",2019-09-26,"date_collected",NA,NA,NA,"Benguet","Benguet","Cordillera Administrative Region (CAR)","Cordillera Administrative Region (CAR)",NA,NA,"vgtk","Cruz,J.L., Gonzales,R.M.C., Azul,R.R., Pena,R.C.D.",NA,0.999497151,"Canis lupus familiaris","Dog","Domestic","Luzon",2019.73424657534
"OR971324",0.027021699,"CAR-2019-092",NA,"OR971324","Canis lupus familiaris","brain",2019-09-04,"date_collected",NA,NA,NA,"Benguet","Benguet","Cordillera Administrative Region (CAR)","Cordillera Administrative Region (CAR)",NA,NA,"vgtk","Cruz,J.L., Gonzales,R.M.C., Azul,R.R., Pena,R.C.D.",NA,0.999580959,"Canis lupus familiaris","Dog","Domestic","Luzon",2019.67397260274
"Z-17-193",0.026237409,"Z-17-193",NA,NA,"Canis familiaris",NA,2017-10-13,"date_collected","Binonoan","Infanta","Quezon-Infanta","Quezon","Quezon","Calabarzon","Region IV-A (Calabarzon)",14.71657136,121.650984,"phd",NA,NA,NA,"Canis lupus familiaris","Dog","Domestic","Luzon",2017.78082191781
"Z-16-186",0.026363649,"Z-16-186",NA,NA,"Dog",NA,2016-03-20,"date_collected","Woodrow Subd.,Bgy. Pasig","Antipolo City","Rizal-Antipolo City","Rizal","Rizal","Calabarzon (IV-A)","Region IV-A (Calabarzon)",NA,NA,"2018_workshop",NA,NA,NA,"Canis lupus familiaris","Dog","Domestic","Luzon",2016.21584699454
"OR971463",0.027888606,"R4A-2021-2750",NA,"OR971463","Canis lupus familiaris","brain",2021-05-08,"date_collected",NA,NA,NA,"Rizal","Rizal","Region IV-A (Calabarzon)","Region IV-A (Calabarzon)",NA,NA,"vgtk","Cruz,J.L., Gonzales,R.M.C., Azul,R.R., Pena,R.C.D.",NA,0.999580959,"Canis lupus familiaris","Dog","Domestic","Luzon",2021.34794520548
"OR971459",0.027366351,"R4A-2020-2577",NA,"OR971459","Canis lupus familiaris","brain",2020-05-29,"date_collected",NA,NA,NA,"Rizal","Rizal","Region IV-A (Calabarzon)","Region IV-A (Calabarzon)",NA,NA,"vgtk","Cruz,J.L., Gonzales,R.M.C., Azul,R.R., Pena,R.C.D.",NA,0.999664767,"Canis lupus familiaris","Dog","Domestic","Luzon",2020.40710382514
"Z-15-001",0.025925272,"Z-15-001",NA,NA,"Canis familiaris",NA,2015-01-01,"date_collected","Bagumbayan","Pililla","Rizal-Pililla","Rizal","Rizal","Calabarzon","Region IV-A (Calabarzon)",14.4548703,121.3449535,"phd",NA,NA,NA,"Canis lupus familiaris","Dog","Domestic","Luzon",2015
"Z-17-174",0.02687504,"Z-17-174",NA,NA,"Canis familiaris",NA,2017-09-23,"date_collected","Poblacion","Muntinlupa","Metropolitan Manila-Muntinlupa","Metropolitan Manila","Metropolitan Manila","National Capital Region (NCR)","National Capital Region (NCR)",14.40197636,121.0327847,"phd",NA,NA,NA,"Canis lupus familiaris","Dog","Domestic","Luzon",2017.72602739726
"RADDL1-16-154",0.026496349,"RADDL1-16-154",NA,NA,"Dog",NA,2016-07-21,"date_collected","Torac, Malay","San Carlos City","Pangasinan-San Carlos City","Pangasinan","Pangasinan","Ilocos Region (I)","Region I (Ilocos Region)",NA,NA,"2018_workshop",NA,NA,NA,"Canis lupus familiaris","Dog","Domestic","Luzon",2016.55191256831
"Z-13-161",0.025760625,"Z-13-161",NA,NA,"Canis familiaris",NA,2013-07-20,"date_collected","Pansol","Calamba City","Laguna-Calamba City","Laguna","Laguna","Calabarzon","Region IV-A (Calabarzon)",14.18862277,121.1242055,"phd",NA,NA,NA,"Canis lupus familiaris","Dog","Domestic","Luzon",2013.54794520548
"Z-14-126",0.025195229,"Z-14-126",NA,NA,"Canis familiaris",NA,2014-05-31,"date_collected","Talon 5","Las Piñas","Metropolitan Manila-Las Piñas","Metropolitan Manila","Metropolitan Manila","National Capital Region (NCR)","National Capital Region (NCR)",14.4423825,120.9940879,"phd",NA,NA,NA,"Canis lupus familiaris","Dog","Domestic","Luzon",2014.41095890411
"Z-12-134",0.025626229,"Z-12-134",NA,NA,"Dog",NA,2012-06-18,"date_collected","Pag-asa","Imus","Cavite-Imus","Cavite","Cavite","Calabarzon (IV-A)","Region IV-A (Calabarzon)",NA,NA,"2018_workshop",NA,NA,NA,"Canis lupus familiaris","Dog","Domestic","Luzon",2012.46174863388
"Z-13-134",0.025324979,"Z-13-134",NA,NA,"Canis familiaris",NA,2013-06-10,"date_collected","Sto. Nino Vill.,Tunasan","Muntinlupa","Metropolitan Manila-Muntinlupa","Metropolitan Manila","Metropolitan Manila","National Capital Region (NCR)","National Capital Region (NCR)",14.40197636,121.0327847,"phd",NA,NA,NA,"Canis lupus familiaris","Dog","Domestic","Luzon",2013.43835616438
"Z-09-94",0.024013766,"Z-09-94",NA,NA,"Canis familiaris",NA,2009-04-08,"date_collected","Brgy 191","Pasay  City","Metropolitan Manila-Pasay City","Metropolitan Manila","Metropolitan Manila","National Capital Region (NCR)","National Capital Region (NCR)",14.53080944,121.0041508,"phd",NA,NA,NA,"Canis lupus familiaris","Dog","Domestic","Luzon",2009.26575342466
"Z-13-073",0.026360491,"Z-13-073",NA,NA,"Canis familiaris",NA,2013-04-12,"date_collected","Bf Homes","Parañaque","Metropolitan Manila-Parañaque","Metropolitan Manila","Metropolitan Manila","National Capital Region (NCR)","National Capital Region (NCR)",14.48357034,121.0147858,"phd",NA,NA,NA,"Canis lupus familiaris","Dog","Domestic","Luzon",2013.27671232877
"Z-13-096",0.025760551,"Z-13-096",NA,NA,"Felis catus",NA,2013-05-12,"date_collected","Bf International","Las Piñas","Metropolitan Manila-Las Piñas","Metropolitan Manila","Metropolitan Manila","National Capital Region (NCR)","National Capital Region (NCR)",14.4423825,120.9940879,"phd",NA,NA,NA,"Felis catus","Cat","Domestic","Luzon",2013.35890410959
"Z-13-002",0.026253144,"Z-13-002",NA,NA,"Dog",NA,2013-02-20,"date_collected","BF International","Las Pinas City","Metropolitan Manila-Pasay City","Metropolitan Manila","Metropolitan Manila","National Capital Region (NCR)","National Capital Region (NCR)",NA,NA,"2018_workshop; manual_correction",NA,NA,NA,"Canis lupus familiaris","Dog","Domestic","Luzon",2013.13698630137
"Z-14-138",0.027054884,"Z-14-138",NA,NA,"Dog",NA,2014-06-16,"date_collected","Seacom Compd., Sucat","Paranaque City","Metropolitan Manila-Quezon City","Metropolitan Manila","Metropolitan Manila","National Capital Region (NCR)","National Capital Region (NCR)",NA,NA,"2018_workshop; manual_correction",NA,NA,NA,"Canis lupus familiaris","Dog","Domestic","Luzon",2014.45479452055
"Z-07-407",0.024027496,"Z-07-407",NA,NA,"Canis familiaris",NA,2007-12-26,"date_collected","Southland Talon 1","Las Piñas","Metropolitan Manila-Las Piñas","Metropolitan Manila","Metropolitan Manila","National Capital Region (NCR)","National Capital Region (NCR)",14.4423825,120.9940879,"phd",NA,NA,NA,"Canis lupus familiaris","Dog","Domestic","Luzon",2007.98356164384
"Z-13-094",0.025741771,"Z-13-094",NA,NA,"Canis familiaris",NA,2013-05-10,"date_collected","Palico II","Imus","Cavite-Imus","Cavite","Cavite","Calabarzon","Region IV-A (Calabarzon)",14.39822975,120.9319992,"phd",NA,NA,NA,"Canis lupus familiaris","Dog","Domestic","Luzon",2013.35342465753
"OR971328",0.027173402,"CAR-2019-111",NA,"OR971328","Canis lupus familiaris","brain",2019-10-14,"date_collected",NA,NA,NA,"Abra","Abra","Cordillera Administrative Region (CAR)","Cordillera Administrative Region (CAR)",NA,NA,"vgtk","Cruz,J.L., Gonzales,R.M.C., Azul,R.R., Pena,R.C.D.",NA,0.999497151,"Canis lupus familiaris","Dog","Domestic","Luzon",2019.78356164384
"Z-13-071",0.02578622,"Z-13-071",NA,NA,"Canis familiaris",NA,2013-04-10,"date_collected","Golden Acres","Las Piñas","Metropolitan Manila-Las Piñas","Metropolitan Manila","Metropolitan Manila","National Capital Region (NCR)","National Capital Region (NCR)",14.4423825,120.9940879,"phd",NA,NA,NA,"Canis lupus familiaris","Dog","Domestic","Luzon",2013.27123287671
"Z-12-088",0.026096891,"Z-12-088",NA,NA,"Dog",NA,2012-03-29,"date_collected","TS Cruz Subd.","Las Pinas City","Metropolitan Manila-Pasay City","Metropolitan Manila","Metropolitan Manila","National Capital Region (NCR)","National Capital Region (NCR)",NA,NA,"2018_workshop; manual_correction",NA,NA,NA,"Canis lupus familiaris","Dog","Domestic","Luzon",2012.24043715847
"Z-05-102",0.02303091,"Z-05-102",NA,NA,"Canis familiaris",NA,2005-02-21,"date_collected","","Muntinlupa","Metropolitan Manila-Muntinlupa","Metropolitan Manila","Metropolitan Manila","National Capital Region (NCR)","National Capital Region (NCR)",14.40197636,121.0327847,"phd",NA,NA,NA,"Canis lupus familiaris","Dog","Domestic","Luzon",2005.1397260274
"Z-07-403",0.024349985,"Z-07-403",NA,NA,"Canis familiaris",NA,2007-12-22,"date_collected","Sampagutia Exit","Lucena","Quezon-Real","Quezon","Quezon","Calabarzon","Region IV-A (Calabarzon)",13.93834754,121.6153593,"phd",NA,NA,NA,"Canis lupus familiaris","Dog","Domestic","Luzon",2007.97260273973
"OR971477",0.027446779,"R4A-2022-210",NA,"OR971477","Canis lupus familiaris","brain",2022-02-15,"date_collected",NA,NA,NA,"Quezon","Quezon","Region IV-A (Calabarzon)","Region IV-A (Calabarzon)",NA,NA,"vgtk","Cruz,J.L., Gonzales,R.M.C., Azul,R.R., Pena,R.C.D.",NA,0.999580959,"Canis lupus familiaris","Dog","Domestic","Luzon",2022.12328767123
"OR971453",0.026490046,"R4A-2019-1023",NA,"OR971453","Canis lupus familiaris","brain",2019-10-17,"date_collected",NA,NA,NA,"Quezon","Quezon","Region IV-A (Calabarzon)","Region IV-A (Calabarzon)",NA,NA,"vgtk","Cruz,J.L., Gonzales,R.M.C., Azul,R.R., Pena,R.C.D.",NA,0.999497151,"Canis lupus familiaris","Dog","Domestic","Luzon",2019.79178082192
"OR971481",0.027015051,"R4A-2022-408",NA,"OR971481","Canis lupus familiaris","brain",2022-10-03,"date_collected",NA,NA,NA,"Quezon","Quezon","Region IV-A (Calabarzon)","Region IV-A (Calabarzon)",NA,NA,"vgtk","Cruz,J.L., Gonzales,R.M.C., Azul,R.R., Pena,R.C.D.",NA,0.999580959,"Canis lupus familiaris","Dog","Domestic","Luzon",2022.75342465753
"4A-22-40",0.027183094,"4A-22-40",NA,NA,"Canis familiaris",NA,2022-01-10,"date_collected","-","Batangas  City","Batangas-Lian","Batangas","Batangas","Calabarzon","Region IV-A (Calabarzon)",13.7207195,121.103796,"phd",NA,NA,NA,"Canis lupus familiaris","Dog","Domestic","Luzon",2022.02465753425
"OR971476",0.027005504,"R4A-2022-203",NA,"OR971476","Canis lupus familiaris","brain",2022-02-14,"date_collected",NA,NA,NA,"Quezon","Quezon","Region IV-A (Calabarzon)","Region IV-A (Calabarzon)",NA,NA,"vgtk","Cruz,J.L., Gonzales,R.M.C., Azul,R.R., Pena,R.C.D.",NA,0.999664767,"Canis lupus familiaris","Dog","Domestic","Luzon",2022.12054794521
"OR971471",0.027096718,"R4A-2022-93",NA,"OR971471","Canis lupus familiaris","brain",2022-01-21,"date_collected",NA,NA,NA,"Quezon","Quezon","Region IV-A (Calabarzon)","Region IV-A (Calabarzon)",NA,NA,"vgtk","Cruz,J.L., Gonzales,R.M.C., Azul,R.R., Pena,R.C.D.",NA,0.999580959,"Canis lupus familiaris","Dog","Domestic","Luzon",2022.05479452055
"4A-22-98",0.027185064,"4A-22-98",NA,NA,"Canis familiaris",NA,2022-01-22,"date_collected","Baguio","Tayabas City","Quezon-Tayabas City","Quezon","Quezon","Calabarzon","Region IV-A (Calabarzon)",14.04055469,121.6122459,"phd",NA,NA,NA,"Canis lupus familiaris","Dog","Domestic","Luzon",2022.05753424658
"Z-08-351",0.025340501,"Z-08-351",NA,NA,"Canis familiaris",NA,2008-12-12,"date_collected","-","General Mariano Alvarez","Cavite-General Mariano Alvarez","Cavite","Cavite","Calabarzon","Region IV-A (Calabarzon)",14.30698662,121.0184177,"phd",NA,NA,NA,"Canis lupus familiaris","Dog","Domestic","Luzon",2008.94535519126
"Z-06-295",0.024244036,"Z-06-295",NA,NA,"Canis familiaris",NA,2006-07-22,"date_collected","Lucsuhin","Calatagan","Batangas-Lian","Batangas","Batangas","Calabarzon","Region IV-A (Calabarzon)",13.86384068,120.6585868,"phd",NA,NA,NA,"Canis lupus familiaris","Dog","Domestic","Luzon",2006.55342465753
"OR971491",0.029284547,"R4B-2022-00004",NA,"OR971491","Canis lupus familiaris","brain",2022-02-04,"date_collected",NA,NA,NA,"Occidental Mindoro","Occidental Mindoro","Mimaropa Region","Mimaropa Region",NA,NA,"vgtk","Cruz,J.L., Gonzales,R.M.C., Azul,R.R., Pena,R.C.D.",NA,0.999580959,"Canis lupus familiaris","Dog","Domestic","Luzon",2022.09315068493
"4B-2422",0.029172846,"4B-2422",NA,NA,"Canis familiaris",NA,2022-02-04,"date_collected","Concepcion","Calintaan","Occidental Mindoro-Paluan","Occidental Mindoro","Occidental Mindoro","Southwestern Tagalog Region","Mimaropa Region",12.59217706,121.082659,"phd",NA,NA,NA,"Canis lupus familiaris","Dog","Domestic","Luzon",2022.09315068493
"RADDL4B-23-090",0.029750027,"RADDL4B-23-090","OM-41",NA,"Dog",NA,2023-11-16,"date_collected","Ilag","San Teodoro","Oriental Mindoro-Baco","Oriental Mindoro","Oriental Mindoro","MIMIROPA","Mimaropa Region",13.45164877,120.9775215,"speedier",NA,NA,0.9884,"Canis lupus familiaris","Dog","Domestic","Luzon",2023.87397260274
"RADDL4B-23-047",0.030436591,"RADDL4B-23-047","OM-36",NA,"Dog",NA,2023-08-23,"date_collected","San Isidro","Puerto Galera","Oriental Mindoro-Baco","Oriental Mindoro","Oriental Mindoro","MIMIROPA","Mimaropa Region",13.37785692,120.8703821,"speedier",NA,NA,0.9884,"Canis lupus familiaris","Dog","Domestic","Luzon",2023.64109589041
"RADDL4B-24-009",0.029987006,"RADDL4B-24-009","OM-46",NA,"Dog",NA,2024-01-29,"date_collected","Balatero","Puerto Galera","Oriental Mindoro-Baco","Oriental Mindoro","Oriental Mindoro","MIMIROPA","Mimaropa Region",13.34693739,120.8836262,"speedier",NA,NA,0.9873,"Canis lupus familiaris","Dog","Domestic","Luzon",2024.07650273224
"4B-21-412",0.02904282,"4B-21-412",NA,NA,"Canis familiaris",NA,2021-04-12,"date_collected","Sto Nino","Puerto Galera","Oriental Mindoro-Baco","Oriental Mindoro","Oriental Mindoro","Southwestern Tagalog Region","Mimaropa Region",13.39217641,120.8953101,"phd",NA,NA,NA,"Canis lupus familiaris","Dog","Domestic","Luzon",2021.27671232877
"4B-21-528",0.02904282,"4B-21-528",NA,NA,"Canis familiaris",NA,2021-05-28,"date_collected","Aninuan","Puerto Galera","Oriental Mindoro-Baco","Oriental Mindoro","Oriental Mindoro","Southwestern Tagalog Region","Mimaropa Region",13.39217641,120.8953101,"phd",NA,NA,NA,"Canis lupus familiaris","Dog","Domestic","Luzon",2021.40273972603
"OR971486",0.029146505,"R4B-2021-061",NA,"OR971486","Canis lupus familiaris","brain",2021-10-03,"date_collected",NA,NA,NA,"Oriental Mindoro","Oriental Mindoro","Mimaropa Region","Mimaropa Region",NA,NA,"vgtk","Cruz,J.L., Gonzales,R.M.C., Azul,R.R., Pena,R.C.D.",NA,0.999580959,"Canis lupus familiaris","Dog","Domestic","Luzon",2021.75342465753
"4B-21-310",0.02900669,"4B-21-310",NA,NA,"Canis familiaris",NA,2021-03-10,"date_collected","Tabinay","Puerto Galera","Oriental Mindoro-Baco","Oriental Mindoro","Oriental Mindoro","Southwestern Tagalog Region","Mimaropa Region",13.39217641,120.8953101,"phd",NA,NA,NA,"Canis lupus familiaris","Dog","Domestic","Luzon",2021.18630136986
"OR971485",0.029193739,"R4B-2021-060",NA,"OR971485","Canis lupus familiaris","brain",2021-05-03,"date_collected",NA,NA,NA,"Oriental Mindoro","Oriental Mindoro","Mimaropa Region","Mimaropa Region",NA,NA,"vgtk","Cruz,J.L., Gonzales,R.M.C., Azul,R.R., Pena,R.C.D.",NA,0.999580959,"Canis lupus familiaris","Dog","Domestic","Luzon",2021.33424657534
"4B-21-35",0.029084849,"4B-21-35",NA,NA,"Canis familiaris",NA,2021-03-05,"date_collected","Tabinay","Puerto Galera","Oriental Mindoro-Baco","Oriental Mindoro","Oriental Mindoro","Southwestern Tagalog Region","Mimaropa Region",13.39217641,120.8953101,"phd",NA,NA,NA,"Canis lupus familiaris","Dog","Domestic","Luzon",2021.17260273973
"4B-22-15",0.02904698,"4B-22-15",NA,NA,"Canis familiaris",NA,2022-01-05,"date_collected","San Isidro","Puerto Galera","Oriental Mindoro-Baco","Oriental Mindoro","Oriental Mindoro","Southwestern Tagalog Region","Mimaropa Region",13.39217641,120.8953101,"phd",NA,NA,NA,"Canis lupus familiaris","Dog","Domestic","Luzon",2022.01095890411
"OR971488",0.027798114,"R4B-2021-070",NA,"OR971488","Canis lupus familiaris","brain",2021-04-23,"date_collected",NA,NA,NA,"Oriental Mindoro","Oriental Mindoro","Mimaropa Region","Mimaropa Region",NA,NA,"vgtk","Cruz,J.L., Gonzales,R.M.C., Azul,R.R., Pena,R.C.D.",NA,0.999580959,"Canis lupus familiaris","Dog","Domestic","Luzon",2021.30684931507
"4B-21-423",0.027711525,"4B-21-423",NA,NA,"Canis familiaris",NA,2021-04-23,"date_collected","Camilmil","Calapan City","Oriental Mindoro-Calapan City","Oriental Mindoro","Oriental Mindoro","Southwestern Tagalog Region","Mimaropa Region",13.33178512,121.1780294,"phd",NA,NA,NA,"Canis lupus familiaris","Dog","Domestic","Luzon",2021.30684931507
"OR971487",0.028232609,"R4B-2021-067",NA,"OR971487","Canis lupus familiaris","brain",2021-04-14,"date_collected",NA,NA,NA,"Oriental Mindoro","Oriental Mindoro","Mimaropa Region","Mimaropa Region",NA,NA,"vgtk","Cruz,J.L., Gonzales,R.M.C., Azul,R.R., Pena,R.C.D.",NA,0.999580959,"Canis lupus familiaris","Dog","Domestic","Luzon",2021.28219178082
"4B-21-421",0.028146036,"4B-21-421",NA,NA,"Canis familiaris",NA,2021-04-14,"date_collected","Malapad","Baco","Oriental Mindoro-Baco","Oriental Mindoro","Oriental Mindoro","Southwestern Tagalog Region","Mimaropa Region",13.29039427,121.066837,"phd",NA,NA,NA,"Canis lupus familiaris","Dog","Domestic","Luzon",2021.28219178082
"4B-21622",0.028234409,"4B-21622",NA,NA,"Canis familiaris",NA,2022-02-16,"date_collected","Mangangan","Baco","Oriental Mindoro-Baco","Oriental Mindoro","Oriental Mindoro","Southwestern Tagalog Region","Mimaropa Region",13.29039427,121.066837,"phd",NA,NA,NA,"Canis lupus familiaris","Dog","Domestic","Luzon",2022.12602739726
"OR971493",0.028318988,"R4B-2022-00006",NA,"OR971493","Canis lupus familiaris","brain",2022-02-09,"date_collected",NA,NA,NA,"Oriental Mindoro","Oriental Mindoro","Mimaropa Region","Mimaropa Region",NA,NA,"vgtk","Cruz,J.L., Gonzales,R.M.C., Azul,R.R., Pena,R.C.D.",NA,0.999497151,"Canis lupus familiaris","Dog","Domestic","Luzon",2022.10684931507
"OR971492",0.028318988,"R4B-2022-00005",NA,"OR971492","Canis lupus familiaris","brain",2022-09-02,"date_collected",NA,NA,NA,"Oriental Mindoro","Oriental Mindoro","Mimaropa Region","Mimaropa Region",NA,NA,"vgtk","Cruz,J.L., Gonzales,R.M.C., Azul,R.R., Pena,R.C.D.",NA,0.999497151,"Canis lupus familiaris","Dog","Domestic","Luzon",2022.66849315068
"OR971490",0.028318988,"R4B-2022-00002",NA,"OR971490","Canis lupus familiaris","brain",2022-01-14,"date_collected",NA,NA,NA,"Oriental Mindoro","Oriental Mindoro","Mimaropa Region","Mimaropa Region",NA,NA,"vgtk","Cruz,J.L., Gonzales,R.M.C., Azul,R.R., Pena,R.C.D.",NA,0.999497151,"Canis lupus familiaris","Dog","Domestic","Luzon",2022.03561643836
"4B-2922HM",0.028407838,"4B-2922HM",NA,NA,"Canis familiaris",NA,2022-02-09,"date_collected","Mangangan","Baco","Oriental Mindoro-Baco","Oriental Mindoro","Oriental Mindoro","Southwestern Tagalog Region","Mimaropa Region",13.29039427,121.066837,"phd",NA,NA,NA,"Canis lupus familiaris","Dog","Domestic","Luzon",2022.10684931507
"OR971494",0.028232406,"R4B-2022-00007",NA,"OR971494","Canis lupus familiaris","brain",2022-02-16,"date_collected",NA,NA,NA,"Oriental Mindoro","Oriental Mindoro","Mimaropa Region","Mimaropa Region",NA,NA,"vgtk","Cruz,J.L., Gonzales,R.M.C., Azul,R.R., Pena,R.C.D.",NA,0.999580959,"Canis lupus familiaris","Dog","Domestic","Luzon",2022.12602739726
"OR971489",0.028405642,"R4B-2022-00001",NA,"OR971489","Canis lupus familiaris","brain",2022-01-05,"date_collected",NA,NA,NA,"Oriental Mindoro","Oriental Mindoro","Mimaropa Region","Mimaropa Region",NA,NA,"vgtk","Cruz,J.L., Gonzales,R.M.C., Azul,R.R., Pena,R.C.D.",NA,0.999497151,"Canis lupus familiaris","Dog","Domestic","Luzon",2022.01095890411
"4B-22-114",0.028493984,"4B-22-114",NA,NA,"Canis familiaris",NA,2022-01-14,"date_collected","Mayabig","Baco","Oriental Mindoro-Baco","Oriental Mindoro","Oriental Mindoro","Southwestern Tagalog Region","Mimaropa Region",13.29039427,121.066837,"phd",NA,NA,NA,"Canis lupus familiaris","Dog","Domestic","Luzon",2022.03561643836
"4B-22-28",0.028270695,"4B-22-28",NA,NA,"Canis familiaris",NA,2022-07-27,"date_collected","Mangangan","Baco","Oriental Mindoro-Baco","Oriental Mindoro","Oriental Mindoro","Southwestern Tagalog Region","Mimaropa Region",13.29039427,121.066837,"phd",NA,NA,NA,"Canis lupus familiaris","Dog","Domestic","Luzon",2022.56712328767
"4B-22-30",0.030642081,"4B-22-30",NA,NA,"Canis familiaris",NA,2022-08-12,"date_collected","Bangkatan","Baco","Oriental Mindoro-Baco","Oriental Mindoro","Oriental Mindoro","Southwestern Tagalog Region","Mimaropa Region",13.29039427,121.066837,"phd",NA,NA,NA,"Canis lupus familiaris","Dog","Domestic","Luzon",2022.61095890411
"RADDL4B-25-039",0.032132092,"RADDL4B-25-039","OM-109",NA,"Dog",NA,2025-07-21,"date_collected","Parang","Calapan City","Oriental Mindoro-Calapan City","Oriental Mindoro","Oriental Mindoro","MIMIROPA","Mimaropa Region",13.40593075,121.2126546,"speedier",NA,NA,0.9356352665,"Canis lupus familiaris","Dog","Domestic","Luzon",2025.55068493151
"RADDL4B-24-080",0.029602952,"RADDL4B-24-080","OM-58",NA,"Dog",NA,2024-04-18,"date_collected","Baruyan","Calapan City","Oriental Mindoro-Calapan City","Oriental Mindoro","Oriental Mindoro","MIMIROPA","Mimaropa Region",13.35919359,121.1359505,"speedier",NA,NA,0.9704994972,"Canis lupus familiaris","Dog","Domestic","Luzon",2024.29508196721
"RADDL4B-24-023",0.029508149,"RADDL4B-24-023","OM-48",NA,"Dog",NA,2024-02-15,"date_collected","Canubing I","Calapan City","Oriental Mindoro-Calapan City","Oriental Mindoro","Oriental Mindoro","MIMIROPA","Mimaropa Region",13.34916389,121.1373121,"speedier",NA,NA,0.9882,"Canis lupus familiaris","Dog","Domestic","Luzon",2024.12295081967
"RADDL4B-24-162",0.028985595,"RADDL4B-24-162","OM-75",NA,"Dog",NA,2024-09-27,"date_collected","Ilaya","Calapan City","Oriental Mindoro-Calapan City","Oriental Mindoro","Oriental Mindoro","MIMIROPA","Mimaropa Region",13.41158277,121.1938885,"speedier",NA,NA,0.9878478042,"Canis lupus familiaris","Dog","Domestic","Luzon",2024.73770491803
"RADDL4B-24-153",0.029069358,"RADDL4B-24-153","OM-92",NA,"Dog",NA,2024-07-25,"date_collected","Camilmil","Calapan City","Oriental Mindoro-Calapan City","Oriental Mindoro","Oriental Mindoro","MIMIROPA","Mimaropa Region",13.40118777,121.1833225,"speedier",NA,NA,0.9708,"Canis lupus familiaris","Dog","Domestic","Luzon",2024.56284153005
"4B-21-126",0.027805743,"4B-21-126",NA,NA,"Canis familiaris",NA,2021-01-26,"date_collected","Sapul","Calapan City","Oriental Mindoro-Calapan City","Oriental Mindoro","Oriental Mindoro","Southwestern Tagalog Region","Mimaropa Region",13.33178512,121.1780294,"phd",NA,NA,NA,"Canis lupus familiaris","Dog","Domestic","Luzon",2021.06849315068
"OR971484",0.028412129,"R4B-2021-058",NA,"OR971484","Canis lupus familiaris","brain",2021-09-02,"date_collected",NA,NA,NA,"Oriental Mindoro","Oriental Mindoro","Mimaropa Region","Mimaropa Region",NA,NA,"vgtk","Cruz,J.L., Gonzales,R.M.C., Azul,R.R., Pena,R.C.D.",NA,0.999580959,"Canis lupus familiaris","Dog","Domestic","Luzon",2021.66849315068
"4B-21-29",0.028224575,"4B-21-29",NA,NA,"Canis familiaris",NA,2021-02-09,"date_collected","San Narciso","Victoria","Oriental Mindoro-Baco","Oriental Mindoro","Oriental Mindoro","Southwestern Tagalog Region","Mimaropa Region",13.14368391,121.2438544,"phd",NA,NA,NA,"Canis lupus familiaris","Dog","Domestic","Luzon",2021.10684931507
"RADDL4B-24-007",0.029331491,"RADDL4B-24-007","OM-45",NA,"Dog",NA,2024-01-17,"date_collected","Poblacion","Bansud","Oriental Mindoro-Bansud","Oriental Mindoro","Oriental Mindoro","MIMIROPA","Mimaropa Region",12.84652574,121.4611416,"speedier",NA,NA,0.9702480724,"Canis lupus familiaris","Dog","Domestic","Luzon",2024.04371584699
"4B-22-31",0.030728046,"4B-22-31",NA,NA,"Canis familiaris",NA,2022-08-18,"date_collected","Bayanan","Pola","Oriental Mindoro-Pola","Oriental Mindoro","Oriental Mindoro","Southwestern Tagalog Region","Mimaropa Region",13.13990357,121.4449478,"phd",NA,NA,NA,"Canis lupus familiaris","Dog","Domestic","Luzon",2022.62739726027
"4B-22-21",0.030884401,"4B-22-21",NA,NA,"Canis familiaris",NA,2022-05-31,"date_collected","Panggulayan","Pinamalayan","Oriental Mindoro-Baco","Oriental Mindoro","Oriental Mindoro","Southwestern Tagalog Region","Mimaropa Region",13.02301767,121.4031803,"phd",NA,NA,NA,"Canis lupus familiaris","Dog","Domestic","Luzon",2022.41095890411
"4B-22-17",0.030671337,"4B-22-17",NA,NA,"Canis familiaris",NA,2022-05-08,"date_collected","Narra","Gloria","Oriental Mindoro-Baco","Oriental Mindoro","Oriental Mindoro","Southwestern Tagalog Region","Mimaropa Region",12.92166054,121.3754507,"phd",NA,NA,NA,"Canis lupus familiaris","Dog","Domestic","Luzon",2022.34794520548
"RADDL4B-23-058",0.03200145,"RADDL4B-23-058","OM-38",NA,"Dog",NA,2023-10-02,"date_collected","Poblacion III","Victoria","Oriental Mindoro-Baco","Oriental Mindoro","Oriental Mindoro","MIMIROPA","Mimaropa Region",13.1693714,121.2550578,"speedier",NA,NA,0.9485,"Canis lupus familiaris","Dog","Domestic","Luzon",2023.75068493151
"RADDL4B-24-173",0.033818065,"RADDL4B-24-173","OM-80",NA,"Dog",NA,2024-08-20,"date_collected","Poblacion IV","Victoria","Oriental Mindoro-Baco","Oriental Mindoro","Oriental Mindoro","MIMIROPA","Mimaropa Region",13.19101365,121.2841142,"speedier",NA,NA,0.9285,"Canis lupus familiaris","Dog","Domestic","Luzon",2024.63387978142
"RADDL4B-24-046",0.032127475,"RADDL4B-24-046","OM-55",NA,"Dog",NA,2024-03-10,"date_collected","Poblacion I","Victoria","Oriental Mindoro-Baco","Oriental Mindoro","Oriental Mindoro","MIMIROPA","Mimaropa Region",13.17380713,121.2853345,"speedier",NA,NA,0.9888,"Canis lupus familiaris","Dog","Domestic","Luzon",2024.18852459016
"RADDL4B-24-174",0.032004213,"RADDL4B-24-174","OM-81",NA,"Dog",NA,2024-11-22,"date_collected","Maligaya","Gloria","Oriental Mindoro-Baco","Oriental Mindoro","Oriental Mindoro","MIMIROPA","Mimaropa Region",12.97843859,121.4769904,"speedier",NA,NA,0.954,"Canis lupus familiaris","Dog","Domestic","Luzon",2024.89071038251
"RADDL4B-25-032",0.033643654,"RADDL4B-25-032","OM-102",NA,"Dog",NA,2025-06-06,"date_collected","Balete","Gloria","Oriental Mindoro-Baco","Oriental Mindoro","Oriental Mindoro","MIMIROPA","Mimaropa Region",12.93990519,121.4763888,"speedier",NA,NA,0.9668957425,"Canis lupus familiaris","Dog","Domestic","Luzon",2025.42739726027
"4B-22-16",0.029413606,"4B-22-16",NA,NA,"Canis familiaris",NA,2022-04-28,"date_collected","Orcenuma","Bongabong","Oriental Mindoro-Bongabong","Oriental Mindoro","Oriental Mindoro","Southwestern Tagalog Region","Mimaropa Region",12.71623574,121.3862303,"phd",NA,NA,NA,"Canis lupus familiaris","Dog","Domestic","Luzon",2022.32054794521
"4B-22-35",0.029686342,"4B-22-35",NA,NA,"Canis familiaris",NA,2022-10-25,"date_collected","Bagumbayan","Roxas","Oriental Mindoro-Roxas","Oriental Mindoro","Oriental Mindoro","Southwestern Tagalog Region","Mimaropa Region",12.61737051,121.4554967,"phd",NA,NA,NA,"Canis lupus familiaris","Dog","Domestic","Luzon",2022.81369863014
"4B-22-13",0.028799528,"4B-22-13",NA,NA,"Canis familiaris",NA,2022-04-22,"date_collected","Teresita","Mansalay","Oriental Mindoro-Baco","Oriental Mindoro","Oriental Mindoro","Southwestern Tagalog Region","Mimaropa Region",12.54836969,121.3482134,"phd",NA,NA,NA,"Canis lupus familiaris","Dog","Domestic","Luzon",2022.30410958904
"4B-22-40",0.029472763,"4B-22-40",NA,NA,"Canis familiaris",NA,2022-12-02,"date_collected","Balugo","Mansalay","Oriental Mindoro-Baco","Oriental Mindoro","Oriental Mindoro","Southwestern Tagalog Region","Mimaropa Region",12.54836969,121.3482134,"phd",NA,NA,NA,"Canis lupus familiaris","Dog","Domestic","Luzon",2022.91780821918
"RADDL4B-23-049",0.03061235,"RADDL4B-23-049","OM-37",NA,"Dog",NA,2023-08-31,"date_collected","Bagumbayan I","Bongabong","Oriental Mindoro-Bongabong","Oriental Mindoro","Oriental Mindoro","MIMIROPA","Mimaropa Region",12.74706568,121.4748503,"speedier",NA,NA,0.9889,"Canis lupus familiaris","Dog","Domestic","Luzon",2023.66301369863
"RADDL4B-24-052",0.030421336,"RADDL4B-24-052","OM-57",NA,"Dog",NA,2024-03-29,"date_collected","Poblacion","Mansalay","Oriental Mindoro-Baco","Oriental Mindoro","Oriental Mindoro","MIMIROPA","Mimaropa Region",12.53483774,121.4385791,"speedier",NA,NA,0.9883506537,"Canis lupus familiaris","Dog","Domestic","Luzon",2024.24043715847
"RADDL4B-24-093",0.031457239,"RADDL4B-24-093","OM-61",NA,"Dog",NA,2024-04-29,"date_collected","B. Del Mundo","Mansalay","Oriental Mindoro-Baco","Oriental Mindoro","Oriental Mindoro","MIMIROPA","Mimaropa Region",12.53191189,121.4645635,"speedier",NA,NA,0.988434462,"Canis lupus familiaris","Dog","Domestic","Luzon",2024.32513661202
"4B-22-20",0.028890668,"4B-22-20",NA,NA,"Canis familiaris",NA,2022-05-19,"date_collected","Don Pedro","Mansalay","Oriental Mindoro-Baco","Oriental Mindoro","Oriental Mindoro","Southwestern Tagalog Region","Mimaropa Region",12.54836969,121.3482134,"phd",NA,NA,NA,"Canis lupus familiaris","Dog","Domestic","Luzon",2022.37808219178
"4B-2922JG",0.030320457,"4B-2922JG",NA,NA,"Canis familiaris",NA,2022-02-09,"date_collected","Anilao","Bongabong","Oriental Mindoro-Bongabong","Oriental Mindoro","Oriental Mindoro","Southwestern Tagalog Region","Mimaropa Region",12.71623574,121.3862303,"phd",NA,NA,NA,"Canis lupus familiaris","Dog","Domestic","Luzon",2022.10684931507
"OR971496",0.030140759,"R4B-2022-00010",NA,"OR971496","Canis lupus familiaris","brain",2022-03-03,"date_collected",NA,NA,NA,"Oriental Mindoro","Oriental Mindoro","Mimaropa Region","Mimaropa Region",NA,NA,"vgtk","Cruz,J.L., Gonzales,R.M.C., Azul,R.R., Pena,R.C.D.",NA,0.999580959,"Canis lupus familiaris","Dog","Domestic","Luzon",2022.16712328767
"OR971495",0.030227356,"R4B-2022-00008",NA,"OR971495","Canis lupus familiaris","brain",2022-02-17,"date_collected",NA,NA,NA,"Oriental Mindoro","Oriental Mindoro","Mimaropa Region","Mimaropa Region",NA,NA,"vgtk","Cruz,J.L., Gonzales,R.M.C., Azul,R.R., Pena,R.C.D.",NA,0.999580959,"Canis lupus familiaris","Dog","Domestic","Luzon",2022.12876712329
"RADDL4B-23-044",0.030587105,"RADDL4B-23-044","OM-35",NA,"Dog",NA,2023-08-01,"date_collected","Libtong","Roxas","Oriental Mindoro-Roxas","Oriental Mindoro","Oriental Mindoro","MIMIROPA","Mimaropa Region",12.62432924,121.5031667,"speedier",NA,NA,0.9893,"Canis lupus familiaris","Dog","Domestic","Luzon",2023.58082191781
"RADDL4B-24-051",0.031058739,"RADDL4B-24-051","OM-56",NA,"Dog",NA,2024-03-26,"date_collected","Bagumbayan","Roxas","Oriental Mindoro-Roxas","Oriental Mindoro","Oriental Mindoro","MIMIROPA","Mimaropa Region",12.5902022,121.5209491,"speedier",NA,NA,0.9887,"Canis lupus familiaris","Dog","Domestic","Luzon",2024.23224043716
"Z-12-149",0.026186904,"Z-12-149",NA,NA,"Canis familiaris",NA,2012-06-28,"date_collected","Palayan","Pinamalayan","Oriental Mindoro-Baco","Oriental Mindoro","Oriental Mindoro","Southwestern Tagalog Region","Mimaropa Region",13.02301767,121.4031803,"phd",NA,NA,NA,"Canis lupus familiaris","Dog","Domestic","Luzon",2012.48907103825
"Z-14-106",0.027769609,"Z-14-106",NA,NA,"Felis catus",NA,2014-05-08,"date_collected","Sta. Cruz","Cavite  City","Cavite-Kawit","Cavite","Cavite","Calabarzon","Region IV-A (Calabarzon)",14.48021461,120.8978023,"phd",NA,NA,NA,"Felis catus","Cat","Domestic","Luzon",2014.34794520548
"Z-14-136",0.027476041,"Z-14-136",NA,NA,"Canis familiaris",NA,2014-06-11,"date_collected","Parklane,San Francisco","General Trias","Cavite-General Trias","Cavite","Cavite","Calabarzon","Region IV-A (Calabarzon)",14.32966619,120.8999068,"phd",NA,NA,NA,"Canis lupus familiaris","Dog","Domestic","Luzon",2014.44109589041
"Z-18-251",0.028437721,"Z-18-251",NA,NA,"Canis familiaris",NA,2018-12-07,"date_collected","Rpa Enterprises, Don Jose","Santa Rosa City","Laguna-Santa Rosa City","Laguna","Laguna","Calabarzon","Region IV-A (Calabarzon)",14.27260264,121.0895167,"phd",NA,NA,NA,"Canis lupus familiaris","Dog","Domestic","Luzon",2018.93150684932
"Z-18-001",0.028091865,"Z-18-001",NA,NA,"Felis catus",NA,2018-01-02,"date_collected","Andrea Vill. I, Panapaan Vi","Bacoor","Cavite-Bacoor","Cavite","Cavite","Calabarzon","Region IV-A (Calabarzon)",14.41614393,120.9704734,"phd",NA,NA,NA,"Felis catus","Cat","Domestic","Luzon",2018.00273972603
"Z-20-33",0.028585017,"Z-20-33",NA,NA,"Canis familiaris",NA,2020-02-18,"date_collected","F.B. Harizon Edsa","Pasay  City","Metropolitan Manila-Pasay City","Metropolitan Manila","Metropolitan Manila","National Capital Region (NCR)","National Capital Region (NCR)",14.53080944,121.0041508,"phd",NA,NA,NA,"Canis lupus familiaris","Dog","Domestic","Luzon",2020.13114754098
"MN857169",0.029100553,"BAI/BAINCR/2019-03/can",NA,"MN857169","canine","",2019-05-31,"date_collected",NA,"Pasay City","Metropolitan Manila-Pasay City","Metropolitan Manila","Metropolitan Manila","National Capital Region (NCR)","National Capital Region (NCR)",NA,NA,"vgtk; manual_correction","Ubaldo,F.P.J.R., Cruz,J.L., Gonzales,R.M.C., Legaspi,C.F., Maravilla,J.L.",NA,0.999161918,"Canis lupus familiaris","Dog","Domestic","Luzon",2019.41095890411
"OR971353",0.028842189,"NCR-2020-2865",NA,"OR971353","Canis lupus familiaris","brain",2020-07-23,"date_collected",NA,NA,NA,"Metropolitan Manila","Metropolitan Manila","National Capital Region (NCR)","National Capital Region (NCR)",NA,NA,"vgtk; manual_correction","Cruz,J.L., Gonzales,R.M.C., Azul,R.R., Pena,R.C.D.",NA,0.999497151,"Canis lupus familiaris","Dog","Domestic","Luzon",2020.55737704918
"Z-17-217",0.027989569,"Z-17-217",NA,NA,"Canis familiaris",NA,2017-11-16,"date_collected","Paliko 4","Imus","Cavite-Imus","Cavite","Cavite","Calabarzon","Region IV-A (Calabarzon)",14.39822975,120.9319992,"phd",NA,NA,NA,"Canis lupus familiaris","Dog","Domestic","Luzon",2017.87397260274
"Z-17-177",0.028075261,"Z-17-177",NA,NA,"Canis familiaris",NA,2017-09-25,"date_collected","Bgy. Navarro","General Trias","Cavite-General Trias","Cavite","Cavite","Calabarzon","Region IV-A (Calabarzon)",14.32966619,120.8999068,"phd",NA,NA,NA,"Canis lupus familiaris","Dog","Domestic","Luzon",2017.73150684932
"OR971480",0.029450192,"R4A-2022-261",NA,"OR971480","Canis lupus familiaris","brain",2022-02-24,"date_collected",NA,NA,NA,"Cavite","Cavite","Region IV-A (Calabarzon)","Region IV-A (Calabarzon)",NA,NA,"vgtk","Cruz,J.L., Gonzales,R.M.C., Azul,R.R., Pena,R.C.D.",NA,0.999664767,"Canis lupus familiaris","Dog","Domestic","Luzon",2022.14794520548
"Z-19-123",0.028772061,"Z-19-123",NA,NA,"Canis familiaris",NA,2019-08-11,"date_collected","Anabu 2F","Imus","Cavite-Imus","Cavite","Cavite","Calabarzon","Region IV-A (Calabarzon)",14.39822975,120.9319992,"phd",NA,NA,NA,"Canis lupus familiaris","Dog","Domestic","Luzon",2019.60821917808
"Z-15-116",0.02860482,"Z-15-116",NA,NA,"Dog",NA,2015-06-17,"date_collected","Purok 6, Landayan","San Pedro","Laguna-San Pedro","Laguna","Laguna","Calabarzon (IV-A)","Region IV-A (Calabarzon)",NA,NA,"2018_workshop",NA,NA,NA,"Canis lupus familiaris","Dog","Domestic","Luzon",2015.45753424658
"Z-16-196",0.028229987,"Z-16-196",NA,NA,"Canis familiaris",NA,2016-11-23,"date_collected","Sampaloc","Dasmariñas","Cavite-Dasmariñas","Cavite","Cavite","Calabarzon","Region IV-A (Calabarzon)",14.31850325,120.9657797,"phd",NA,NA,NA,"Canis lupus familiaris","Dog","Domestic","Luzon",2016.89344262295
"Z-16-013",0.028035773,"Z-16-013",NA,NA,"Dog",NA,2016-01-16,"date_collected","PEA 2A, Langgam","San Pedro","Laguna-San Pedro","Laguna","Laguna","Calabarzon (IV-A)","Region IV-A (Calabarzon)",NA,NA,"2018_workshop",NA,NA,NA,"Canis lupus familiaris","Dog","Domestic","Luzon",2016.04098360656
"Z-12-118",0.026115804,"Z-12-118",NA,NA,"Dog",NA,2012-05-31,"date_collected","Bacao 2","Gen. Trias","Cavite-Imus","Cavite","Cavite","Calabarzon (IV-A)","Region IV-A (Calabarzon)",NA,NA,"2018_workshop",NA,NA,NA,"Canis lupus familiaris","Dog","Domestic","Luzon",2012.41256830601
"Z-15-019",0.027210184,"Z-15-019",NA,NA,"Dog",NA,2015-01-28,"date_collected","Multinational Vill.","Paranaque City","Metropolitan Manila-Quezon City","Metropolitan Manila","Metropolitan Manila","National Capital Region (NCR)","National Capital Region (NCR)",NA,NA,"2018_workshop; manual_correction",NA,NA,NA,"Canis lupus familiaris","Dog","Domestic","Luzon",2015.07397260274
"Z-13-259",0.026334861,"Z-13-259",NA,NA,"Canis familiaris",NA,2013-12-18,"date_collected","Pound","Cavite  City","Cavite-Kawit","Cavite","Cavite","Calabarzon","Region IV-A (Calabarzon)",14.48021461,120.8978023,"phd",NA,NA,NA,"Canis lupus familiaris","Dog","Domestic","Luzon",2013.96164383562
"Z-13-009",0.026150478,"Z-13-009",NA,NA,"Dog",NA,2013-01-19,"date_collected","Paradahan I","Tanza","Cavite-Tanza","Cavite","Cavite","Calabarzon (IV-A)","Region IV-A (Calabarzon)",NA,NA,"2018_workshop",NA,NA,NA,"Canis lupus familiaris","Dog","Domestic","Luzon",2013.04931506849
"Z-15-185",0.027376684,"Z-15-185",NA,NA,"Dog",NA,2015-10-18,"date_collected","San Dionisio","Paranaque City","Metropolitan Manila-Quezon City","Metropolitan Manila","Metropolitan Manila","National Capital Region (NCR)","National Capital Region (NCR)",NA,NA,"2018_workshop; manual_correction",NA,NA,NA,"Canis lupus familiaris","Dog","Domestic","Luzon",2015.79452054795
"Z-16-211",0.026964766,"Z-16-211",NA,NA,"Canis familiaris",NA,2016-12-19,"date_collected","Las Villas De Manila","Binan","Laguna-Bay","Laguna","Laguna","Calabarzon","Region IV-A (Calabarzon)",14.30526494,121.0647852,"phd",NA,NA,NA,"Canis lupus familiaris","Dog","Domestic","Luzon",2016.96448087432
"Z-17-221",0.026904663,"Z-17-221",NA,NA,"Canis familiaris",NA,2017-11-28,"date_collected","Bgy. Nawasa","Noveleta","Cavite-Noveleta","Cavite","Cavite","Calabarzon","Region IV-A (Calabarzon)",14.43119105,120.8796209,"phd",NA,NA,NA,"Canis lupus familiaris","Dog","Domestic","Luzon",2017.90684931507
"Z-15-130",0.02713467,"Z-15-130",NA,NA,"Dog",NA,2015-06-20,"date_collected","Pinagtipunan","Gen. Trias","Cavite-Imus","Cavite","Cavite","Calabarzon (IV-A)","Region IV-A (Calabarzon)",NA,NA,"2018_workshop",NA,NA,NA,"Canis lupus familiaris","Dog","Domestic","Luzon",2015.46575342466
"Z-16-159",0.027266944,"Z-16-159",NA,NA,"Dog",NA,2016-12-20,"date_collected","Capipisa","Tanza","Cavite-Tanza","Cavite","Cavite","Calabarzon (IV-A)","Region IV-A (Calabarzon)",NA,NA,"2018_workshop",NA,NA,NA,"Canis lupus familiaris","Dog","Domestic","Luzon",2016.96721311475
"Z-14-05",0.026222683,"Z-14-05",NA,NA,"Canis familiaris",NA,2014-01-05,"date_collected","Pasong Camachile","General Trias","Cavite-General Trias","Cavite","Cavite","Calabarzon","Region IV-A (Calabarzon)",14.32966619,120.8999068,"phd",NA,NA,NA,"Canis lupus familiaris","Dog","Domestic","Luzon",2014.01095890411
"Z-14-142",0.0263175,"Z-14-142",NA,NA,"Canis familiaris",NA,2014-06-21,"date_collected","Mercedes Homes 3","Binan","Laguna-Bay","Laguna","Laguna","Calabarzon","Region IV-A (Calabarzon)",14.30526494,121.0647852,"phd",NA,NA,NA,"Canis lupus familiaris","Dog","Domestic","Luzon",2014.46849315068
"Z-15-163",0.026558459,"Z-15-163",NA,NA,"Canis familiaris",NA,2015-09-05,"date_collected","Panapaan 8","Bacoor","Cavite-Bacoor","Cavite","Cavite","Calabarzon","Region IV-A (Calabarzon)",14.41614393,120.9704734,"phd",NA,NA,NA,"Canis lupus familiaris","Dog","Domestic","Luzon",2015.67671232877
"OR971370",0.028393371,"NCR-2022-2995",NA,"OR971370","Canis lupus familiaris","brain",2022-08-15,"date_collected",NA,NA,NA,"Metropolitan Manila","Metropolitan Manila","National Capital Region (NCR)","National Capital Region (NCR)",NA,NA,"vgtk; manual_correction","Cruz,J.L., Gonzales,R.M.C., Azul,R.R., Pena,R.C.D.",NA,0.999580959,"Canis lupus familiaris","Dog","Domestic","Luzon",2022.61917808219
"OR971378",0.028911311,"NCR-2022-3487",NA,"OR971378","Canis lupus familiaris","brain",2022-09-16,"date_collected",NA,NA,NA,"Metropolitan Manila","Metropolitan Manila","National Capital Region (NCR)","National Capital Region (NCR)",NA,NA,"vgtk; manual_correction","Cruz,J.L., Gonzales,R.M.C., Azul,R.R., Pena,R.C.D.",NA,0.999580959,"Canis lupus familiaris","Dog","Domestic","Luzon",2022.70684931507
"Z-20-01",0.027718148,"Z-20-01",NA,NA,"Canis familiaris",NA,2020-01-03,"date_collected","Meadowood Subd.,Panapaan 8","Bacoor","Cavite-Bacoor","Cavite","Cavite","Calabarzon","Region IV-A (Calabarzon)",14.41614393,120.9704734,"phd",NA,NA,NA,"Canis lupus familiaris","Dog","Domestic","Luzon",2020.00546448087
"Z-07-07",0.025113015,"Z-07-07",NA,NA,"Canis familiaris",NA,2007-01-08,"date_collected","Molino 6","General Trias","Cavite-General Trias","Cavite","Cavite","Calabarzon","Region IV-A (Calabarzon)",14.32966619,120.8999068,"phd",NA,NA,NA,"Canis lupus familiaris","Dog","Domestic","Luzon",2007.01917808219
"Z-13-089",0.02694275,"Z-13-089",NA,NA,"Canis familiaris",NA,2013-05-04,"date_collected","Malainen Luma","Naic","Cavite-Naic","Cavite","Cavite","Calabarzon","Region IV-A (Calabarzon)",14.29182513,120.7960137,"phd",NA,NA,NA,"Canis lupus familiaris","Dog","Domestic","Luzon",2013.33698630137
"Z-13-066",0.026500444,"Z-13-066",NA,NA,"Canis familiaris",NA,2013-04-05,"date_collected","Bayan Luma","Imus","Cavite-Imus","Cavite","Cavite","Calabarzon","Region IV-A (Calabarzon)",14.39822975,120.9319992,"phd",NA,NA,NA,"Canis lupus familiaris","Dog","Domestic","Luzon",2013.25753424658
"Z-18-114",0.027949858,"Z-18-114",NA,NA,"Canis familiaris",NA,2018-05-28,"date_collected","Banay-Banay 1St","San Jose","Batangas-San Jose","Batangas","Batangas","Calabarzon","Region IV-A (Calabarzon)",13.87787315,121.0901132,"phd",NA,NA,NA,"Canis lupus familiaris","Dog","Domestic","Luzon",2018.40273972603
"OR971475",0.031244755,"R4A-2022-171",NA,"OR971475","Canis lupus familiaris","brain",2022-07-02,"date_collected",NA,NA,NA,"Cavite","Cavite","Region IV-A (Calabarzon)","Region IV-A (Calabarzon)",NA,NA,"vgtk","Cruz,J.L., Gonzales,R.M.C., Azul,R.R., Pena,R.C.D.",NA,0.999580959,"Canis lupus familiaris","Dog","Domestic","Luzon",2022.49863013699
"4A-22-171",0.030747944,"4A-22-171",NA,NA,"Canis familiaris",NA,2022-02-06,"date_collected","Buenavista","General Trias","Cavite-General Trias","Cavite","Cavite","Calabarzon","Region IV-A (Calabarzon)",14.32966619,120.8999068,"phd",NA,NA,NA,"Canis lupus familiaris","Dog","Domestic","Luzon",2022.09863013699
"Z-13-135",0.02704531,"Z-13-135",NA,NA,"Canis familiaris",NA,2013-06-12,"date_collected","Alulod","Indang","Cavite-Indang","Cavite","Cavite","Calabarzon","Region IV-A (Calabarzon)",14.18917642,120.8713283,"phd",NA,NA,NA,"Canis lupus familiaris","Dog","Domestic","Luzon",2013.44383561644
"Z-16-210",0.027045309,"Z-16-210",NA,NA,"Canis familiaris",NA,2016-12-16,"date_collected","Almanza 2","Las Piñas","Metropolitan Manila-Las Piñas","Metropolitan Manila","Metropolitan Manila","National Capital Region (NCR)","National Capital Region (NCR)",14.4423825,120.9940879,"phd",NA,NA,NA,"Canis lupus familiaris","Dog","Domestic","Luzon",2016.95628415301
"Z-05-557",0.02260818,"Z-05-557",NA,NA,"Canis familiaris",NA,2005-12-03,"date_collected","Rizal","Makati City","Metropolitan Manila-Makati City","Metropolitan Manila","Metropolitan Manila","National Capital Region (NCR)","National Capital Region (NCR)",14.54943127,121.0335906,"phd",NA,NA,NA,"Canis lupus familiaris","Dog","Domestic","Luzon",2005.92054794521
"Z-07-351",0.024015317,"Z-07-351",NA,NA,"Canis familiaris",NA,2007-10-25,"date_collected","-","Taguig","Metropolitan Manila-Taguig","Metropolitan Manila","Metropolitan Manila","National Capital Region (NCR)","National Capital Region (NCR)",14.51469695,121.0660524,"phd",NA,NA,NA,"Canis lupus familiaris","Dog","Domestic","Luzon",2007.81369863014
"Z-07-38",0.024607388,"Z-07-38",NA,NA,"Canis familiaris",NA,2007-05-02,"date_collected","Timbol","Bacoor","Cavite-Bacoor","Cavite","Cavite","Calabarzon","Region IV-A (Calabarzon)",14.41614393,120.9704734,"phd",NA,NA,NA,"Canis lupus familiaris","Dog","Domestic","Luzon",2007.33150684932
"Z-13-086",0.025615587,"Z-13-086",NA,NA,"Canis familiaris",NA,2013-05-03,"date_collected","San Carlos","Binangonan","Rizal-Binangonan","Rizal","Rizal","Calabarzon","Region IV-A (Calabarzon)",14.49353136,121.1932147,"phd",NA,NA,NA,"Canis lupus familiaris","Dog","Domestic","Luzon",2013.33424657534
"Z-13-020",0.026288648,"Z-13-020",NA,NA,"Canis familiaris",NA,2013-02-02,"date_collected","Sucat","Muntinlupa","Metropolitan Manila-Muntinlupa","Metropolitan Manila","Metropolitan Manila","National Capital Region (NCR)","National Capital Region (NCR)",14.40197636,121.0327847,"phd",NA,NA,NA,"Canis lupus familiaris","Dog","Domestic","Luzon",2013.08767123288
"Z-13-036",0.025924538,"Z-13-036",NA,NA,"Canis familiaris",NA,2013-02-25,"date_collected","Upper Bicutan","Taguig","Metropolitan Manila-Taguig","Metropolitan Manila","Metropolitan Manila","National Capital Region (NCR)","National Capital Region (NCR)",14.51469695,121.0660524,"phd",NA,NA,NA,"Canis lupus familiaris","Dog","Domestic","Luzon",2013.15068493151
"Z-13-032",0.025927628,"Z-13-032",NA,NA,"Canis familiaris",NA,2013-02-14,"date_collected","Lower Bicutan","Taguig","Metropolitan Manila-Taguig","Metropolitan Manila","Metropolitan Manila","National Capital Region (NCR)","National Capital Region (NCR)",14.51469695,121.0660524,"phd",NA,NA,NA,"Canis lupus familiaris","Dog","Domestic","Luzon",2013.12054794521
"Z-14-152",0.027588752,"Z-14-152",NA,NA,"Dog",NA,2014-02-20,"date_collected","Tipas","Taguig City","Metropolitan Manila-Pasig City","Metropolitan Manila","Metropolitan Manila","National Capital Region (NCR)","National Capital Region (NCR)",NA,NA,"2018_workshop; manual_correction",NA,NA,NA,"Canis lupus familiaris","Dog","Domestic","Luzon",2014.13698630137
"Z-15-148",0.027153592,"Z-15-148",NA,NA,"Dog",NA,2015-04-20,"date_collected","Upper Bicutan","Taguig","Metropolitan Manila-Taguig","Metropolitan Manila","Metropolitan Manila","National Capital Region (NCR)","National Capital Region (NCR)",NA,NA,"2018_workshop; manual_correction",NA,NA,NA,"Canis lupus familiaris","Dog","Domestic","Luzon",2015.29863013699
"Z-14-058",0.026863287,"Z-14-058",NA,NA,"Canis familiaris",NA,2014-03-14,"date_collected","-","Taytay","Rizal-Taytay","Rizal","Rizal","Calabarzon","Region IV-A (Calabarzon)",14.56080116,121.1315174,"phd",NA,NA,NA,"Canis lupus familiaris","Dog","Domestic","Luzon",2014.19726027397
"Z-98-515",0.022344708,"Z-98-515",NA,NA,"Canis familiaris",NA,1998-05-20,"date_collected","Cupang","Muntinlupa","Metropolitan Manila-Muntinlupa","Metropolitan Manila","Metropolitan Manila","National Capital Region (NCR)","National Capital Region (NCR)",14.40197636,121.0327847,"phd",NA,NA,NA,"Canis lupus familiaris","Dog","Domestic","Luzon",1998.38082191781
"Z-98-616",0.021528722,"Z-98-616",NA,NA,"Canis familiaris",NA,1998-06-18,"date_collected","-","San Miguel","Bulacan-San Miguel","Bulacan","Bulacan","Central Luzon","Region III (Central Luzon)",15.17310142,121.0401182,"phd",NA,NA,NA,"Canis lupus familiaris","Dog","Domestic","Luzon",1998.4602739726
"KX148259",0.020355185,"94272PHI",NA,"KX148259","dog","brain",1994-01-01,"date_collected",NA,NA,NA,"",NA,NA,NA,NA,NA,"vgtk","Troupin,C., Dacheux,L., Tanguy,M., Blanc,H., Bouchier,C., Vignuzzi,M., Bourhy,H.",NA,0.989188736,"Canis lupus familiaris","Dog","Domestic",NA,1994
"Z-98-838",0.022812812,"Z-98-838",NA,NA,"Canis familiaris",NA,1998-08-09,"date_collected","Upper Bicutan","Taguig","Metropolitan Manila-Taguig","Metropolitan Manila","Metropolitan Manila","National Capital Region (NCR)","National Capital Region (NCR)",14.51469695,121.0660524,"phd",NA,NA,NA,"Canis lupus familiaris","Dog","Domestic","Luzon",1998.60273972603
"KX148260",0.023214295,"04030PHI",NA,"KX148260","dog","",2004-01-01,"date_collected",NA,NA,NA,"",NA,NA,NA,NA,NA,"vgtk","Troupin,C., Dacheux,L., Tanguy,M., Blanc,H., Bouchier,C., Vignuzzi,M., Bourhy,H.",NA,0.989272544,"Canis lupus familiaris","Dog","Domestic",NA,2004
"Z-06-39",0.023671931,"Z-06-39",NA,NA,"Canis familiaris",NA,2006-01-26,"date_collected","Ambulong","Tanauan","Batangas-Bauan","Batangas","Batangas","Calabarzon","Region IV-A (Calabarzon)",14.09625533,121.0970452,"phd",NA,NA,NA,"Canis lupus familiaris","Dog","Domestic","Luzon",2006.06849315068
"KX148261",0.021207733,"94281PHI",NA,"KX148261","dog","brain",1994-01-01,"date_collected",NA,NA,NA,"",NA,NA,NA,NA,NA,"vgtk","Troupin,C., Dacheux,L., Tanguy,M., Blanc,H., Bouchier,C., Vignuzzi,M., Bourhy,H.",NA,0.988937311,"Canis lupus familiaris","Dog","Domestic",NA,1994
"RADDL3-1045",0.026460752,"RADDL3-1045",NA,NA,"Canis familiaris",NA,2015-10-23,"date_collected","St. Francis","Limay","Bataan-Limay","Bataan","Bataan","Central Luzon","Region III (Central Luzon)",14.53878982,120.5544428,"phd",NA,NA,NA,"Canis lupus familiaris","Dog","Domestic","Luzon",2015.80821917808
"RADDL1-16-153",0.02492029,"RADDL1-16-153",NA,NA,"Canis familiaris",NA,2016-07-18,"date_collected","Real","Urbiztondo","Pangasinan-Urbiztondo","Pangasinan","Pangasinan","Ilocos Region","Region I (Ilocos Region)",15.82353439,120.3636915,"phd",NA,NA,NA,"Canis lupus familiaris","Dog","Domestic","Luzon",2016.54371584699
"RADDL3-16-1008",0.026040872,"RADDL3-16-1008",NA,NA,"Canis familiaris",NA,2016-10-27,"date_collected","Pamaldan","Cabanatuan City","Nueva Ecija-Cabanatuan City","Nueva Ecija","Nueva Ecija","Central Luzon","Region III (Central Luzon)",15.49243695,120.9899426,"phd",NA,NA,NA,"Canis lupus familiaris","Dog","Domestic","Luzon",2016.81967213115
"OR971381",0.026526597,"R1-2019-178",NA,"OR971381","Canis lupus familiaris","brain",2019-09-10,"date_collected","Nalsian","Calasiao","Pangasinan-Agno","Pangasinan","Pangasinan","Region I (Ilocos Region)","Region I (Ilocos Region)",NA,NA,"vgtk; raddl_correction","Cruz,J.L., Gonzales,R.M.C., Azul,R.R., Pena,R.C.D.",NA,0.999497151,"Canis lupus familiaris","Dog","Domestic","Luzon",2019.6904109589
"OR971392",0.02808846,"R1-2022-042",NA,"OR971392","Canis lupus familiaris","brain",2022-04-21,"date_collected","Balangobong","Binalonan","Pangasinan-Agno","Pangasinan","Pangasinan","Region I (Ilocos Region)","Region I (Ilocos Region)",NA,NA,"vgtk; raddl_correction","Cruz,J.L., Gonzales,R.M.C., Azul,R.R., Pena,R.C.D.",NA,0.999580959,"Canis lupus familiaris","Dog","Domestic","Luzon",2022.30136986301
"OR971390",0.027999364,"R1-2022-034",NA,"OR971390","Canis lupus familiaris","brain",2022-04-04,"date_collected","Namboongan","Santo tomas","La Union-Santo Tomas","La Union","La Union","Region I (Ilocos Region)","Region I (Ilocos Region)",NA,NA,"vgtk; raddl_correction","Cruz,J.L., Gonzales,R.M.C., Azul,R.R., Pena,R.C.D.",NA,0.999580959,"Canis lupus familiaris","Dog","Domestic","Luzon",2022.25479452055
"REGION_5_2018-100",0.026138061,"REGION_5_2018-100",NA,NA,"Dog",NA,2018-03-27,"date_collected","ZONE 1","LIBON","Albay-Libon","ALBAY","Albay","Bicol (V)","Region V (Bicol Region)",NA,NA,"2018_workshop",NA,NA,NA,"Canis lupus familiaris","Dog","Domestic","Luzon",2018.23287671233
"OR971506",0.026298434,"R5-2019-0064",NA,"OR971506","Canis lupus familiaris","brain",2019-03-07,"date_collected","Carolina","Naga city","Camarines Sur-Bato","Camarines Sur","Camarines Sur","Region V (Bicol Region)","Region V (Bicol Region)",NA,NA,"vgtk; raddl_correction","Cruz,J.L., Gonzales,R.M.C., Azul,R.R., Pena,R.C.D.",NA,0.999329534,"Canis lupus familiaris","Dog","Domestic","Luzon",2019.17808219178
"OR971519",0.026906637,"R5-2021-0329",NA,"OR971519","Canis lupus familiaris","brain",2021-03-22,"date_collected","Dinaga","Naga city","Camarines Sur-Bato","Camarines Sur","Camarines Sur","Region V (Bicol Region)","Region V (Bicol Region)",NA,NA,"vgtk; raddl_correction","Cruz,J.L., Gonzales,R.M.C., Azul,R.R., Pena,R.C.D.",NA,0.999329534,"Canis lupus familiaris","Dog","Domestic","Luzon",2021.21917808219
"OR971515",0.026906715,"R5-2021-0142",NA,"OR971515","Canis lupus familiaris","brain",2021-02-01,"date_collected","Concepcion pequeña","Naga city","Camarines Sur-Bato","Camarines Sur","Camarines Sur","Region V (Bicol Region)","Region V (Bicol Region)",NA,NA,"vgtk; raddl_correction","Cruz,J.L., Gonzales,R.M.C., Azul,R.R., Pena,R.C.D.",NA,0.999329534,"Canis lupus familiaris","Dog","Domestic","Luzon",2021.08493150685
"OR971509",0.026384487,"R5-2021-0069",NA,"OR971509","Canis lupus familiaris","brain",2021-01-11,"date_collected","Culiat","Ligao city","Albay-Ligao City","Albay","Albay","Region V (Bicol Region)","Region V (Bicol Region)",NA,NA,"vgtk; raddl_correction","Cruz,J.L., Gonzales,R.M.C., Azul,R.R., Pena,R.C.D.",NA,0.999329534,"Canis lupus familiaris","Dog","Domestic","Luzon",2021.02739726027
"REGION_5_2018-304",0.026321888,"REGION_5_2018-304",NA,NA,"Dog",NA,2018-10-25,"date_collected","SAN ROQUE","DARAGA","Albay-Daraga","ALBAY","Albay","Bicol (V)","Region V (Bicol Region)",NA,NA,"2018_workshop",NA,NA,NA,"Canis lupus familiaris","Dog","Domestic","Luzon",2018.81369863014
"REGION_5_2018-50",0.026369268,"REGION_5_2018-50",NA,NA,"Dog",NA,2018-12-20,"date_collected","BASAG","LIGAO","Albay-Oas","ALBAY","Albay","Bicol (V)","Region V (Bicol Region)",NA,NA,"2018_workshop",NA,NA,NA,"Canis lupus familiaris","Dog","Domestic","Luzon",2018.96712328767
"REGION_5_2019-1",0.026591267,"REGION_5_2019-1",NA,NA,"Dog",NA,2019-03-20,"date_collected","PANAL","TABACO","Albay-Oas","ALBAY","Albay","Bicol (V)","Region V (Bicol Region)",NA,NA,"2018_workshop",NA,NA,NA,"Canis lupus familiaris","Dog","Domestic","Luzon",2019.21369863014
"REGION_5_2019-13",0.026590947,"REGION_5_2019-13",NA,NA,"Dog",NA,2019-01-17,"date_collected","BATANG","LIGAO","Albay-Oas","ALBAY","Albay","Bicol (V)","Region V (Bicol Region)",NA,NA,"2018_workshop",NA,NA,NA,"Canis lupus familiaris","Dog","Domestic","Luzon",2019.04383561644
"19-30",0.025781434,"19-30",NA,NA,"Canis familiaris",NA,2019-11-02,"date_collected","Cabagnan","Camalig","Albay-Camalig","Albay","Albay","Bicol Region","Region V (Bicol Region)",NA,NA,"phd",NA,NA,NA,"Canis lupus familiaris","Dog","Domestic","Luzon",2019.83561643836
"19-40",0.025955765,"19-40",NA,NA,"Canis familiaris",NA,2019-02-27,"date_collected","","Santo Domingo","Albay-Santo Domingo","Albay","Albay","Bicol Region","Region V (Bicol Region)",NA,NA,"phd",NA,NA,NA,"Canis lupus familiaris","Dog","Domestic","Luzon",2019.15616438356
"153",0.025706975,"153",NA,NA,"Canis familiaris",NA,2018-05-17,"date_collected","Paulog","Ligao City","Albay-Ligao City","Albay","Albay","Bicol Region","Region V (Bicol Region)",13.18230598,123.4944229,"phd",NA,NA,NA,"Canis lupus familiaris","Dog","Domestic","Luzon",2018.37260273973
"OR971523",0.026916287,"R5-2021-0404",NA,"OR971523","Canis lupus familiaris","brain",2021-04-12,"date_collected","Tara","Sipocot","Camarines Sur-Sipocot","Camarines Sur","Camarines Sur","Region V (Bicol Region)","Region V (Bicol Region)",NA,NA,"vgtk; raddl_correction","Cruz,J.L., Gonzales,R.M.C., Azul,R.R., Pena,R.C.D.",NA,0.999161918,"Canis lupus familiaris","Dog","Domestic","Luzon",2021.27671232877
"OR971516",0.026220231,"R5-2021-0276",NA,"OR971516","Canis lupus familiaris","brain",2021-03-05,"date_collected","Cuyapi","Libmanan","Camarines Sur-Libmanan","Camarines Sur","Camarines Sur","Region V (Bicol Region)","Region V (Bicol Region)",NA,NA,"vgtk; raddl_correction","Cruz,J.L., Gonzales,R.M.C., Azul,R.R., Pena,R.C.D.",NA,0.999329534,"Canis lupus familiaris","Dog","Domestic","Luzon",2021.17260273973
"OR971518",0.02648055,"R5-2021-0328",NA,"OR971518","Canis lupus familiaris","brain",2021-03-22,"date_collected","Igualdad","Naga city","Camarines Sur-Bato","Camarines Sur","Camarines Sur","Region V (Bicol Region)","Region V (Bicol Region)",NA,NA,"vgtk; raddl_correction","Cruz,J.L., Gonzales,R.M.C., Azul,R.R., Pena,R.C.D.",NA,0.999329534,"Canis lupus familiaris","Dog","Domestic","Luzon",2021.21917808219
"R5-21-128",0.026836294,"R5-21-128",NA,NA,"Canis familiaris",NA,2021-11-09,"date_collected","Cararayan","Naga City","Camarines Sur-Bato","Camarines Sur","Camarines Sur","Bicol Region","Region V (Bicol Region)",13.64368803,123.2594656,"phd",NA,NA,NA,"Canis lupus familiaris","Dog","Domestic","Luzon",2021.85479452055
"OR971529",0.026295414,"R5-2021-0470",NA,"OR971529","Canis lupus familiaris","brain",2021-05-03,"date_collected","Poblacion","Talisay","Camarines Norte-Daet","Camarines Norte","Camarines Norte","Region V (Bicol Region)","Region V (Bicol Region)",NA,NA,"vgtk; raddl_correction","Cruz,J.L., Gonzales,R.M.C., Azul,R.R., Pena,R.C.D.",NA,0.999329534,"Canis lupus familiaris","Dog","Domestic","Luzon",2021.33424657534
"OR971524",0.026295078,"R5-2021-0424",NA,"OR971524","Canis lupus familiaris","brain",2021-04-19,"date_collected","Bactas","Basud","Camarines Norte-Basud","Camarines Norte","Camarines Norte","Region V (Bicol Region)","Region V (Bicol Region)",NA,NA,"vgtk; raddl_correction","Cruz,J.L., Gonzales,R.M.C., Azul,R.R., Pena,R.C.D.",NA,0.999329534,"Canis lupus familiaris","Dog","Domestic","Luzon",2021.29589041096
"OR971514",0.026381735,"R5-2021-0140",NA,"OR971514","Canis lupus familiaris","brain",2021-02-01,"date_collected","Dalas","Labo","Camarines Norte-Labo","Camarines Norte","Camarines Norte","Region V (Bicol Region)","Region V (Bicol Region)",NA,NA,"vgtk; raddl_correction","Cruz,J.L., Gonzales,R.M.C., Azul,R.R., Pena,R.C.D.",NA,0.999329534,"Canis lupus familiaris","Dog","Domestic","Luzon",2021.08493150685
"OR971533",0.026121805,"R5-2021-0517",NA,"OR971533","Canis lupus familiaris","brain",2021-05-10,"date_collected","Batobalani","Paracale","Camarines Norte-Paracale","Camarines Norte","Camarines Norte","Region V (Bicol Region)","Region V (Bicol Region)",NA,NA,"vgtk; raddl_correction","Cruz,J.L., Gonzales,R.M.C., Azul,R.R., Pena,R.C.D.",NA,0.999329534,"Canis lupus familiaris","Dog","Domestic","Luzon",2021.35342465753
"OR971513",0.026208624,"R5-2021-0139",NA,"OR971513","Canis lupus familiaris","brain",2021-02-01,"date_collected","Lag-on","Daet","Camarines Norte-Daet","Camarines Norte","Camarines Norte","Region V (Bicol Region)","Region V (Bicol Region)",NA,NA,"vgtk; raddl_correction","Cruz,J.L., Gonzales,R.M.C., Azul,R.R., Pena,R.C.D.",NA,0.999329534,"Canis lupus familiaris","Dog","Domestic","Luzon",2021.08493150685
"OR971512",0.026034936,"R5-2021-0138",NA,"OR971512","Canis lupus familiaris","brain",2021-02-01,"date_collected","Mancruz","Daet","Camarines Norte-Daet","Camarines Norte","Camarines Norte","Region V (Bicol Region)","Region V (Bicol Region)",NA,NA,"vgtk; raddl_correction","Cruz,J.L., Gonzales,R.M.C., Azul,R.R., Pena,R.C.D.",NA,0.999329534,"Canis lupus familiaris","Dog","Domestic","Luzon",2021.08493150685
"R5-21-115",0.02621997,"R5-21-115",NA,NA,"Canis familiaris",NA,2021-09-28,"date_collected","Pob. III","Vinzons","Camarines Norte-Vinzons","Camarines Norte","Camarines Norte","Bicol Region","Region V (Bicol Region)",14.19277209,122.8889974,"phd",NA,NA,NA,"Canis lupus familiaris","Dog","Domestic","Luzon",2021.7397260274
"OR971530",0.025514887,"R5-2021-0472",NA,"OR971530","Canis lupus familiaris","brain",2021-05-03,"date_collected","Calangcawan sur","Vinzons","Camarines Norte-Vinzons","Camarines Norte","Camarines Norte","Region V (Bicol Region)","Region V (Bicol Region)",NA,NA,"vgtk; raddl_correction","Cruz,J.L., Gonzales,R.M.C., Azul,R.R., Pena,R.C.D.",NA,0.999329534,"Canis lupus familiaris","Dog","Domestic","Luzon",2021.33424657534
"R5-21-140",0.026098851,"R5-21-140",NA,NA,"Canis familiaris",NA,2021-12-10,"date_collected","Calang Calawan","Vinzons","Camarines Norte-Vinzons","Camarines Norte","Camarines Norte","Bicol Region","Region V (Bicol Region)",14.19277209,122.8889974,"phd",NA,NA,NA,"Canis lupus familiaris","Dog","Domestic","Luzon",2021.9397260274
"RADDL5-005",0.024020376,"RADDL5-005",NA,NA,"Canis familiaris",NA,2015-01-30,"date_collected","San Nicolas","Iriga  City","Camarines Sur-Bato","Camarines Sur","Camarines Sur","Bicol Region","Region V (Bicol Region)",13.44838237,123.4332975,"phd",NA,NA,NA,"Canis lupus familiaris","Dog","Domestic","Luzon",2015.07945205479
"REGION_5_2018-311",0.025796325,"REGION_5_2018-311",NA,NA,"Dog",NA,2018-11-13,"date_collected","BARIIS","TIWI","Albay-Tiwi","ALBAY","Albay","Bicol (V)","Region V (Bicol Region)",NA,NA,"2018_workshop",NA,NA,NA,"Canis lupus familiaris","Dog","Domestic","Luzon",2018.86575342466
"OR971505",0.025283067,"R5-2018-0334",NA,"OR971505","Canis lupus familiaris","brain",2018-12-07,"date_collected","Tigaon","Camarines sur","Camarines Sur-Goa","Camarines Sur","Camarines Sur","Region V (Bicol Region)","Region V (Bicol Region)",NA,NA,"vgtk; raddl_correction","Cruz,J.L., Gonzales,R.M.C., Azul,R.R., Pena,R.C.D.",NA,0.999329534,"Canis lupus familiaris","Dog","Domestic","Luzon",2018.93150684932
"OR971531",0.026587899,"R5-2021-0475",NA,"OR971531","Canis lupus familiaris","brain",2021-05-05,"date_collected","Catalotoan","Sagñay","Camarines Sur-Goa","Camarines Sur","Camarines Sur","Region V (Bicol Region)","Region V (Bicol Region)",NA,NA,"vgtk; raddl_correction","Cruz,J.L., Gonzales,R.M.C., Azul,R.R., Pena,R.C.D.",NA,0.999329534,"Canis lupus familiaris","Dog","Domestic","Luzon",2021.3397260274
"OR971508",0.026411808,"R5-2021-0042",NA,"OR971508","Canis lupus familiaris","brain",2021-01-05,"date_collected","Ubaliw","Polangui","Albay-Polangui","Albay","Albay","Region V (Bicol Region)","Region V (Bicol Region)",NA,NA,"vgtk; raddl_correction","Cruz,J.L., Gonzales,R.M.C., Azul,R.R., Pena,R.C.D.",NA,0.999329534,"Canis lupus familiaris","Dog","Domestic","Luzon",2021.01095890411
"OR971511",0.026151381,"R5-2021-0093",NA,"OR971511","Canis lupus familiaris","brain",2021-01-20,"date_collected","Mahaba","Ligao city","Albay-Ligao City","Albay","Albay","Region V (Bicol Region)","Region V (Bicol Region)",NA,NA,"vgtk; raddl_correction","Cruz,J.L., Gonzales,R.M.C., Azul,R.R., Pena,R.C.D.",NA,0.999329534,"Canis lupus familiaris","Dog","Domestic","Luzon",2021.05205479452
"OR971525",0.026845749,"R5-2021-0426",NA,"OR971525","Canis lupus familiaris","brain",2021-04-19,"date_collected","Tuburan","Ligao city","Albay-Ligao City","Albay","Albay","Region V (Bicol Region)","Region V (Bicol Region)",NA,NA,"vgtk; raddl_correction","Cruz,J.L., Gonzales,R.M.C., Azul,R.R., Pena,R.C.D.",NA,0.999329534,"Canis lupus familiaris","Dog","Domestic","Luzon",2021.29589041096
"R5-21-136",0.026692544,"R5-21-136",NA,NA,"Canis familiaris",NA,2021-12-02,"date_collected","-","Libon","Albay-Libon","Albay","Albay","Bicol Region","Region V (Bicol Region)",13.24707931,123.3705704,"phd",NA,NA,NA,"Canis lupus familiaris","Dog","Domestic","Luzon",2021.91780821918
"OR971510",0.026672118,"R5-2021-0092",NA,"OR971510","Canis lupus familiaris","brain",2021-01-19,"date_collected","Calzada","Guinobatan","Albay-Guinobatan","Albay","Albay","Region V (Bicol Region)","Region V (Bicol Region)",NA,NA,"vgtk; raddl_correction","Cruz,J.L., Gonzales,R.M.C., Azul,R.R., Pena,R.C.D.",NA,0.999329534,"Canis lupus familiaris","Dog","Domestic","Luzon",2021.04931506849
"OR971532",0.025194878,"R5-2021-0478",NA,"OR971532","Canis lupus familiaris","brain",2021-05-06,"date_collected","San antonio","Tabaco city","Albay-Tabaco City","Albay","Albay","Region V (Bicol Region)","Region V (Bicol Region)",NA,NA,"vgtk; raddl_correction","Cruz,J.L., Gonzales,R.M.C., Azul,R.R., Pena,R.C.D.",NA,0.999329534,"Canis lupus familiaris","Dog","Domestic","Luzon",2021.34246575342
"R5-21-132",0.025350926,"R5-21-132",NA,NA,"Canis familiaris",NA,2021-11-15,"date_collected","Labnig","Malinao","Albay-Malinao","Albay","Albay","Bicol Region","Region V (Bicol Region)",13.3845747,123.6522757,"phd",NA,NA,NA,"Canis lupus familiaris","Dog","Domestic","Luzon",2021.87123287671
"R5-22-008",0.025350926,"R5-22-008",NA,NA,"Canis familiaris",NA,2022-02-02,"date_collected","Sto. Cristo","Tabaco","Albay-Oas","Albay","Albay","Bicol Region","Region V (Bicol Region)",13.32537797,123.668741,"phd",NA,NA,NA,"Canis lupus familiaris","Dog","Domestic","Luzon",2022.08767123288
"OR971517",0.025021361,"R5-2021-0278",NA,"OR971517","Canis lupus familiaris","brain",2021-03-05,"date_collected","San miguel","Tiwi","Albay-Tiwi","Albay","Albay","Region V (Bicol Region)","Region V (Bicol Region)",NA,NA,"vgtk; raddl_correction","Cruz,J.L., Gonzales,R.M.C., Azul,R.R., Pena,R.C.D.",NA,0.999329534,"Canis lupus familiaris","Dog","Domestic","Luzon",2021.17260273973
"Z-98-433",0.021027135,"Z-98-433",NA,NA,"Canis familiaris",NA,1998-04-30,"date_collected","Palamitan","Kawit","Cavite-Kawit","Cavite","Cavite","Calabarzon","Region IV-A (Calabarzon)",14.44475736,120.9012276,"phd",NA,NA,NA,"Canis lupus familiaris","Dog","Domestic","Luzon",1998.32602739726
"OR971504",0.024456976,"R5-2018-0259",NA,"OR971504","Canis lupus familiaris","brain",2018-09-14,"date_collected","Bibincahan","Sorsogon city","Sorsogon-Pilar","Sorsogon","Sorsogon","Region V (Bicol Region)","Region V (Bicol Region)",NA,NA,"vgtk; raddl_correction","Cruz,J.L., Gonzales,R.M.C., Azul,R.R., Pena,R.C.D.",NA,0.999329534,"Canis lupus familiaris","Dog","Domestic","Luzon",2018.70136986301
"OR971503",0.02489062,"R5-2018-0219",NA,"OR971503","Canis lupus familiaris","brain",2018-08-10,"date_collected","Cogon","Gubat","Sorsogon-Gubat","Sorsogon","Sorsogon","Region V (Bicol Region)","Region V (Bicol Region)",NA,NA,"vgtk; raddl_correction","Cruz,J.L., Gonzales,R.M.C., Azul,R.R., Pena,R.C.D.",NA,0.999329534,"Canis lupus familiaris","Dog","Domestic","Luzon",2018.60547945205
"OR971502",0.024543677,"R5-2018-0151",NA,"OR971502","Bos taurus","brain",2018-05-02,"date_collected","San isidro","Sorsogon city","Sorsogon-Pilar","Sorsogon","Sorsogon","Region V (Bicol Region)","Region V (Bicol Region)",NA,NA,"vgtk; raddl_correction","Cruz,J.L., Gonzales,R.M.C., Azul,R.R., Pena,R.C.D.",NA,0.999329534,"Bos taurus","Cow","Livestock","Luzon",2018.33150684932
"OR971499",0.024543684,"R5-2018-0067",NA,"OR971499","Canis lupus familiaris","brain",2018-02-20,"date_collected","Pangpang","Sorsogon city","Sorsogon-Pilar","Sorsogon","Sorsogon","Region V (Bicol Region)","Region V (Bicol Region)",NA,NA,"vgtk; raddl_correction","Cruz,J.L., Gonzales,R.M.C., Azul,R.R., Pena,R.C.D.",NA,0.999329534,"Canis lupus familiaris","Dog","Domestic","Luzon",2018.13698630137
"OR971507",0.024457594,"R5-2021-0041",NA,"OR971507","Canis lupus familiaris","brain",2021-01-05,"date_collected","Bagumbayan","Malinao","Albay-Malinao","Albay","Albay","Region V (Bicol Region)","Region V (Bicol Region)",NA,NA,"vgtk; raddl_correction","Cruz,J.L., Gonzales,R.M.C., Azul,R.R., Pena,R.C.D.",NA,0.999329534,"Canis lupus familiaris","Dog","Domestic","Luzon",2021.01095890411
"OR971527",0.024544277,"R5-2021-0446",NA,"OR971527","Canis lupus familiaris","brain",2021-04-27,"date_collected","Azucena","Sipocot","Camarines Sur-Sipocot","Camarines Sur","Camarines Sur","Region V (Bicol Region)","Region V (Bicol Region)",NA,NA,"vgtk; raddl_correction","Cruz,J.L., Gonzales,R.M.C., Azul,R.R., Pena,R.C.D.",NA,0.999329534,"Canis lupus familiaris","Dog","Domestic","Luzon",2021.31780821918
"R5-21-119",0.025163214,"R5-21-119",NA,NA,"Canis familiaris",NA,2021-10-15,"date_collected","San Pedro","Irosin","Sorsogon-Irosin","Sorsogon","Sorsogon","Bicol Region","Region V (Bicol Region)",12.71458793,124.0300037,"phd",NA,NA,NA,"Canis lupus familiaris","Dog","Domestic","Luzon",2021.78630136986
"OR971498",0.024196664,"R5-2018-0051",NA,"OR971498","Canis lupus familiaris","brain",2018-02-08,"date_collected","Abuyog","Sorsogon city","Sorsogon-Pilar","Sorsogon","Sorsogon","Region V (Bicol Region)","Region V (Bicol Region)",NA,NA,"vgtk; raddl_correction","Cruz,J.L., Gonzales,R.M.C., Azul,R.R., Pena,R.C.D.",NA,0.999329534,"Canis lupus familiaris","Dog","Domestic","Luzon",2018.10410958904
"OR971500",0.024543388,"R5-2018-0069",NA,"OR971500","Canis lupus familiaris","brain",2018-02-27,"date_collected","Burabod (pob.)","Sorsogon city","Sorsogon-Pilar","Sorsogon","Sorsogon","Region V (Bicol Region)","Region V (Bicol Region)",NA,NA,"vgtk; raddl_correction","Cruz,J.L., Gonzales,R.M.C., Azul,R.R., Pena,R.C.D.",NA,0.999329534,"Canis lupus familiaris","Dog","Domestic","Luzon",2018.15616438356
"OR971526",0.02506385,"R5-2021-0445",NA,"OR971526","Canis lupus familiaris","brain",2021-04-26,"date_collected","San francisco","Bulan","Sorsogon-Bulan","Sorsogon","Sorsogon","Region V (Bicol Region)","Region V (Bicol Region)",NA,NA,"vgtk; raddl_correction","Cruz,J.L., Gonzales,R.M.C., Azul,R.R., Pena,R.C.D.",NA,0.999329534,"Canis lupus familiaris","Dog","Domestic","Luzon",2021.31506849315
"OR971528",0.025063828,"R5-2021-0447",NA,"OR971528","Canis lupus familiaris","brain",2021-04-26,"date_collected","Managanaga","Bulan","Sorsogon-Bulan","Sorsogon","Sorsogon","Region V (Bicol Region)","Region V (Bicol Region)",NA,NA,"vgtk; raddl_correction","Cruz,J.L., Gonzales,R.M.C., Azul,R.R., Pena,R.C.D.",NA,0.999413342,"Canis lupus familiaris","Dog","Domestic","Luzon",2021.31506849315
"OR971520",0.024977173,"R5-2021-0334",NA,"OR971520","Canis lupus familiaris","brain",2021-03-22,"date_collected","San vicente","Bulan","Sorsogon-Bulan","Sorsogon","Sorsogon","Region V (Bicol Region)","Region V (Bicol Region)",NA,NA,"vgtk; raddl_correction","Cruz,J.L., Gonzales,R.M.C., Azul,R.R., Pena,R.C.D.",NA,0.999329534,"Canis lupus familiaris","Dog","Domestic","Luzon",2021.21917808219
"OR971501",0.024630103,"R5-2018-0070",NA,"OR971501","Canis lupus familiaris","brain",2018-02-27,"date_collected","Bibincahan","Sorsogon city","Sorsogon-Pilar","Sorsogon","Sorsogon","Region V (Bicol Region)","Region V (Bicol Region)",NA,NA,"vgtk; raddl_correction","Cruz,J.L., Gonzales,R.M.C., Azul,R.R., Pena,R.C.D.",NA,0.999329534,"Canis lupus familiaris","Dog","Domestic","Luzon",2018.15616438356
"OR971522",0.024718587,"R5-2021-0376",NA,"OR971522","Canis lupus familiaris","brain",2021-04-02,"date_collected","Burgos","Daraga","Albay-Daraga","Albay","Albay","Region V (Bicol Region)","Region V (Bicol Region)",NA,NA,"vgtk; raddl_correction","Cruz,J.L., Gonzales,R.M.C., Azul,R.R., Pena,R.C.D.",NA,0.999329534,"Canis lupus familiaris","Dog","Domestic","Luzon",2021.24931506849
"OR971521",0.02463205,"R5-2021-0335",NA,"OR971521","Canis lupus familiaris","brain",2021-03-22,"date_collected","Inarado","Daraga","Albay-Daraga","Albay","Albay","Region V (Bicol Region)","Region V (Bicol Region)",NA,NA,"vgtk; raddl_correction","Cruz,J.L., Gonzales,R.M.C., Azul,R.R., Pena,R.C.D.",NA,0.999329534,"Canis lupus familiaris","Dog","Domestic","Luzon",2021.21917808219
"R5-22-09",0.025075208,"R5-22-09",NA,NA,"Felis catus",NA,2022-02-07,"date_collected","Bauud","Malilipot","Albay-Malilipot","Albay","Albay","Bicol Region","Region V (Bicol Region)",13.30206264,123.724162,"phd",NA,NA,NA,"Felis catus","Cat","Domestic","Luzon",2022.10136986301
"Z-05-191",0.022134875,"Z-05-191",NA,NA,"Canis familiaris",NA,2005-04-10,"date_collected","Lower Bicutan","Taguig","Metropolitan Manila-Taguig","Metropolitan Manila","Metropolitan Manila","National Capital Region (NCR)","National Capital Region (NCR)",14.51469695,121.0660524,"phd",NA,NA,NA,"Canis lupus familiaris","Dog","Domestic","Luzon",2005.27123287671
"Z-05-96",0.022119593,"Z-05-96",NA,NA,"Canis familiaris",NA,2005-02-17,"date_collected","Maywood Sucat","Parañaque","Metropolitan Manila-Parañaque","Metropolitan Manila","Metropolitan Manila","National Capital Region (NCR)","National Capital Region (NCR)",14.48357034,121.0147858,"phd",NA,NA,NA,"Canis lupus familiaris","Dog","Domestic","Luzon",2005.12876712329
"Z-12-029",0.024731003,"Z-12-029",NA,NA,"Canis familiaris",NA,2012-02-03,"date_collected","Sss Village","Marikina","Metropolitan Manila-Manila","Metropolitan Manila","Metropolitan Manila","National Capital Region (NCR)","National Capital Region (NCR)",14.64718362,121.1030131,"phd",NA,NA,NA,"Canis lupus familiaris","Dog","Domestic","Luzon",2012.09016393443
"OR971534",0.027334479,"R6-2019-1399",NA,"OR971534","Canis lupus familiaris","brain",2019-04-15,"date_collected","Baybay","Tangalan","Aklan-Batan","Aklan","Aklan","Region VI (Western Visayas)","Region VI (Western Visayas)",NA,NA,"vgtk; raddl_correction","Cruz,J.L., Gonzales,R.M.C., Azul,R.R., Pena,R.C.D.",NA,0.999161918,"Canis lupus familiaris","Dog","Domestic","Visayas",2019.28493150685
"OR971543",0.026421121,"R6-2021-4511",NA,"OR971543","Canis lupus familiaris","brain",2021-10-07,"date_collected","San isidro","Sibalom","Antique-Sibalom","Antique","Antique","Region VI (Western Visayas)","Region VI (Western Visayas)",NA,NA,"vgtk; raddl_correction","Cruz,J.L., Gonzales,R.M.C., Azul,R.R., Pena,R.C.D.",NA,0.999413342,"Canis lupus familiaris","Dog","Domestic","Visayas",2021.76438356164
"R6-21-4511",0.026421121,"R6-21-4511",NA,NA,"Canis familiaris",NA,2021-10-08,"date_collected","San Isidro","Tibiao","Antique-Tibiao","Antique","Antique","Western Visayas","Region VI (Western Visayas)",11.31177392,122.0839795,"phd",NA,NA,NA,"Canis lupus familiaris","Dog","Domestic","Visayas",2021.76712328767
"OR971483",0.027547086,"R4B-2019-5816",NA,"OR971483","Canis lupus familiaris","brain",2019-08-16,"date_collected",NA,NA,NA,"Oriental Mindoro","Oriental Mindoro","Mimaropa Region","Mimaropa Region",NA,NA,"vgtk","Cruz,J.L., Gonzales,R.M.C., Azul,R.R., Pena,R.C.D.",NA,0.999580959,"Canis lupus familiaris","Dog","Domestic","Luzon",2019.62191780822
"OR971426",0.028413499,"R3-2021-0484",NA,"OR971426","Canis lupus familiaris","brain",2021-09-09,"date_collected",NA,NA,NA,"Bulacan","Bulacan","Region III (Central Luzon)","Region III (Central Luzon)",NA,NA,"vgtk","Cruz,J.L., Gonzales,R.M.C., Azul,R.R., Pena,R.C.D.",NA,0.999580959,"Canis lupus familiaris","Dog","Domestic","Luzon",2021.68767123288
"OR971376",0.028153207,"NCR-2022-3281",NA,"OR971376","Canis lupus familiaris","brain",2022-09-05,"date_collected",NA,NA,NA,"Metropolitan Manila","Metropolitan Manila","National Capital Region (NCR)","National Capital Region (NCR)",NA,NA,"vgtk; manual_correction","Cruz,J.L., Gonzales,R.M.C., Azul,R.R., Pena,R.C.D.",NA,0.999580959,"Canis lupus familiaris","Dog","Domestic","Luzon",2022.67671232877
"OR971375",0.028066897,"NCR-2022-3207",NA,"OR971375","Canis lupus familiaris","brain",2022-08-30,"date_collected",NA,NA,NA,"Metropolitan Manila","Metropolitan Manila","National Capital Region (NCR)","National Capital Region (NCR)",NA,NA,"vgtk; manual_correction","Cruz,J.L., Gonzales,R.M.C., Azul,R.R., Pena,R.C.D.",NA,0.999580959,"Canis lupus familiaris","Dog","Domestic","Luzon",2022.6602739726
"OR971458",0.027621172,"R4A-2020-2377",NA,"OR971458","Canis lupus familiaris","brain",2020-03-04,"date_collected",NA,NA,NA,"Rizal","Rizal","Region IV-A (Calabarzon)","Region IV-A (Calabarzon)",NA,NA,"vgtk","Cruz,J.L., Gonzales,R.M.C., Azul,R.R., Pena,R.C.D.",NA,0.999329534,"Canis lupus familiaris","Dog","Domestic","Luzon",2020.17213114754
"OR971457",0.027307318,"R4A-2020-0084",NA,"OR971457","Canis lupus familiaris","brain",2020-01-03,"date_collected",NA,NA,NA,"Rizal","Rizal","Region IV-A (Calabarzon)","Region IV-A (Calabarzon)",NA,NA,"vgtk","Cruz,J.L., Gonzales,R.M.C., Azul,R.R., Pena,R.C.D.",NA,0.999161918,"Canis lupus familiaris","Dog","Domestic","Luzon",2020.00546448087
"MN857167",0.028265034,"BAI/BAINCR/2019-01/can",NA,"MN857167","canine","",2019-06-26,"date_collected",NA,"Caloocan City","Metropolitan Manila-Taguig","Metropolitan Manila","Metropolitan Manila","National Capital Region (NCR)","National Capital Region (NCR)",NA,NA,"vgtk; manual_correction","Ubaldo,F.P.J.R., Cruz,J.L., Gonzales,R.M.C., Legaspi,C.F., Maravilla,J.L.",NA,0.999161918,"Canis lupus familiaris","Dog","Domestic","Luzon",2019.48219178082
"OR971464",0.028152457,"R4A-2021-2849",NA,"OR971464","Canis lupus familiaris","brain",2021-11-08,"date_collected",NA,NA,NA,"Rizal","Rizal","Region IV-A (Calabarzon)","Region IV-A (Calabarzon)",NA,NA,"vgtk","Cruz,J.L., Gonzales,R.M.C., Azul,R.R., Pena,R.C.D.",NA,0.999580959,"Canis lupus familiaris","Dog","Domestic","Luzon",2021.85205479452
"OR971356",0.027805394,"NCR-2020-3323",NA,"OR971356","Canis lupus familiaris","brain",2020-01-10,"date_collected",NA,NA,NA,"Metropolitan Manila","Metropolitan Manila","National Capital Region (NCR)","National Capital Region (NCR)",NA,NA,"vgtk; manual_correction","Cruz,J.L., Gonzales,R.M.C., Azul,R.R., Pena,R.C.D.",NA,0.999580959,"Canis lupus familiaris","Dog","Domestic","Luzon",2020.02459016393
"OR971411",0.027116574,"R3-2019-6317",NA,"OR971411","Canis lupus familiaris","brain",2019-09-13,"date_collected",NA,NA,NA,"Bulacan","Bulacan","Region III (Central Luzon)","Region III (Central Luzon)",NA,NA,"vgtk","Cruz,J.L., Gonzales,R.M.C., Azul,R.R., Pena,R.C.D.",NA,0.999580959,"Canis lupus familiaris","Dog","Domestic","Luzon",2019.69863013699
"OR971347",0.027204903,"NCR-2019-6154",NA,"OR971347","Canis lupus familiaris","brain",2019-09-05,"date_collected",NA,NA,NA,"Metropolitan Manila","Metropolitan Manila","National Capital Region (NCR)","National Capital Region (NCR)",NA,NA,"vgtk; manual_correction","Cruz,J.L., Gonzales,R.M.C., Azul,R.R., Pena,R.C.D.",NA,0.999329534,"Canis lupus familiaris","Dog","Domestic","Luzon",2019.67671232877
"Z-16-151",0.026842102,"Z-16-151",NA,NA,"Canis familiaris",NA,2016-09-05,"date_collected","-","Carmona","Cavite-Carmona","Cavite","Cavite","Calabarzon","Region IV-A (Calabarzon)",14.29896527,121.0371349,"phd",NA,NA,NA,"Canis lupus familiaris","Dog","Domestic","Luzon",2016.67759562842
"MN857168",0.027900662,"BAI/BAINCR/2019-02/can",NA,"MN857168","canine","",2019-05-28,"date_collected",NA,"Quezon City","Metropolitan Manila-Quezon City","Metropolitan Manila","Metropolitan Manila","National Capital Region (NCR)","National Capital Region (NCR)",NA,NA,"vgtk; manual_correction","Ubaldo,F.P.J.R., Cruz,J.L., Gonzales,R.M.C., Legaspi,C.F., Maravilla,J.L.",NA,0.999161918,"Canis lupus familiaris","Dog","Domestic","Luzon",2019.40273972603
"OR971425",0.027460959,"R3-2021-0483",NA,"OR971425","Canis lupus familiaris","brain",2021-09-09,"date_collected",NA,NA,NA,"Bulacan","Bulacan","Region III (Central Luzon)","Region III (Central Luzon)",NA,NA,"vgtk","Cruz,J.L., Gonzales,R.M.C., Azul,R.R., Pena,R.C.D.",NA,0.999580959,"Canis lupus familiaris","Dog","Domestic","Luzon",2021.68767123288
"R3-0483",0.027551448,"R3-0483",NA,NA,"Canis familiaris",NA,2022-01-01,"date_collected","","",NA,"",NA,"",NA,NA,NA,"phd",NA,NA,NA,"Canis lupus familiaris","Dog","Domestic",NA,2022
"OR971438",0.028067895,"R3-2021-3790",NA,"OR971438","Canis lupus familiaris","brain",2021-10-25,"date_collected",NA,NA,NA,"Bulacan","Bulacan","Region III (Central Luzon)","Region III (Central Luzon)",NA,NA,"vgtk","Cruz,J.L., Gonzales,R.M.C., Azul,R.R., Pena,R.C.D.",NA,0.999580959,"Canis lupus familiaris","Dog","Domestic","Luzon",2021.81369863014
"OR971379",0.027807377,"NCR-2022-3580",NA,"OR971379","Canis lupus familiaris","brain",2022-09-23,"date_collected",NA,NA,NA,"Metropolitan Manila","Metropolitan Manila","National Capital Region (NCR)","National Capital Region (NCR)",NA,NA,"vgtk","Cruz,J.L., Gonzales,R.M.C., Azul,R.R., Pena,R.C.D.",NA,0.999580959,"Canis lupus familiaris","Dog","Domestic","Luzon",2022.72602739726
"OR971359",0.027201097,"NCR-2021-3901",NA,"OR971359","Canis lupus familiaris","brain",2021-02-11,"date_collected",NA,NA,NA,"Metropolitan Manila","Metropolitan Manila","National Capital Region (NCR)","National Capital Region (NCR)",NA,NA,"vgtk; manual_correction","Cruz,J.L., Gonzales,R.M.C., Azul,R.R., Pena,R.C.D.",NA,0.999580959,"Canis lupus familiaris","Dog","Domestic","Luzon",2021.11232876712
"OR971374",0.027807318,"NCR-2022-3197",NA,"OR971374","Canis lupus familiaris","brain",2022-08-26,"date_collected",NA,NA,NA,"Metropolitan Manila","Metropolitan Manila","National Capital Region (NCR)","National Capital Region (NCR)",NA,NA,"vgtk; manual_correction","Cruz,J.L., Gonzales,R.M.C., Azul,R.R., Pena,R.C.D.",NA,0.999580959,"Canis lupus familiaris","Dog","Domestic","Luzon",2022.64931506849
"OR971366",0.027287726,"NCR-2022-2837",NA,"OR971366","Canis lupus familiaris","brain",2022-08-05,"date_collected",NA,NA,NA,"Metropolitan Manila","Metropolitan Manila","National Capital Region (NCR)","National Capital Region (NCR)",NA,NA,"vgtk; manual_correction","Cruz,J.L., Gonzales,R.M.C., Azul,R.R., Pena,R.C.D.",NA,0.999580959,"Canis lupus familiaris","Dog","Domestic","Luzon",2022.59178082192
"OR971350",0.027375547,"NCR-2020-1676",NA,"OR971350","Canis lupus familiaris","brain",2020-02-05,"date_collected",NA,NA,NA,"Metropolitan Manila","Metropolitan Manila","National Capital Region (NCR)","National Capital Region (NCR)",NA,NA,"vgtk; manual_correction","Cruz,J.L., Gonzales,R.M.C., Azul,R.R., Pena,R.C.D.",NA,0.999329534,"Canis lupus familiaris","Dog","Domestic","Luzon",2020.0956284153
"OR971352",0.027375554,"NCR-2020-2625",NA,"OR971352","Canis lupus familiaris","brain",2020-06-15,"date_collected",NA,NA,NA,"Metropolitan Manila","Metropolitan Manila","National Capital Region (NCR)","National Capital Region (NCR)",NA,NA,"vgtk; manual_correction","Cruz,J.L., Gonzales,R.M.C., Azul,R.R., Pena,R.C.D.",NA,0.999329534,"Canis lupus familiaris","Dog","Domestic","Luzon",2020.45355191257
"OR971351",0.027375554,"NCR-2020-2509",NA,"OR971351","Canis lupus familiaris","brain",2020-03-31,"date_collected",NA,NA,NA,"Metropolitan Manila","Metropolitan Manila","National Capital Region (NCR)","National Capital Region (NCR)",NA,NA,"vgtk; manual_correction","Cruz,J.L., Gonzales,R.M.C., Azul,R.R., Pena,R.C.D.",NA,0.999329534,"Canis lupus familiaris","Dog","Domestic","Luzon",2020.24590163934
"OR971362",0.028241977,"NCR-2022-1961",NA,"OR971362","Canis lupus familiaris","brain",2022-06-13,"date_collected",NA,NA,NA,"Metropolitan Manila","Metropolitan Manila","National Capital Region (NCR)","National Capital Region (NCR)",NA,NA,"vgtk; manual_correction","Cruz,J.L., Gonzales,R.M.C., Azul,R.R., Pena,R.C.D.",NA,0.999580959,"Canis lupus familiaris","Dog","Domestic","Luzon",2022.44657534247
"Z-14-101",0.025964979,"Z-14-101",NA,NA,"Canis familiaris",NA,2014-05-04,"date_collected","Upper Bicutan","Taguig","Metropolitan Manila-Taguig","Metropolitan Manila","Metropolitan Manila","National Capital Region (NCR)","National Capital Region (NCR)",14.51469695,121.0660524,"phd",NA,NA,NA,"Canis lupus familiaris","Dog","Domestic","Luzon",2014.33698630137
"Z-17-200",0.027318074,"Z-17-200",NA,NA,"Canis familiaris",NA,2017-10-31,"date_collected","Mamatid","Cabuyao","Laguna-Bay","Laguna","Laguna","Calabarzon","Region IV-A (Calabarzon)",14.24922952,121.121079,"phd",NA,NA,NA,"Canis lupus familiaris","Dog","Domestic","Luzon",2017.8301369863
"OR971450",0.027819751,"R4A-2019-892",NA,"OR971450","Canis lupus familiaris","brain",2019-09-09,"date_collected",NA,NA,NA,"Batangas","Batangas","Region IV-A (Calabarzon)","Region IV-A (Calabarzon)",NA,NA,"vgtk","Cruz,J.L., Gonzales,R.M.C., Azul,R.R., Pena,R.C.D.",NA,0.999329534,"Canis lupus familiaris","Dog","Domestic","Luzon",2019.68767123288
"OR971474",0.029212041,"R4A-2022-104",NA,"OR971474","Canis lupus familiaris","brain",2022-01-25,"date_collected",NA,NA,NA,"Batangas","Batangas","Region IV-A (Calabarzon)","Region IV-A (Calabarzon)",NA,NA,"vgtk","Cruz,J.L., Gonzales,R.M.C., Azul,R.R., Pena,R.C.D.",NA,0.999580959,"Canis lupus familiaris","Dog","Domestic","Luzon",2022.06575342466
"4A-22-104",0.029302203,"4A-22-104",NA,NA,"Canis familiaris",NA,2022-01-25,"date_collected","Sabang","Lipa City","Batangas-Lipa City","Batangas","Batangas","Calabarzon","Region IV-A (Calabarzon)",13.94086577,121.1746864,"phd",NA,NA,NA,"Canis lupus familiaris","Dog","Domestic","Luzon",2022.06575342466
"OR971384",0.02782,"R1-2019-204",NA,"OR971384","Canis lupus familiaris","brain",2019-10-21,"date_collected","Mal-ong","Anda","Pangasinan-Anda","Pangasinan","Pangasinan","Region I (Ilocos Region)","Region I (Ilocos Region)",NA,NA,"vgtk; raddl_correction","Cruz,J.L., Gonzales,R.M.C., Azul,R.R., Pena,R.C.D.",NA,0.999329534,"Canis lupus familiaris","Dog","Domestic","Luzon",2019.80273972603
"OR971387",0.028602231,"R1-2021-162",NA,"OR971387","Felis catus","brain",2021-10-29,"date_collected","Tara","Bolinao","Pangasinan-Agno","Pangasinan","Pangasinan","Region I (Ilocos Region)","Region I (Ilocos Region)",NA,NA,"vgtk; raddl_correction","Cruz,J.L., Gonzales,R.M.C., Azul,R.R., Pena,R.C.D.",NA,0.999329534,"Felis catus","Cat","Domestic","Luzon",2021.82465753425
"OR971386",0.028167197,"R1-2021-161",NA,"OR971386","Canis lupus familiaris","brain",2021-10-28,"date_collected","Papallasen","Burgos","Pangasinan-Burgos","Pangasinan","Pangasinan","Region I (Ilocos Region)","Region I (Ilocos Region)",NA,NA,"vgtk; raddl_correction","Cruz,J.L., Gonzales,R.M.C., Azul,R.R., Pena,R.C.D.",NA,0.999329534,"Canis lupus familiaris","Dog","Domestic","Luzon",2021.82191780822
"OR971382",0.027905764,"R1-2019-193",NA,"OR971382","Canis lupus familiaris","brain",2019-10-01,"date_collected","Calsib","Aquilar","Pangasinan-Agno","Pangasinan","Pangasinan","Region I (Ilocos Region)","Region I (Ilocos Region)",NA,NA,"vgtk; raddl_correction","Cruz,J.L., Gonzales,R.M.C., Azul,R.R., Pena,R.C.D.",NA,0.999329534,"Canis lupus familiaris","Dog","Domestic","Luzon",2019.74794520548
"OR971329",0.028601791,"CAR-2019-208",NA,"OR971329","Canis lupus familiaris","brain",2019-10-28,"date_collected",NA,NA,NA,"Kalinga","Kalinga","Cordillera Administrative Region (CAR)","Cordillera Administrative Region (CAR)",NA,NA,"vgtk","Cruz,J.L., Gonzales,R.M.C., Azul,R.R., Pena,R.C.D.",NA,0.999161918,"Canis lupus familiaris","Dog","Domestic","Luzon",2019.82191780822
"OR971391",0.028907418,"R1-2022-040",NA,"OR971391","Canis lupus familiaris","brain",2022-04-18,"date_collected","Coliling","San carlos","Pangasinan-Burgos","Pangasinan","Pangasinan","Region I (Ilocos Region)","Region I (Ilocos Region)",NA,NA,"vgtk; raddl_correction","Cruz,J.L., Gonzales,R.M.C., Azul,R.R., Pena,R.C.D.",NA,0.999580959,"Canis lupus familiaris","Dog","Domestic","Luzon",2022.29315068493
"OR971383",0.028581364,"R1-2019-196",NA,"OR971383","Canis lupus familiaris","brain",2019-10-15,"date_collected","Poblacion","Basista","Pangasinan-Sual","Pangasinan","Pangasinan","Region I (Ilocos Region)","Region I (Ilocos Region)",NA,NA,"vgtk; raddl_correction","Cruz,J.L., Gonzales,R.M.C., Azul,R.R., Pena,R.C.D.",NA,0.999329534,"Canis lupus familiaris","Dog","Domestic","Luzon",2019.78630136986
"OR971389",0.028954057,"R1-2021-166",NA,"OR971389","Canis lupus familiaris","brain",2021-11-08,"date_collected","Buer","Aguilar","Pangasinan-Agno","Pangasinan","Pangasinan","Region I (Ilocos Region)","Region I (Ilocos Region)",NA,NA,"vgtk; raddl_correction","Cruz,J.L., Gonzales,R.M.C., Azul,R.R., Pena,R.C.D.",NA,0.999161918,"Canis lupus familiaris","Dog","Domestic","Luzon",2021.85205479452
"R1-21-148",0.029204234,"R1-21-148",NA,NA,"Canis familiaris",NA,2021-04-10,"date_collected","Malibong","Urbiztondo","Pangasinan-Urbiztondo","Pangasinan","Pangasinan","Ilocos Region","Region I (Ilocos Region)",15.82353439,120.3636915,"phd",NA,NA,NA,"Canis lupus familiaris","Dog","Domestic","Luzon",2021.27123287671
"RADDL1-16-166",0.027787017,"RADDL1-16-166",NA,NA,"Canis familiaris",NA,2016-08-09,"date_collected","West","unknown","Pangasinan-Agno","Pangasinan","Pangasinan","Ilocos Region","Region I (Ilocos Region)",15.99415023,120.3184423,"phd",NA,NA,NA,"Canis lupus familiaris","Dog","Domestic","Luzon",2016.60382513661
"Z-12-060",0.026072868,"Z-12-060",NA,NA,"Canis familiaris",NA,2012-02-25,"date_collected","F.De Castro","General Mariano Alvarez","Cavite-General Mariano Alvarez","Cavite","Cavite","Calabarzon","Region IV-A (Calabarzon)",14.30698662,121.0184177,"phd",NA,NA,NA,"Canis lupus familiaris","Dog","Domestic","Luzon",2012.15027322404
"Z-12-001",0.026537781,"Z-12-001",NA,NA,"Dog",NA,2012-01-20,"date_collected","Sinalhan","Sta. Rosa City","Laguna-Santa Rosa City","Laguna","Laguna","Calabarzon (IV-A)","Region IV-A (Calabarzon)",NA,NA,"2018_workshop",NA,NA,NA,"Canis lupus familiaris","Dog","Domestic","Luzon",2012.05191256831
"Z-12-208",0.026945505,"Z-12-208",NA,NA,"Canis familiaris",NA,2012-10-02,"date_collected","De Paro St.","Kalookan  City","Metropolitan Manila-Taguig","Metropolitan Manila","Metropolitan Manila","National Capital Region (NCR)","National Capital Region (NCR)",14.74647256,121.0486805,"phd",NA,NA,NA,"Canis lupus familiaris","Dog","Domestic","Luzon",2012.75136612022
"OR971454",0.028912773,"R4A-2019-1033",NA,"OR971454","Canis lupus familiaris","brain",2019-10-24,"date_collected",NA,NA,NA,"Quezon","Quezon","Region IV-A (Calabarzon)","Region IV-A (Calabarzon)",NA,NA,"vgtk","Cruz,J.L., Gonzales,R.M.C., Azul,R.R., Pena,R.C.D.",NA,0.999329534,"Canis lupus familiaris","Dog","Domestic","Luzon",2019.81095890411
"Z-14-023",0.026872016,"Z-14-023",NA,NA,"Canis familiaris",NA,2014-01-31,"date_collected","Poblacion I","Santa Cruz","Laguna-Santa Cruz","Laguna","Laguna","Calabarzon","Region IV-A (Calabarzon)",14.26443013,121.4040122,"phd",NA,NA,NA,"Canis lupus familiaris","Dog","Domestic","Luzon",2014.08219178082
"Z-14-033",0.026872016,"Z-14-033",NA,NA,"Canis familiaris",NA,2014-02-07,"date_collected","Bagumbayan, Zone 4","Atimonan","Quezon-Atimonan","Quezon","Quezon","Calabarzon","Region IV-A (Calabarzon)",13.98301338,121.8863992,"phd",NA,NA,NA,"Canis lupus familiaris","Dog","Domestic","Luzon",2014.10136986301
"RADDL3-15-172",0.026429542,"RADDL3-15-172",NA,NA,"Canis familiaris",NA,2015-02-12,"date_collected","Cvo","San Jose  City","Nueva Ecija-San Jose City","Nueva Ecija","Nueva Ecija","Central Luzon","Region III (Central Luzon)",15.78462183,120.9975839,"phd",NA,NA,NA,"Canis lupus familiaris","Dog","Domestic","Luzon",2015.11506849315
"Z-18-224",0.026917634,"Z-18-224",NA,NA,"Canis familiaris",NA,2018-10-28,"date_collected","Camarin Rd.","Kalookan  City","Metropolitan Manila-Taguig","Metropolitan Manila","Metropolitan Manila","National Capital Region (NCR)","National Capital Region (NCR)",14.74647256,121.0486805,"phd",NA,NA,NA,"Canis lupus familiaris","Dog","Domestic","Luzon",2018.82191780822
"OR971456",0.027070275,"R4A-2019-5970",NA,"OR971456","Canis lupus familiaris","brain",2019-08-27,"date_collected",NA,NA,NA,"Rizal","Rizal","Region IV-A (Calabarzon)","Region IV-A (Calabarzon)",NA,NA,"vgtk","Cruz,J.L., Gonzales,R.M.C., Azul,R.R., Pena,R.C.D.",NA,0.999161918,"Canis lupus familiaris","Dog","Domestic","Luzon",2019.65205479452
"OR971373",0.027766032,"NCR-2022-3192",NA,"OR971373","Canis lupus familiaris","brain",2022-08-26,"date_collected",NA,NA,NA,"Metropolitan Manila","Metropolitan Manila","National Capital Region (NCR)","National Capital Region (NCR)",NA,NA,"vgtk; manual_correction","Cruz,J.L., Gonzales,R.M.C., Azul,R.R., Pena,R.C.D.",NA,0.999580959,"Canis lupus familiaris","Dog","Domestic","Luzon",2022.64931506849
"OR971405",0.029413342,"R2-2021-121",NA,"OR971405","Canis lupus familiaris","brain",2021-12-20,"date_collected","Auitan","San pablo","Isabela-Luna","Isabela","Isabela","Region II (Cagayan Valley)","Region II (Cagayan Valley)",NA,NA,"vgtk; raddl_correction","Cruz,J.L., Gonzales,R.M.C., Azul,R.R., Pena,R.C.D.",NA,0.999580959,"Canis lupus familiaris","Dog","Domestic","Luzon",2021.96712328767
"OR971365",0.027852999,"NCR-2022-2610",NA,"OR971365","Canis lupus familiaris","brain",2022-07-21,"date_collected",NA,NA,NA,"Metropolitan Manila","Metropolitan Manila","National Capital Region (NCR)","National Capital Region (NCR)",NA,NA,"vgtk; manual_correction","Cruz,J.L., Gonzales,R.M.C., Azul,R.R., Pena,R.C.D.",NA,0.999580959,"Canis lupus familiaris","Dog","Domestic","Luzon",2022.55068493151
"OR971444",0.028025342,"R3-2022-0016",NA,"OR971444","Canis lupus familiaris","brain",2022-11-01,"date_collected",NA,NA,NA,"Bulacan","Bulacan","Region III (Central Luzon)","Region III (Central Luzon)",NA,NA,"vgtk","Cruz,J.L., Gonzales,R.M.C., Azul,R.R., Pena,R.C.D.",NA,0.999580959,"Canis lupus familiaris","Dog","Domestic","Luzon",2022.83287671233
"OR971423",0.028459185,"R3-2021-0469",NA,"OR971423","Canis lupus familiaris","brain",2021-08-31,"date_collected",NA,NA,NA,"Bulacan","Bulacan","Region III (Central Luzon)","Region III (Central Luzon)",NA,NA,"vgtk","Cruz,J.L., Gonzales,R.M.C., Azul,R.R., Pena,R.C.D.",NA,0.999580959,"Canis lupus familiaris","Dog","Domestic","Luzon",2021.66301369863
"OR971420",0.028112304,"R3-2021-0322",NA,"OR971420","Canis lupus familiaris","brain",2021-05-24,"date_collected",NA,NA,NA,"Bulacan","Bulacan","Region III (Central Luzon)","Region III (Central Luzon)",NA,NA,"vgtk","Cruz,J.L., Gonzales,R.M.C., Azul,R.R., Pena,R.C.D.",NA,0.999580959,"Canis lupus familiaris","Dog","Domestic","Luzon",2021.39178082192
"OR971409",0.027678704,"R3-2019-5829",NA,"OR971409","Canis lupus familiaris","brain",2019-08-20,"date_collected",NA,NA,NA,"Bulacan","Bulacan","Region III (Central Luzon)","Region III (Central Luzon)",NA,NA,"vgtk","Cruz,J.L., Gonzales,R.M.C., Azul,R.R., Pena,R.C.D.",NA,0.999580959,"Canis lupus familiaris","Dog","Domestic","Luzon",2019.63287671233
"OR971408",0.028286146,"R3-2019-5590",NA,"OR971408","Canis lupus familiaris","brain",2019-02-08,"date_collected",NA,NA,NA,"Bulacan","Bulacan","Region III (Central Luzon)","Region III (Central Luzon)",NA,NA,"vgtk","Cruz,J.L., Gonzales,R.M.C., Azul,R.R., Pena,R.C.D.",NA,0.999580959,"Canis lupus familiaris","Dog","Domestic","Luzon",2019.10410958904
"OR971377",0.028284383,"NCR-2022-3357",NA,"OR971377","Canis lupus familiaris","brain",2022-09-08,"date_collected",NA,NA,NA,"Metropolitan Manila","Metropolitan Manila","National Capital Region (NCR)","National Capital Region (NCR)",NA,NA,"vgtk; manual_correction","Cruz,J.L., Gonzales,R.M.C., Azul,R.R., Pena,R.C.D.",NA,0.999580959,"Canis lupus familiaris","Dog","Domestic","Luzon",2022.68493150685
"OR971371",0.028370923,"NCR-2022-3041",NA,"OR971371","Felis catus","brain",2022-08-18,"date_collected",NA,NA,NA,"Metropolitan Manila","Metropolitan Manila","National Capital Region (NCR)","National Capital Region (NCR)",NA,NA,"vgtk; manual_correction","Cruz,J.L., Gonzales,R.M.C., Azul,R.R., Pena,R.C.D.",NA,0.999664767,"Felis catus","Cat","Domestic","Luzon",2022.62739726027
"OR971372",0.028717773,"NCR-2022-3089",NA,"OR971372","Canis lupus familiaris","brain",2022-08-22,"date_collected",NA,NA,NA,"Metropolitan Manila","Metropolitan Manila","National Capital Region (NCR)","National Capital Region (NCR)",NA,NA,"vgtk; manual_correction","Cruz,J.L., Gonzales,R.M.C., Azul,R.R., Pena,R.C.D.",NA,0.999580959,"Canis lupus familiaris","Dog","Domestic","Luzon",2022.63835616438
"4B-23-05",0.028711626,"4B-23-05",NA,NA,"Canis familiaris",NA,2023-01-20,"date_collected","Sugod","San Agustin","Romblon-San Agustin","Romblon","Romblon","Southwestern Tagalog Region","Mimaropa Region",12.55403552,122.1124048,"phd",NA,NA,NA,"Canis lupus familiaris","Dog","Domestic","Luzon",2023.05205479452
"Z-22-119",0.028801892,"Z-22-119",NA,NA,"Canis familiaris",NA,2022-12-28,"date_collected","Tulay","Odiongan","Romblon-Odiongan","Romblon","Romblon","Southwestern Tagalog Region","Mimaropa Region",12.39865996,122.0177701,"phd",NA,NA,NA,"Canis lupus familiaris","Dog","Domestic","Luzon",2022.98904109589
"4B-23-19",0.028801793,"4B-23-19",NA,NA,"Canis familiaris",NA,2023-03-01,"date_collected","Mahabang Baybay","San Agustin","Romblon-San Agustin","Romblon","Romblon","Southwestern Tagalog Region","Mimaropa Region",12.55403552,122.1124048,"phd",NA,NA,NA,"Canis lupus familiaris","Dog","Domestic","Luzon",2023.16164383562
"4B-23-16",0.028891945,"4B-23-16",NA,NA,"Canis familiaris",NA,2023-02-28,"date_collected","Dapawan","Odiongan","Romblon-Odiongan","Romblon","Romblon","Southwestern Tagalog Region","Mimaropa Region",12.39865996,122.0177701,"phd",NA,NA,NA,"Canis lupus familiaris","Dog","Domestic","Luzon",2023.15890410959
"4B-23-17",0.028892,"4B-23-17",NA,NA,"Canis familiaris",NA,2023-03-01,"date_collected","Poctoy","Odiongan","Romblon-Odiongan","Romblon","Romblon","Southwestern Tagalog Region","Mimaropa Region",12.39865996,122.0177701,"phd",NA,NA,NA,"Canis lupus familiaris","Dog","Domestic","Luzon",2023.16164383562
"RADDL4B-23-080",0.029349287,"RADDL4B-23-080","R-67",NA,"Dog",NA,2023-10-26,"date_collected","Pangulo","Calatrava","Romblon-Calatrava","Romblon","Romblon","MIMIROPA","Mimaropa Region",12.6133966287614,122.093403546437,"speedier",NA,NA,0.9874,"Canis lupus familiaris","Dog","Domestic","Luzon",2023.81643835616
"4B-23-11",0.029168899,"4B-23-11",NA,NA,"Canis familiaris",NA,2023-02-07,"date_collected","Jun Carlo","San Andres","Romblon-San Andres","Romblon","Romblon","Southwestern Tagalog Region","Mimaropa Region",12.53642104,122.0469478,"phd",NA,NA,NA,"Canis lupus familiaris","Dog","Domestic","Luzon",2023.10136986301
"RADDL4B-23-045",0.02952229,"RADDL4B-23-045","R-58",NA,"Dog",NA,2023-08-03,"date_collected","Linawan","San Andres","Romblon-San Andres","Romblon","Romblon","MIMIROPA","Mimaropa Region",12.5613811526055,122.024643646665,"speedier",NA,NA,0.9884,"Canis lupus familiaris","Dog","Domestic","Luzon",2023.58630136986
"RADDL4B-23-052",0.029101595,"RADDL4B-23-052","R-61",NA,"Dog",NA,2023-08-29,"date_collected","Mat-I","Santa Fe","Romblon-Santa Fe","Romblon","Romblon","MIMIROPA","Mimaropa Region",12.1825790019622,121.982068760844,"speedier",NA,NA,0.9887,"Canis lupus familiaris","Dog","Domestic","Luzon",2023.65753424658
"RADDL4B-24-112",0.0291016,"RADDL4B-24-112","R-88",NA,"Dog",NA,2024-05-16,"date_collected","Pili","Looc","Romblon-Looc","Romblon","Romblon","MIMIROPA","Mimaropa Region",12.3030336406049,122.004635465751,"speedier",NA,NA,0.988,"Canis lupus familiaris","Dog","Domestic","Luzon",2024.37158469945
"RADDL4B-24-097",0.029544428,"RADDL4B-24-097","R-82",NA,"Dog",NA,2024-04-26,"date_collected","Bonlao","Alcantara","Romblon-Alcantara","Romblon","Romblon","MIMIROPA","Mimaropa Region",12.3144065613179,122.048142854933,"speedier",NA,NA,0.9878,"Canis lupus familiaris","Dog","Domestic","Luzon",2024.31693989071
"RADDL4B-24-066",0.029278925,"RADDL4B-24-066","R-75",NA,"Dog",NA,2024-10-20,"date_collected","Tugdan","Alcantara","Romblon-Alcantara","Romblon","Romblon","MIMIROPA","Mimaropa Region",12.3272698719486,122.070177099507,"speedier",NA,NA,0.9879,"Canis lupus familiaris","Dog","Domestic","Luzon",2024.80054644809
"RADDL4B-23-081",0.029278542,"RADDL4B-23-081","R-65",NA,"Dog",NA,2023-09-30,"date_collected","Bachawan","San Agustin","Romblon-San Agustin","Romblon","Romblon","MIMIROPA","Mimaropa Region",12.4577618696032,122.090565303083,"speedier",NA,NA,0.9711,"Canis lupus familiaris","Dog","Domestic","Luzon",2023.74520547945
"RADDL4B-23-104",0.029278542,"RADDL4B-23-104","R-70",NA,"Dog",NA,2023-12-12,"date_collected","Poblacion","Alcantara","Romblon-Alcantara","Romblon","Romblon","MIMIROPA","Mimaropa Region",12.2598547361178,122.053286260471,"speedier",NA,NA,0.9885,"Canis lupus familiaris","Dog","Domestic","Luzon",2023.94520547945
"RADDL4B-24-186",0.030542831,"RADDL4B-24-186","R-120",NA,"Dog",NA,2024-12-20,"date_collected","Poblacion","Magdiwang","Romblon-Magdiwang","Romblon","Romblon","MIMIROPA","Mimaropa Region",12.4908099892792,122.508178781622,"speedier",NA,NA,0.9358,"Canis lupus familiaris","Dog","Domestic","Luzon",2024.96721311475
"RADDL4B-24-154",0.030800723,"RADDL4B-24-154","R-111",NA,"Dog",NA,2024-07-15,"date_collected","Cambajao","Cajidiocan","Romblon-Cajidiocan","Romblon","Romblon","MIMIROPA","Mimaropa Region",12.3683040199771,122.669872643641,"speedier",NA,NA,0.9878,"Canis lupus familiaris","Dog","Domestic","Luzon",2024.53551912568
"RADDL4B-24-155",0.032553143,"RADDL4B-24-155","R-110",NA,"Dog",NA,2024-07-11,"date_collected","Taclobo","San Fernando","Romblon-San Fernando","Romblon","Romblon","MIMIROPA","Mimaropa Region",12.3622272502327,122.575373756321,"speedier",NA,NA,0.9877,"Canis lupus familiaris","Dog","Domestic","Luzon",2024.52459016393
"RADDL4B-25-022",0.033972052,"RADDL4B-25-022","R-127",NA,"Dog",NA,2025-12-20,"date_collected","Poblacion","Ferrol","Romblon-Ferrol","Romblon","Romblon","MIMIROPA","Mimaropa Region",12.3364554134232,121.947095097053,"speedier",NA,NA,0.9661414683,"Canis lupus familiaris","Dog","Domestic","Luzon",2025.96712328767
"RADDL4B-24-138",0.031330094,"RADDL4B-24-138","R-109",NA,"Dog",NA,2024-06-20,"date_collected","Agutay","Magdiwang","Romblon-Magdiwang","Romblon","Romblon","MIMIROPA","Mimaropa Region",12.4602661224461,122.448777181916,"speedier",NA,NA,0.9877,"Canis lupus familiaris","Dog","Domestic","Luzon",2024.46721311475
"RADDL4B-24-116",0.030770403,"RADDL4B-24-116","R-91",NA,"Dog",NA,2024-05-13,"date_collected","Tugdan","Alcantara","Romblon-Alcantara","Romblon","Romblon","MIMIROPA","Mimaropa Region",12.3272698719486,122.070177099507,"speedier",NA,NA,0.9872,"Canis lupus familiaris","Dog","Domestic","Luzon",2024.36338797814
"RADDL4B-24-099",0.031097047,"RADDL4B-24-099","R-84",NA,"Dog",NA,2024-03-20,"date_collected","Poctoy","Odiongan","Romblon-Odiongan","Romblon","Romblon","MIMIROPA","Mimaropa Region",12.4086736675198,122.002251059774,"speedier",NA,NA,0.9876,"Canis lupus familiaris","Dog","Domestic","Luzon",2024.21584699454
"RADDL4B-24-043",0.031404734,"RADDL4B-24-043","R-56",NA,"Dog",NA,2024-03-04,"date_collected","Camili","Alcantara","Romblon-Alcantara","Romblon","Romblon","MIMIROPA","Mimaropa Region",12.2601674937412,122.042413009168,"speedier",NA,NA,0.9878,"Canis lupus familiaris","Dog","Domestic","Luzon",2024.17213114754
"RADDL4B-24-188",0.030348613,"RADDL4B-24-188","R-119",NA,"Dog",NA,2024-11-29,"date_collected","Ipil","Magdiwang","Romblon-Magdiwang","Romblon","Romblon","MIMIROPA","Mimaropa Region",12.473056623118,122.475619478547,"speedier",NA,NA,0.9878,"Canis lupus familiaris","Dog","Domestic","Luzon",2024.90983606557
"RADDL4B-24-185",0.030186554,"RADDL4B-24-185","R-121",NA,"Dog",NA,2024-11-20,"date_collected","Poblacion","Cajidiocan","Romblon-Cajidiocan","Romblon","Romblon","MIMIROPA","Mimaropa Region",12.3738159498218,122.680201141506,"speedier",NA,NA,0.9875,"Canis lupus familiaris","Dog","Domestic","Luzon",2024.88524590164
"RADDL4B-24-187",0.029653707,"RADDL4B-24-187","R-122",NA,"Dog",NA,2024-11-20,"date_collected","Poblacion","Magdiwang","Romblon-Magdiwang","Romblon","Romblon","MIMIROPA","Mimaropa Region",12.4908099892792,122.508178781622,"speedier",NA,NA,0.9886,"Canis lupus familiaris","Dog","Domestic","Luzon",2024.88524590164
"RADDL4B-24-098",0.029560802,"RADDL4B-24-098","R-83",NA,"Dog",NA,2024-04-30,"date_collected","Pili","San Fernando","Romblon-San Fernando","Romblon","Romblon","MIMIROPA","Mimaropa Region",12.3202302160604,122.59889299915,"speedier",NA,NA,0.9878,"Canis lupus familiaris","Dog","Domestic","Luzon",2024.32786885246
"RADDL4B-24-156",0.029458771,"RADDL4B-24-156","R-113",NA,"Dog",NA,2024-07-26,"date_collected","Calagonsao","Alcantara","Romblon-Alcantara","Romblon","Romblon","MIMIROPA","Mimaropa Region",12.3475553588476,122.079254920785,"speedier",NA,NA,0.971,"Canis lupus familiaris","Dog","Domestic","Luzon",2024.56557377049
"RADDL4B-24-157",0.029644042,"RADDL4B-24-157","R-112",NA,"Dog",NA,2024-07-08,"date_collected","San Isidro","Alcantara","Romblon-Alcantara","Romblon","Romblon","MIMIROPA","Mimaropa Region",12.2919290027811,122.052741797624,"speedier",NA,NA,0.9531,"Canis lupus familiaris","Dog","Domestic","Luzon",2024.51639344262
"RADDL4B-24-095",0.029717639,"RADDL4B-24-095","R-80",NA,"Dog",NA,2024-03-20,"date_collected","Malilico","Odiongan","Romblon-Odiongan","Romblon","Romblon","MIMIROPA","Mimaropa Region",12.3452844690591,121.972738203729,"speedier",NA,NA,0.9875,"Canis lupus familiaris","Dog","Domestic","Luzon",2024.21584699454
"RADDL4B-24-117",0.029804547,"RADDL4B-24-117","R-92",NA,"Dog",NA,2024-08-20,"date_collected","Tabobo-An","Odiongan","Romblon-Odiongan","Romblon","Romblon","MIMIROPA","Mimaropa Region",12.3661296017299,121.992456948138,"speedier",NA,NA,0.9879,"Canis lupus familiaris","Dog","Domestic","Luzon",2024.63387978142
"RADDL4B-23-105",0.029351169,"RADDL4B-23-105","R-69",NA,"Dog",NA,2023-11-13,"date_collected","Poblacion","Looc","Romblon-Looc","Romblon","Romblon","MIMIROPA","Mimaropa Region",12.2710913046505,122.007370649571,"speedier",NA,NA,0.9878,"Canis lupus familiaris","Dog","Domestic","Luzon",2023.86575342466
"RADDL4B-24-096",0.02935176,"RADDL4B-24-096","R-81",NA,"Dog",NA,2024-04-15,"date_collected","Tumingad","Odiongan","Romblon-Odiongan","Romblon","Romblon","MIMIROPA","Mimaropa Region",12.4371876319143,122.042943243506,"speedier",NA,NA,0.9874,"Canis lupus familiaris","Dog","Domestic","Luzon",2024.2868852459
"RADDL4B-23-042",0.028908669,"RADDL4B-23-042","R-56",NA,"Dog",NA,2023-07-07,"date_collected","Matutuna","San Andres","Romblon-San Andres","Romblon","Romblon","MIMIROPA","Mimaropa Region",12.485430189542,122.037858315898,"speedier",NA,NA,0.9884,"Canis lupus familiaris","Dog","Domestic","Luzon",2023.51232876712
"RADDL4B-23-076",0.029271461,"RADDL4B-23-076","R-66",NA,"Dog",NA,2023-10-17,"date_collected","Poblacion","Alcantara","Romblon-Alcantara","Romblon","Romblon","MIMIROPA","Mimaropa Region",12.2598547361178,122.053286260471,"speedier",NA,NA,0.972,"Canis lupus familiaris","Dog","Domestic","Luzon",2023.79178082192
"4B-23-01",0.02890672,"4B-23-01",NA,NA,"Canis familiaris",NA,2023-01-20,"date_collected","Concepcion Norte","Santa Maria","Romblon-Santa Maria","Romblon","Romblon","Southwestern Tagalog Region","Mimaropa Region",12.40310216,122.0836566,"phd",NA,NA,NA,"Canis lupus familiaris","Dog","Domestic","Luzon",2023.05205479452
"4B-22-45",0.028906719,"4B-22-45",NA,NA,"Canis familiaris",NA,2022-12-12,"date_collected","Concepcion Sur","Santa Maria","Romblon-Santa Maria","Romblon","Romblon","Southwestern Tagalog Region","Mimaropa Region",12.40310216,122.0836566,"phd",NA,NA,NA,"Canis lupus familiaris","Dog","Domestic","Luzon",2022.94520547945
"4B-22-44",0.02881665,"4B-22-44",NA,NA,"Canis familiaris",NA,2022-12-11,"date_collected","Dapawan","Odiongan","Romblon-Odiongan","Romblon","Romblon","Southwestern Tagalog Region","Mimaropa Region",12.39865996,122.0177701,"phd",NA,NA,NA,"Canis lupus familiaris","Dog","Domestic","Luzon",2022.94246575342
"4B-22-39",0.028816656,"4B-22-39",NA,NA,"Canis familiaris",NA,2022-10-21,"date_collected","San Isidro","Alcantara","Romblon-Alcantara","Romblon","Romblon","Southwestern Tagalog Region","Mimaropa Region",12.29784708,122.054934,"phd",NA,NA,NA,"Canis lupus familiaris","Dog","Domestic","Luzon",2022.80273972603
"4B-22-37",0.028816656,"4B-22-37",NA,NA,"Canis familiaris",NA,2022-10-01,"date_collected","San Isidro","Alcantara","Romblon-Alcantara","Romblon","Romblon","Southwestern Tagalog Region","Mimaropa Region",12.29784708,122.054934,"phd",NA,NA,NA,"Canis lupus familiaris","Dog","Domestic","Luzon",2022.74794520548
"Z-22-103",0.028816644,"Z-22-103",NA,NA,"Canis familiaris",NA,2022-11-21,"date_collected","Paroyhog","Santa Maria","Romblon-Santa Maria","Romblon","Romblon","Southwestern Tagalog Region","Mimaropa Region",12.40310216,122.0836566,"phd",NA,NA,NA,"Canis lupus familiaris","Dog","Domestic","Luzon",2022.88767123288
"4B-22-41",0.028816638,"4B-22-41",NA,NA,"Canis familiaris",NA,2022-11-24,"date_collected","Dapawan","Odiongan","Romblon-Odiongan","Romblon","Romblon","Southwestern Tagalog Region","Mimaropa Region",12.39865996,122.0177701,"phd",NA,NA,NA,"Canis lupus familiaris","Dog","Domestic","Luzon",2022.89589041096
"4B-23-06",0.029086963,"4B-23-06",NA,NA,"Canis familiaris",NA,2023-02-02,"date_collected","Concepcion Norte","Santa Maria","Romblon-Santa Maria","Romblon","Romblon","Southwestern Tagalog Region","Mimaropa Region",12.40310216,122.0836566,"phd",NA,NA,NA,"Canis lupus familiaris","Dog","Domestic","Luzon",2023.08767123288
"4B-23-12",0.028906633,"4B-23-12",NA,NA,"Canis familiaris",NA,2023-02-14,"date_collected","Concepcion Norte","Santa Maria","Romblon-Santa Maria","Romblon","Romblon","Southwestern Tagalog Region","Mimaropa Region",12.40310216,122.0836566,"phd",NA,NA,NA,"Canis lupus familiaris","Dog","Domestic","Luzon",2023.12054794521
"4B-22-42",0.028816638,"4B-22-42",NA,NA,"Canis familiaris",NA,2022-11-26,"date_collected","Bonlao","Alcantara","Romblon-Alcantara","Romblon","Romblon","Southwestern Tagalog Region","Mimaropa Region",12.29784708,122.054934,"phd",NA,NA,NA,"Canis lupus familiaris","Dog","Domestic","Luzon",2022.90136986301
"4B-23-15",0.028906754,"4B-23-15",NA,NA,"Canis familiaris",NA,2023-02-16,"date_collected","Poctoy","Odiongan","Romblon-Odiongan","Romblon","Romblon","Southwestern Tagalog Region","Mimaropa Region",12.39865996,122.0177701,"phd",NA,NA,NA,"Canis lupus familiaris","Dog","Domestic","Luzon",2023.12602739726
"4B-23-02",0.028906705,"4B-23-02",NA,NA,"Canis familiaris",NA,2023-01-13,"date_collected","Dapawan","Odiongan","Romblon-Odiongan","Romblon","Romblon","Southwestern Tagalog Region","Mimaropa Region",12.39865996,122.0177701,"phd",NA,NA,NA,"Canis lupus familiaris","Dog","Domestic","Luzon",2023.03287671233
"4B-23-13",0.028816644,"4B-23-13",NA,NA,"Canis familiaris",NA,2023-02-09,"date_collected","Rizal","Odiongan","Romblon-Odiongan","Romblon","Romblon","Southwestern Tagalog Region","Mimaropa Region",12.39865996,122.0177701,"phd",NA,NA,NA,"Canis lupus familiaris","Dog","Domestic","Luzon",2023.10684931507
"4B-23-07",0.028996736,"4B-23-07",NA,NA,"Canis familiaris",NA,2023-02-07,"date_collected","Concepcion Sur","Santa Maria","Romblon-Santa Maria","Romblon","Romblon","Southwestern Tagalog Region","Mimaropa Region",12.40310216,122.0836566,"phd",NA,NA,NA,"Canis lupus familiaris","Dog","Domestic","Luzon",2023.10136986301
"RADDL4B-23-056",0.02899238,"RADDL4B-23-056","R-63",NA,"Dog",NA,2023-09-11,"date_collected","Concepcion Norte","Santa Maria","Romblon-Santa Maria","Romblon","Romblon","MIMIROPA","Mimaropa Region",12.4009725318673,122.089783542696,"speedier",NA,NA,0.9882,"Canis lupus familiaris","Dog","Domestic","Luzon",2023.69315068493
"RADDL4B-24-063",0.029562283,"RADDL4B-24-063","R-77",NA,"Dog",NA,2024-04-13,"date_collected","Tulay","Odiongan","Romblon-Odiongan","Romblon","Romblon","MIMIROPA","Mimaropa Region",12.3900864414564,121.992303480972,"speedier",NA,NA,0.9881,"Canis lupus familiaris","Dog","Domestic","Luzon",2024.28142076503
"RADDL4B-24-113",0.029434056,"RADDL4B-24-113","R-89",NA,"Dog",NA,2024-08-20,"date_collected","Limon Norte","Looc","Romblon-Looc","Romblon","Romblon","MIMIROPA","Mimaropa Region",12.3220188515114,122.021920139859,"speedier",NA,NA,0.9884,"Canis lupus familiaris","Dog","Domestic","Luzon",2024.63387978142
"OR971380",0.028719458,"NCR-2022-3616",NA,"OR971380","Canis lupus familiaris","brain",2022-09-28,"date_collected",NA,NA,NA,"Metropolitan Manila","Metropolitan Manila","National Capital Region (NCR)","National Capital Region (NCR)",NA,NA,"vgtk; manual_correction","Cruz,J.L., Gonzales,R.M.C., Azul,R.R., Pena,R.C.D.",NA,0.999580959,"Canis lupus familiaris","Dog","Domestic","Luzon",2022.7397260274
"OR971349",0.027510752,"NCR-2019-6661",NA,"OR971349","Canis lupus familiaris","brain",2019-09-30,"date_collected",NA,NA,NA,"Metropolitan Manila","Metropolitan Manila","National Capital Region (NCR)","National Capital Region (NCR)",NA,NA,"vgtk; manual_correction","Cruz,J.L., Gonzales,R.M.C., Azul,R.R., Pena,R.C.D.",NA,0.999161918,"Canis lupus familiaris","Dog","Domestic","Luzon",2019.74520547945
"OR971368",0.029068731,"NCR-2022-2923",NA,"OR971368","Felis catus","brain",2022-08-09,"date_collected",NA,NA,NA,"Metropolitan Manila","Metropolitan Manila","National Capital Region (NCR)","National Capital Region (NCR)",NA,NA,"vgtk; manual_correction","Cruz,J.L., Gonzales,R.M.C., Azul,R.R., Pena,R.C.D.",NA,0.999580959,"Felis catus","Cat","Domestic","Luzon",2022.60273972603
"OR971429",0.027942302,"R3-2021-0498",NA,"OR971429","Canis lupus familiaris","brain",2021-04-10,"date_collected",NA,NA,NA,"Bulacan","Bulacan","Region III (Central Luzon)","Region III (Central Luzon)",NA,NA,"vgtk","Cruz,J.L., Gonzales,R.M.C., Azul,R.R., Pena,R.C.D.",NA,0.999580959,"Canis lupus familiaris","Dog","Domestic","Luzon",2021.27123287671
"OR971415",0.027940005,"R3-2021-0289",NA,"OR971415","Canis lupus familiaris","brain",2021-04-13,"date_collected",NA,NA,NA,"Pampanga","Pampanga","Region III (Central Luzon)","Region III (Central Luzon)",NA,NA,"vgtk","Cruz,J.L., Gonzales,R.M.C., Azul,R.R., Pena,R.C.D.",NA,0.999161918,"Canis lupus familiaris","Dog","Domestic","Luzon",2021.27945205479
"RADDL3-16-627",0.02672835,"RADDL3-16-627",NA,NA,"Canis familiaris",NA,2016-07-27,"date_collected","Ligas","Malolos City","Bulacan-Malolos City","Bulacan","Bulacan","Central Luzon","Region III (Central Luzon)",14.82958643,120.8367451,"phd",NA,NA,NA,"Canis lupus familiaris","Dog","Domestic","Luzon",2016.56830601093
"OR971468",0.028112986,"R4A-2021-4119",NA,"OR971468","Canis lupus familiaris","brain",2021-11-11,"date_collected",NA,NA,NA,"Rizal","Rizal","Region IV-A (Calabarzon)","Region IV-A (Calabarzon)",NA,NA,"vgtk","Cruz,J.L., Gonzales,R.M.C., Azul,R.R., Pena,R.C.D.",NA,0.999580959,"Canis lupus familiaris","Dog","Domestic","Luzon",2021.8602739726
"OR971465",0.027677829,"R4A-2021-2999",NA,"OR971465","Canis lupus familiaris","brain",2021-08-26,"date_collected",NA,NA,NA,"Rizal","Rizal","Region IV-A (Calabarzon)","Region IV-A (Calabarzon)",NA,NA,"vgtk","Cruz,J.L., Gonzales,R.M.C., Azul,R.R., Pena,R.C.D.",NA,0.999580959,"Canis lupus familiaris","Dog","Domestic","Luzon",2021.64931506849
"OR971357",0.027677863,"NCR-2021-3600",NA,"OR971357","Canis lupus familiaris","brain",2021-07-10,"date_collected",NA,NA,NA,"Metropolitan Manila","Metropolitan Manila","National Capital Region (NCR)","National Capital Region (NCR)",NA,NA,"vgtk; manual_correction","Cruz,J.L., Gonzales,R.M.C., Azul,R.R., Pena,R.C.D.",NA,0.999580959,"Canis lupus familiaris","Dog","Domestic","Luzon",2021.52054794521
"OR971369",0.027590547,"NCR-2022-2994",NA,"OR971369","Canis lupus familiaris","brain",2022-08-15,"date_collected",NA,NA,NA,"Metropolitan Manila","Metropolitan Manila","National Capital Region (NCR)","National Capital Region (NCR)",NA,NA,"vgtk; manual_correction","Cruz,J.L., Gonzales,R.M.C., Azul,R.R., Pena,R.C.D.",NA,0.999580959,"Canis lupus familiaris","Dog","Domestic","Luzon",2022.61917808219
"OR971363",0.027330852,"NCR-2022-2199",NA,"OR971363","Canis lupus familiaris","brain",2022-06-27,"date_collected",NA,NA,NA,"Metropolitan Manila","Metropolitan Manila","National Capital Region (NCR)","National Capital Region (NCR)",NA,NA,"vgtk; manual_correction","Cruz,J.L., Gonzales,R.M.C., Azul,R.R., Pena,R.C.D.",NA,0.999580959,"Canis lupus familiaris","Dog","Domestic","Luzon",2022.48493150685
"Z-20-110",0.027178287,"Z-20-110",NA,NA,"Canis familiaris",NA,2020-10-23,"date_collected","Pacita Complex 1, San Vicente","San Pedro","Laguna-San Pedro","Laguna","Laguna","Calabarzon","Region IV-A (Calabarzon)",14.34936983,121.0384844,"phd",NA,NA,NA,"Canis lupus familiaris","Dog","Domestic","Luzon",2020.8087431694
"OR971469",0.026983651,"R4A-2021-4446",NA,"OR971469","Canis lupus familiaris","brain",2021-01-12,"date_collected",NA,NA,NA,"Rizal","Rizal","Region IV-A (Calabarzon)","Region IV-A (Calabarzon)",NA,NA,"vgtk","Cruz,J.L., Gonzales,R.M.C., Azul,R.R., Pena,R.C.D.",NA,0.999580959,"Canis lupus familiaris","Dog","Domestic","Luzon",2021.0301369863
"OR971367",0.027070262,"NCR-2022-2918",NA,"OR971367","Canis lupus familiaris","brain",2022-08-09,"date_collected",NA,NA,NA,"Metropolitan Manila","Metropolitan Manila","National Capital Region (NCR)","National Capital Region (NCR)",NA,NA,"vgtk; manual_correction","Cruz,J.L., Gonzales,R.M.C., Azul,R.R., Pena,R.C.D.",NA,0.999580959,"Canis lupus familiaris","Dog","Domestic","Luzon",2022.60273972603
"OR971354",0.027015803,"NCR-2020-3068",NA,"OR971354","Canis lupus familiaris","brain",2020-08-24,"date_collected",NA,NA,NA,"Metropolitan Manila","Metropolitan Manila","National Capital Region (NCR)","National Capital Region (NCR)",NA,NA,"vgtk; manual_correction","Cruz,J.L., Gonzales,R.M.C., Azul,R.R., Pena,R.C.D.",NA,0.999497151,"Canis lupus familiaris","Dog","Domestic","Luzon",2020.64480874317
"OR971361",0.027825331,"NCR-2022-1945",NA,"OR971361","Canis lupus familiaris","brain",2022-06-10,"date_collected",NA,NA,NA,"Metropolitan Manila","Metropolitan Manila","National Capital Region (NCR)","National Capital Region (NCR)",NA,NA,"vgtk; manual_correction","Cruz,J.L., Gonzales,R.M.C., Azul,R.R., Pena,R.C.D.",NA,0.999580959,"Canis lupus familiaris","Dog","Domestic","Luzon",2022.43835616438
"OR971348",0.026723964,"NCR-2019-6544",NA,"OR971348","Canis lupus familiaris","brain",2019-09-24,"date_collected",NA,NA,NA,"Metropolitan Manila","Metropolitan Manila","National Capital Region (NCR)","National Capital Region (NCR)",NA,NA,"vgtk; manual_correction","Cruz,J.L., Gonzales,R.M.C., Azul,R.R., Pena,R.C.D.",NA,0.999161918,"Canis lupus familiaris","Dog","Domestic","Luzon",2019.72876712329
"OR971455",0.026964702,"R4A-2019-5622",NA,"OR971455","Canis lupus familiaris","brain",2019-08-05,"date_collected",NA,NA,NA,"Rizal","Rizal","Region IV-A (Calabarzon)","Region IV-A (Calabarzon)",NA,NA,"vgtk","Cruz,J.L., Gonzales,R.M.C., Azul,R.R., Pena,R.C.D.",NA,0.999161918,"Canis lupus familiaris","Dog","Domestic","Luzon",2019.59178082192
"MN857170",0.027485813,"BAI/BAI4A/2019-01/can",NA,"MN857170","canine","",2019-05-27,"date_collected",NA,"Angono","Rizal-Angono","Rizal","Rizal","Region IV-A (Calabarzon)","Region IV-A (Calabarzon)",NA,NA,"vgtk; manual_correction","Ubaldo,F.P.J.R., Cruz,J.L., Gonzales,R.M.C., Legaspi,C.F., Maravilla,J.L.",NA,0.999161918,"Canis lupus familiaris","Dog","Domestic","Luzon",2019.4
"Z-19-88",0.026817304,"Z-19-88",NA,NA,"Canis familiaris",NA,2019-05-31,"date_collected","San Isidro","Angono","Rizal-Angono","Rizal","Rizal","Calabarzon","Region IV-A (Calabarzon)",14.54362773,121.165434,"phd",NA,NA,NA,"Canis lupus familiaris","Dog","Domestic","Luzon",2019.41095890411
"OR971445",0.027729717,"R3-2022-0017",NA,"OR971445","Canis lupus familiaris","brain",2022-01-13,"date_collected",NA,NA,NA,"Bulacan","Bulacan","Region III (Central Luzon)","Region III (Central Luzon)",NA,NA,"vgtk","Cruz,J.L., Gonzales,R.M.C., Azul,R.R., Pena,R.C.D.",NA,0.999580959,"Canis lupus familiaris","Dog","Domestic","Luzon",2022.03287671233
"OR971467",0.02764318,"R4A-2021-3398",NA,"OR971467","Canis lupus familiaris","brain",2021-09-23,"date_collected",NA,NA,NA,"Rizal","Rizal","Region IV-A (Calabarzon)","Region IV-A (Calabarzon)",NA,NA,"vgtk","Cruz,J.L., Gonzales,R.M.C., Azul,R.R., Pena,R.C.D.",NA,0.999580959,"Canis lupus familiaris","Dog","Domestic","Luzon",2021.72602739726
"OR971360",0.027816851,"NCR-2021-4011",NA,"OR971360","Canis lupus familiaris","brain",2021-05-11,"date_collected",NA,NA,NA,"Metropolitan Manila","Metropolitan Manila","National Capital Region (NCR)","National Capital Region (NCR)",NA,NA,"vgtk; manual_correction","Cruz,J.L., Gonzales,R.M.C., Azul,R.R., Pena,R.C.D.",NA,0.999664767,"Canis lupus familiaris","Dog","Domestic","Luzon",2021.35616438356
"OR971466",0.028164358,"R4A-2021-3000",NA,"OR971466","Canis lupus familiaris","brain",2021-08-26,"date_collected",NA,NA,NA,"Rizal","Rizal","Region IV-A (Calabarzon)","Region IV-A (Calabarzon)",NA,NA,"vgtk","Cruz,J.L., Gonzales,R.M.C., Azul,R.R., Pena,R.C.D.",NA,0.999580959,"Canis lupus familiaris","Dog","Domestic","Luzon",2021.64931506849
"OR971462",0.027903268,"R4A-2021-2633",NA,"OR971462","Canis lupus familiaris","brain",2021-07-27,"date_collected",NA,NA,NA,"Rizal","Rizal","Region IV-A (Calabarzon)","Region IV-A (Calabarzon)",NA,NA,"vgtk","Cruz,J.L., Gonzales,R.M.C., Azul,R.R., Pena,R.C.D.",NA,0.999580959,"Canis lupus familiaris","Dog","Domestic","Luzon",2021.56712328767
"OR971355",0.027729838,"NCR-2020-3257",NA,"OR971355","Canis lupus familiaris","brain",2020-09-21,"date_collected",NA,NA,NA,"Metropolitan Manila","Metropolitan Manila","National Capital Region (NCR)","National Capital Region (NCR)",NA,NA,"vgtk; manual_correction","Cruz,J.L., Gonzales,R.M.C., Azul,R.R., Pena,R.C.D.",NA,0.999580959,"Canis lupus familiaris","Dog","Domestic","Luzon",2020.72131147541
"OR971364",0.027296688,"NCR-2022-2209",NA,"OR971364","Canis lupus familiaris","brain",2022-06-28,"date_collected",NA,NA,NA,"Metropolitan Manila","Metropolitan Manila","National Capital Region (NCR)","National Capital Region (NCR)",NA,NA,"vgtk; manual_correction","Cruz,J.L., Gonzales,R.M.C., Azul,R.R., Pena,R.C.D.",NA,0.999580959,"Canis lupus familiaris","Dog","Domestic","Luzon",2022.48767123288
"Z-20-51",0.027096936,"Z-20-51",NA,NA,"Canis familiaris",NA,2020-03-02,"date_collected","Herald Village Subd.","Angono","Rizal-Angono","Rizal","Rizal","Calabarzon","Region IV-A (Calabarzon)",14.54362773,121.165434,"phd",NA,NA,NA,"Canis lupus familiaris","Dog","Domestic","Luzon",2020.16666666667
"Z-16-150",0.026542109,"Z-16-150",NA,NA,"Canis familiaris",NA,2016-09-05,"date_collected","Putatan","Muntinlupa","Metropolitan Manila-Muntinlupa","Metropolitan Manila","Metropolitan Manila","National Capital Region (NCR)","National Capital Region (NCR)",14.40197636,121.0327847,"phd",NA,NA,NA,"Canis lupus familiaris","Dog","Domestic","Luzon",2016.67759562842
"Z-20-24",0.027168529,"Z-20-24",NA,NA,"Canis familiaris",NA,2020-02-14,"date_collected","Bayanan","Muntinlupa","Metropolitan Manila-Muntinlupa","Metropolitan Manila","Metropolitan Manila","National Capital Region (NCR)","National Capital Region (NCR)",14.40197636,121.0327847,"phd",NA,NA,NA,"Canis lupus familiaris","Dog","Domestic","Luzon",2020.12021857923
"OR971452",0.027757769,"R4A-2019-989",NA,"OR971452","Canis lupus familiaris","brain",2019-10-03,"date_collected",NA,NA,NA,"Laguna","Laguna","Region IV-A (Calabarzon)","Region IV-A (Calabarzon)",NA,NA,"vgtk","Cruz,J.L., Gonzales,R.M.C., Azul,R.R., Pena,R.C.D.",NA,0.999161918,"Canis lupus familiaris","Dog","Domestic","Luzon",2019.75342465753
"Z-23-01",0.027893644,"Z-23-01",NA,NA,"Canis familiaris",NA,2023-01-03,"date_collected","Balibago","Santa Rosa City","Laguna-Santa Rosa City","Laguna","Laguna","Calabarzon","Region IV-A (Calabarzon)",14.27260264,121.0895167,"phd",NA,NA,NA,"Canis lupus familiaris","Dog","Domestic","Luzon",2023.00547945205
"Z-23-01Sa",0.027893643,"Z-23-01Sa",NA,NA,"Canis familiaris",NA,2023-01-03,"date_collected","Balibago","Santa Rosa City","Laguna-Santa Rosa City","Laguna","Laguna","Calabarzon","Region IV-A (Calabarzon)",14.27260264,121.0895167,"phd",NA,NA,NA,"Canis lupus familiaris","Dog","Domestic","Luzon",2023.00547945205
"Z-19-136",0.027165409,"Z-19-136",NA,NA,"Canis familiaris",NA,2019-09-05,"date_collected","Canlubang","Calamba City","Laguna-Calamba City","Laguna","Laguna","Calabarzon","Region IV-A (Calabarzon)",14.18862277,121.1242055,"phd",NA,NA,NA,"Canis lupus familiaris","Dog","Domestic","Luzon",2019.67671232877
"OR971479",0.028550259,"R4A-2022-252",NA,"OR971479","Canis lupus familiaris","brain",2022-02-22,"date_collected",NA,NA,NA,"Laguna","Laguna","Region IV-A (Calabarzon)","Region IV-A (Calabarzon)",NA,NA,"vgtk","Cruz,J.L., Gonzales,R.M.C., Azul,R.R., Pena,R.C.D.",NA,0.999580959,"Canis lupus familiaris","Dog","Domestic","Luzon",2022.14246575342
"OR971451",0.02751372,"R4A-2019-949",NA,"OR971451","Canis lupus familiaris","brain",2019-09-25,"date_collected",NA,NA,NA,"Laguna","Laguna","Region IV-A (Calabarzon)","Region IV-A (Calabarzon)",NA,NA,"vgtk","Cruz,J.L., Gonzales,R.M.C., Azul,R.R., Pena,R.C.D.",NA,0.999161918,"Canis lupus familiaris","Dog","Domestic","Luzon",2019.73150684932
"Z-15-009",0.025851716,"Z-15-009",NA,NA,"Canis familiaris",NA,2015-01-16,"date_collected","South Triangle","Quezon City","Metropolitan Manila-Quezon City","Metropolitan Manila","Metropolitan Manila","National Capital Region (NCR)","National Capital Region (NCR)",14.67428047,121.0574986,"phd",NA,NA,NA,"Canis lupus familiaris","Dog","Domestic","Luzon",2015.04109589041
"MN857171",0.028034796,"BAI/BAI3/2019-01/fel",NA,"MN857171","feline","",2019-05-06,"date_collected",NA,"San Miguel","Bulacan-San Miguel","Bulacan","Bulacan","Central Luzon","Region III (Central Luzon)",NA,NA,"vgtk; manual_correction","Ubaldo,F.P.J.R., Cruz,J.L., Gonzales,R.M.C., Legaspi,C.F., Maravilla,J.L.",NA,0.999161918,"Felis catus","Cat","Domestic","Luzon",2019.34246575342
"OR971441",0.027675946,"R3-2022-0006",NA,"OR971441","Canis lupus familiaris","brain",2022-01-18,"date_collected",NA,NA,NA,"Nueva Ecija","Nueva Ecija","Region III (Central Luzon)","Region III (Central Luzon)",NA,NA,"vgtk","Cruz,J.L., Gonzales,R.M.C., Azul,R.R., Pena,R.C.D.",NA,0.999580959,"Canis lupus familiaris","Dog","Domestic","Luzon",2022.04657534247
"OR971437",0.027675946,"R3-2021-0753",NA,"OR971437","Canis lupus familiaris","brain",2021-12-22,"date_collected",NA,NA,NA,"Nueva Ecija","Nueva Ecija","Region III (Central Luzon)","Region III (Central Luzon)",NA,NA,"vgtk","Cruz,J.L., Gonzales,R.M.C., Azul,R.R., Pena,R.C.D.",NA,0.999580959,"Canis lupus familiaris","Dog","Domestic","Luzon",2021.97260273973
"OR971422",0.027414369,"R3-2021-0468",NA,"OR971422","Canis lupus familiaris","brain",2021-08-31,"date_collected",NA,NA,NA,"Nueva Ecija","Nueva Ecija","Region III (Central Luzon)","Region III (Central Luzon)",NA,NA,"vgtk","Cruz,J.L., Gonzales,R.M.C., Azul,R.R., Pena,R.C.D.",NA,0.999580959,"Canis lupus familiaris","Dog","Domestic","Luzon",2021.66301369863
"OR971335",0.027502473,"CAR-2021-034",NA,"OR971335","Canis lupus familiaris","brain",2021-05-14,"date_collected",NA,NA,NA,"Apayao","Apayao","Cordillera Administrative Region (CAR)","Cordillera Administrative Region (CAR)",NA,NA,"vgtk","Cruz,J.L., Gonzales,R.M.C., Azul,R.R., Pena,R.C.D.",NA,0.999161918,"Canis lupus familiaris","Dog","Domestic","Luzon",2021.36438356164
"Z-18-159",0.026325145,"Z-18-159",NA,NA,"Canis familiaris",NA,2018-07-19,"date_collected","Sta. Cruz","Guiginto","Bulacan-Guiguinto","Bulacan","Bulacan","Central Luzon","Region III (Central Luzon)",14.83746463,120.8923363,"phd",NA,NA,NA,"Canis lupus familiaris","Dog","Domestic","Luzon",2018.54520547945
"RADDL3-16-468",0.026916266,"RADDL3-16-468",NA,NA,"Canis familiaris",NA,2016-06-01,"date_collected","Sta Teresita","Angeles  City","Pampanga-Angeles City","Pampanga","Pampanga","Central Luzon","Region III (Central Luzon)",15.14555779,120.5862479,"phd",NA,NA,NA,"Canis lupus familiaris","Dog","Domestic","Luzon",2016.41530054645
"OR971432",0.028373344,"R3-2021-0504",NA,"OR971432","Canis lupus familiaris","brain",2021-08-10,"date_collected",NA,NA,NA,"Pampanga","Pampanga","Region III (Central Luzon)","Region III (Central Luzon)",NA,NA,"vgtk","Cruz,J.L., Gonzales,R.M.C., Azul,R.R., Pena,R.C.D.",NA,0.999580959,"Canis lupus familiaris","Dog","Domestic","Luzon",2021.60547945205
"OR971338",0.027939779,"CAR-2021-046",NA,"OR971338","Canis lupus familiaris","brain",2021-06-25,"date_collected",NA,NA,NA,"Benguet","Benguet","Cordillera Administrative Region (CAR)","Cordillera Administrative Region (CAR)",NA,NA,"vgtk","Cruz,J.L., Gonzales,R.M.C., Azul,R.R., Pena,R.C.D.",NA,0.999161918,"Canis lupus familiaris","Dog","Domestic","Luzon",2021.47945205479
"RADDL3-1038",0.026624883,"RADDL3-1038",NA,NA,"Dog",NA,2015-10-22,"date_collected","CM Recto","Angeles City","Pampanga-Angeles City","Pampanga","Pampanga","Central Luzon (III)","Region III (Central Luzon)",NA,NA,"2018_workshop",NA,NA,NA,"Canis lupus familiaris","Dog","Domestic","Luzon",2015.80547945205
"OR971431",0.027503583,"R3-2021-0502",NA,"OR971431","Canis lupus familiaris","brain",2021-07-10,"date_collected",NA,NA,NA,"Pampanga","Pampanga","Region III (Central Luzon)","Region III (Central Luzon)",NA,NA,"vgtk","Cruz,J.L., Gonzales,R.M.C., Azul,R.R., Pena,R.C.D.",NA,0.999580959,"Canis lupus familiaris","Dog","Domestic","Luzon",2021.52054794521
"OR971424",0.02759051,"R3-2021-0472",NA,"OR971424","Canis lupus familiaris","brain",2021-03-09,"date_collected",NA,NA,NA,"Pampanga","Pampanga","Region III (Central Luzon)","Region III (Central Luzon)",NA,NA,"vgtk","Cruz,J.L., Gonzales,R.M.C., Azul,R.R., Pena,R.C.D.",NA,0.999580959,"Canis lupus familiaris","Dog","Domestic","Luzon",2021.18356164384
"OR971413",0.028286721,"R3-2021-0282",NA,"OR971413","Canis lupus familiaris","brain",2021-04-05,"date_collected",NA,NA,NA,"Nueva Ecija","Nueva Ecija","Region III (Central Luzon)","Region III (Central Luzon)",NA,NA,"vgtk","Cruz,J.L., Gonzales,R.M.C., Azul,R.R., Pena,R.C.D.",NA,0.999161918,"Canis lupus familiaris","Dog","Domestic","Luzon",2021.25753424658
"OR971428",0.028285645,"R3-2021-0495",NA,"OR971428","Canis lupus familiaris","brain",2021-09-24,"date_collected",NA,NA,NA,"Pampanga","Pampanga","Region III (Central Luzon)","Region III (Central Luzon)",NA,NA,"vgtk","Cruz,J.L., Gonzales,R.M.C., Azul,R.R., Pena,R.C.D.",NA,0.999664767,"Canis lupus familiaris","Dog","Domestic","Luzon",2021.72876712329
"OR971418",0.027773739,"R3-2021-0300",NA,"OR971418","Canis lupus familiaris","brain",2021-04-26,"date_collected",NA,NA,NA,"Pampanga","Pampanga","Region III (Central Luzon)","Region III (Central Luzon)",NA,NA,"vgtk","Cruz,J.L., Gonzales,R.M.C., Azul,R.R., Pena,R.C.D.",NA,0.999161918,"Canis lupus familiaris","Dog","Domestic","Luzon",2021.31506849315
"OR971421",0.02767365,"R3-2021-0467",NA,"OR971421","Canis lupus familiaris","brain",2021-08-31,"date_collected",NA,NA,NA,"Pampanga","Pampanga","Region III (Central Luzon)","Region III (Central Luzon)",NA,NA,"vgtk","Cruz,J.L., Gonzales,R.M.C., Azul,R.R., Pena,R.C.D.",NA,0.999580959,"Canis lupus familiaris","Dog","Domestic","Luzon",2021.66301369863
"OR971416",0.027588369,"R3-2021-0294",NA,"OR971416","Canis lupus familiaris","brain",2021-04-16,"date_collected",NA,NA,NA,"Pampanga","Pampanga","Region III (Central Luzon)","Region III (Central Luzon)",NA,NA,"vgtk","Cruz,J.L., Gonzales,R.M.C., Azul,R.R., Pena,R.C.D.",NA,0.999161918,"Canis lupus familiaris","Dog","Domestic","Luzon",2021.28767123288
"OR971435",0.02828007,"R3-2021-0543",NA,"OR971435","Canis lupus familiaris","brain",2021-10-27,"date_collected",NA,NA,NA,"Bulacan","Bulacan","Region III (Central Luzon)","Region III (Central Luzon)",NA,NA,"vgtk","Cruz,J.L., Gonzales,R.M.C., Azul,R.R., Pena,R.C.D.",NA,0.999580959,"Canis lupus familiaris","Dog","Domestic","Luzon",2021.81917808219
"OR971446",0.028106971,"R3-2022-0019",NA,"OR971446","Canis lupus familiaris","brain",2022-01-18,"date_collected",NA,NA,NA,"Pampanga","Pampanga","Region III (Central Luzon)","Region III (Central Luzon)",NA,NA,"vgtk","Cruz,J.L., Gonzales,R.M.C., Azul,R.R., Pena,R.C.D.",NA,0.999580959,"Canis lupus familiaris","Dog","Domestic","Luzon",2022.04657534247
"OR971419",0.027933809,"R3-2021-0304",NA,"OR971419","Canis lupus familiaris","brain",2021-05-05,"date_collected",NA,NA,NA,"Pampanga","Pampanga","Region III (Central Luzon)","Region III (Central Luzon)",NA,NA,"vgtk","Cruz,J.L., Gonzales,R.M.C., Azul,R.R., Pena,R.C.D.",NA,0.999580959,"Canis lupus familiaris","Dog","Domestic","Luzon",2021.3397260274
"OR971443",0.028106919,"R3-2022-0014",NA,"OR971443","Canis lupus familiaris","brain",2022-10-01,"date_collected",NA,NA,NA,"Pampanga","Pampanga","Region III (Central Luzon)","Region III (Central Luzon)",NA,NA,"vgtk","Cruz,J.L., Gonzales,R.M.C., Azul,R.R., Pena,R.C.D.",NA,0.999580959,"Canis lupus familiaris","Dog","Domestic","Luzon",2022.74794520548
"OR971439",0.028106924,"R3-2022-0002",NA,"OR971439","Canis lupus familiaris","brain",2022-03-01,"date_collected",NA,NA,NA,"Pampanga","Pampanga","Region III (Central Luzon)","Region III (Central Luzon)",NA,NA,"vgtk","Cruz,J.L., Gonzales,R.M.C., Azul,R.R., Pena,R.C.D.",NA,0.999580959,"Canis lupus familiaris","Dog","Domestic","Luzon",2022.16164383562
"OR971436",0.027413443,"R3-2021-0731",NA,"OR971436","Canis lupus familiaris","brain",2021-09-12,"date_collected",NA,NA,NA,"Nueva Ecija","Nueva Ecija","Region III (Central Luzon)","Region III (Central Luzon)",NA,NA,"vgtk","Cruz,J.L., Gonzales,R.M.C., Azul,R.R., Pena,R.C.D.",NA,0.999580959,"Canis lupus familiaris","Dog","Domestic","Luzon",2021.69589041096
"R3-731",0.027503504,"R3-731",NA,NA,"Canis familiaris",NA,2021-12-09,"date_collected","Sangitan","Cabanatuan City","Nueva Ecija-Cabanatuan City","Nueva Ecija","Nueva Ecija","Central Luzon","Region III (Central Luzon)",15.49243695,120.9899426,"phd",NA,NA,NA,"Canis lupus familiaris","Dog","Domestic","Luzon",2021.93698630137
"OR971440",0.028280928,"R3-2022-0004",NA,"OR971440","Canis lupus familiaris","brain",2022-04-01,"date_collected",NA,NA,NA,"Pampanga","Pampanga","Region III (Central Luzon)","Region III (Central Luzon)",NA,NA,"vgtk","Cruz,J.L., Gonzales,R.M.C., Azul,R.R., Pena,R.C.D.",NA,0.999580959,"Canis lupus familiaris","Dog","Domestic","Luzon",2022.24657534247
"OR971414",0.027335755,"R3-2021-0286",NA,"OR971414","Canis lupus familiaris","brain",2021-04-07,"date_collected",NA,NA,NA,"Nueva Ecija","Nueva Ecija","Region III (Central Luzon)","Region III (Central Luzon)",NA,NA,"vgtk","Cruz,J.L., Gonzales,R.M.C., Azul,R.R., Pena,R.C.D.",NA,0.999161918,"Canis lupus familiaris","Dog","Domestic","Luzon",2021.26301369863
"RADDL3-845",0.026148726,"RADDL3-845",NA,NA,"Canis familiaris",NA,2015-09-02,"date_collected","San Jose","Floridablanca","Pampanga-Floridablanca","Pampanga","Pampanga","Central Luzon","Region III (Central Luzon)",14.98771276,120.4868625,"phd",NA,NA,NA,"Canis lupus familiaris","Dog","Domestic","Luzon",2015.66849315068
"OR971417",0.027766927,"R3-2021-0296",NA,"OR971417","Canis lupus familiaris","brain",2021-04-16,"date_collected",NA,NA,NA,"Pampanga","Pampanga","Region III (Central Luzon)","Region III (Central Luzon)",NA,NA,"vgtk","Cruz,J.L., Gonzales,R.M.C., Azul,R.R., Pena,R.C.D.",NA,0.999161918,"Canis lupus familiaris","Dog","Domestic","Luzon",2021.28767123288
"OR971412",0.028114008,"R3-2021-0274",NA,"OR971412","Canis lupus familiaris","brain",2021-03-17,"date_collected",NA,NA,NA,"Bataan","Bataan","Region III (Central Luzon)","Region III (Central Luzon)",NA,NA,"vgtk","Cruz,J.L., Gonzales,R.M.C., Azul,R.R., Pena,R.C.D.",NA,0.999161918,"Canis lupus familiaris","Dog","Domestic","Luzon",2021.20547945205
"OR971433",0.027933936,"R3-2021-0513",NA,"OR971433","Canis lupus familiaris","brain",2021-10-13,"date_collected",NA,NA,NA,"Bataan","Bataan","Region III (Central Luzon)","Region III (Central Luzon)",NA,NA,"vgtk","Cruz,J.L., Gonzales,R.M.C., Azul,R.R., Pena,R.C.D.",NA,0.999580959,"Canis lupus familiaris","Dog","Domestic","Luzon",2021.78082191781
"OR971430",0.027673599,"R3-2021-0501",NA,"OR971430","Canis lupus familiaris","brain",2021-05-10,"date_collected",NA,NA,NA,"Bataan","Bataan","Region III (Central Luzon)","Region III (Central Luzon)",NA,NA,"vgtk","Cruz,J.L., Gonzales,R.M.C., Azul,R.R., Pena,R.C.D.",NA,0.999580959,"Canis lupus familiaris","Dog","Domestic","Luzon",2021.35342465753
"OR971427",0.027501093,"R3-2021-0487",NA,"OR971427","Canis lupus familiaris","brain",2021-10-09,"date_collected",NA,NA,NA,"Pampanga","Pampanga","Region III (Central Luzon)","Region III (Central Luzon)",NA,NA,"vgtk","Cruz,J.L., Gonzales,R.M.C., Azul,R.R., Pena,R.C.D.",NA,0.999580959,"Canis lupus familiaris","Dog","Domestic","Luzon",2021.7698630137
"OR971442",0.027760845,"R3-2022-0013",NA,"OR971442","Canis lupus familiaris","brain",2022-07-01,"date_collected",NA,NA,NA,"Zambales","Zambales","Region III (Central Luzon)","Region III (Central Luzon)",NA,NA,"vgtk","Cruz,J.L., Gonzales,R.M.C., Azul,R.R., Pena,R.C.D.",NA,0.999580959,"Canis lupus familiaris","Dog","Domestic","Luzon",2022.49589041096
"OR971434",0.02784873,"R3-2021-0514",NA,"OR971434","Felis catus","brain",2021-10-13,"date_collected",NA,NA,NA,"Zambales","Zambales","Region III (Central Luzon)","Region III (Central Luzon)",NA,NA,"vgtk","Cruz,J.L., Gonzales,R.M.C., Azul,R.R., Pena,R.C.D.",NA,0.999580959,"Felis catus","Cat","Domestic","Luzon",2021.78082191781
"OR971403",0.029248203,"R2-2021-087",NA,"OR971403","Canis lupus familiaris","brain",2021-08-17,"date_collected","Pampang","Kayapa","Nueva Vizcaya-Kayapa","Nueva vizcaya","Nueva Vizcaya",NA,NA,NA,NA,"vgtk; raddl_correction","Cruz,J.L., Gonzales,R.M.C., Azul,R.R., Pena,R.C.D.",NA,0.999580959,"Canis lupus familiaris","Dog","Domestic",NA,2021.62465753425
"OR971401",0.027588707,"R2-2021-083",NA,"OR971401","Canis lupus familiaris","brain",2021-10-08,"date_collected","Quezon","Solano","Nueva Vizcaya-Solano","Nueva vizcaya","Nueva Vizcaya",NA,NA,NA,NA,"vgtk; raddl_correction","Cruz,J.L., Gonzales,R.M.C., Azul,R.R., Pena,R.C.D.",NA,0.999580959,"Canis lupus familiaris","Dog","Domestic",NA,2021.76712328767
"RADDL3-16-521",0.026962859,"RADDL3-16-521",NA,NA,"Canis familiaris",NA,2016-06-15,"date_collected","Bulihan","Malolos City","Bulacan-Malolos City","Bulacan","Bulacan","Central Luzon","Region III (Central Luzon)",14.82958643,120.8367451,"phd",NA,NA,NA,"Canis lupus familiaris","Dog","Domestic","Luzon",2016.45355191257
"Z-14-182",0.026238058,"Z-14-182",NA,NA,"Canis familiaris",NA,2014-08-20,"date_collected","San Francisco","Pulilan","Bulacan-Pulilan","Bulacan","Bulacan","Central Luzon","Region III (Central Luzon)",14.91386664,120.8556301,"phd",NA,NA,NA,"Canis lupus familiaris","Dog","Domestic","Luzon",2014.63287671233
"OR971397",0.025600567,"R2-2019-8166",NA,"OR971397","Canis lupus familiaris","brain",2019-10-07,"date_collected","District 1v","Bayombong","Nueva Vizcaya-Bayombong","Nueva vizcaya","Nueva Vizcaya",NA,NA,NA,NA,"vgtk; raddl_correction","Cruz,J.L., Gonzales,R.M.C., Azul,R.R., Pena,R.C.D.",NA,0.999329534,"Canis lupus familiaris","Dog","Domestic",NA,2019.76438356164
"OR971395",0.025071522,"R2-2019-7838",NA,"OR971395","Canis lupus familiaris","brain",2019-09-20,"date_collected","Don domingo maddela pob. (District i)","Bayombong","Nueva Vizcaya-Bayombong","Nueva vizcaya","Nueva Vizcaya",NA,NA,NA,NA,"vgtk; raddl_correction","Cruz,J.L., Gonzales,R.M.C., Azul,R.R., Pena,R.C.D.",NA,0.999329534,"Canis lupus familiaris","Dog","Domestic",NA,2019.71780821918
"Z-07-366",0.022411638,"Z-07-366",NA,NA,"Canis familiaris",NA,2007-11-12,"date_collected","Wawa","Lipa City","Batangas-Lipa City","Batangas","Batangas","Calabarzon","Region IV-A (Calabarzon)",13.94086577,121.1746864,"phd",NA,NA,NA,"Canis lupus familiaris","Dog","Domestic","Luzon",2007.86301369863
"Z-07-387",0.022735553,"Z-07-387",NA,NA,"Canis familiaris",NA,2007-12-07,"date_collected","Bagong Liing","San Antonio","Quezon-San Antonio","Quezon","Quezon","Calabarzon","Region IV-A (Calabarzon)",13.89985141,121.2980234,"phd",NA,NA,NA,"Canis lupus familiaris","Dog","Domestic","Luzon",2007.93150684932
"KX148262",0.022036836,"94278PHI",NA,"KX148262","dog","brain",1994-01-01,"date_collected",NA,NA,NA,"",NA,NA,NA,NA,NA,"vgtk","Troupin,C., Dacheux,L., Tanguy,M., Blanc,H., Bouchier,C., Vignuzzi,M., Bourhy,H.",NA,0.988937311,"Canis lupus familiaris","Dog","Domestic",NA,1994
"OR971396",0.026527097,"R2-2019-8088",NA,"OR971396","Canis lupus familiaris","brain",2019-10-04,"date_collected","Ngarag","Cabagan","Isabela-Gamu","Isabela","Isabela","Region II (Cagayan Valley)","Region II (Cagayan Valley)",NA,NA,"vgtk; raddl_correction","Cruz,J.L., Gonzales,R.M.C., Azul,R.R., Pena,R.C.D.",NA,0.999329534,"Canis lupus familiaris","Dog","Domestic","Luzon",2019.75616438356
"OR971342",0.027044925,"CAR-2022-002",NA,"OR971342","Canis lupus familiaris","brain",2022-06-01,"date_collected",NA,NA,NA,"Mountain Province","Mountain Province","Cordillera Administrative Region (CAR)","Cordillera Administrative Region (CAR)",NA,NA,"vgtk; manual_correction","Cruz,J.L., Gonzales,R.M.C., Azul,R.R., Pena,R.C.D.",NA,0.999329534,"Canis lupus familiaris","Dog","Domestic","Luzon",2022.41369863014
"OR971325",0.026610715,"CAR-2019-098",NA,"OR971325","Canis lupus familiaris","brain",2019-09-16,"date_collected",NA,NA,NA,"Kalinga","Kalinga","Cordillera Administrative Region (CAR)","Cordillera Administrative Region (CAR)",NA,NA,"vgtk","Cruz,J.L., Gonzales,R.M.C., Azul,R.R., Pena,R.C.D.",NA,0.999329534,"Canis lupus familiaris","Dog","Domestic","Luzon",2019.70684931507
"OR971393",0.027133268,"R2-2019-7027",NA,"OR971393","Canis lupus familiaris","brain",2019-08-20,"date_collected","Barangay ii (poblacion)","Enrile","Cagayan-Enrile","Cagayan","Cagayan","Region II (Cagayan Valley)","Region II (Cagayan Valley)",NA,NA,"vgtk; raddl_correction","Cruz,J.L., Gonzales,R.M.C., Azul,R.R., Pena,R.C.D.",NA,0.999329534,"Canis lupus familiaris","Dog","Domestic","Luzon",2019.63287671233
"R2-22-5302",0.027469393,"R2-22-5302",NA,NA,"Canis familiaris",NA,2022-01-01,"date_collected","","",NA,"",NA,"",NA,NA,NA,"phd",NA,NA,NA,"Canis lupus familiaris","Dog","Domestic",NA,2022
"OR971404",0.027742605,"R2-2021-106",NA,"OR971404","Canis lupus familiaris","brain",2021-05-11,"date_collected","Poblacion 1","Santa maria","Isabela-Mallig","Isabela","Isabela","Region II (Cagayan Valley)","Region II (Cagayan Valley)",NA,NA,"vgtk; raddl_correction","Cruz,J.L., Gonzales,R.M.C., Azul,R.R., Pena,R.C.D.",NA,0.999245726,"Canis lupus familiaris","Dog","Domestic","Luzon",2021.35616438356
"OR971402",0.028004399,"R2-2021-084",NA,"OR971402","Canis lupus familiaris","brain",2021-08-13,"date_collected","Alimanao","Peñablanca","Cagayan-Peñablanca","Cagayan","Cagayan","Region II (Cagayan Valley)","Region II (Cagayan Valley)",NA,NA,"vgtk; raddl_correction","Cruz,J.L., Gonzales,R.M.C., Azul,R.R., Pena,R.C.D.",NA,0.999245726,"Canis lupus familiaris","Dog","Domestic","Luzon",2021.61369863014
"OR971407",0.027919183,"R2-2021-125",NA,"OR971407","Canis lupus familiaris","brain",2021-12-30,"date_collected","Parabba","Peñablanca","Cagayan-Peñablanca","Cagayan","Cagayan","Region II (Cagayan Valley)","Region II (Cagayan Valley)",NA,NA,"vgtk; raddl_correction","Cruz,J.L., Gonzales,R.M.C., Azul,R.R., Pena,R.C.D.",NA,0.999329534,"Canis lupus familiaris","Dog","Domestic","Luzon",2021.99452054795
"OR971406",0.028092715,"R2-2021-124",NA,"OR971406","Canis lupus familiaris","brain",2021-12-27,"date_collected","Ugac norte","Tuguegarao city","Cagayan-Tuguegarao City","Cagayan","Cagayan","Region II (Cagayan Valley)","Region II (Cagayan Valley)",NA,NA,"vgtk; raddl_correction","Cruz,J.L., Gonzales,R.M.C., Azul,R.R., Pena,R.C.D.",NA,0.999329534,"Canis lupus familiaris","Dog","Domestic","Luzon",2021.98630136986
"OR971332",0.027401828,"CAR-2021-022",NA,"OR971332","Canis lupus familiaris","brain",2021-03-11,"date_collected",NA,NA,NA,"Ifugao","Ifugao","Cordillera Administrative Region (CAR)","Cordillera Administrative Region (CAR)",NA,NA,"vgtk","Cruz,J.L., Gonzales,R.M.C., Azul,R.R., Pena,R.C.D.",NA,0.999329534,"Canis lupus familiaris","Dog","Domestic","Luzon",2021.18904109589
"R2-081",0.027629843,"R2-081",NA,NA,"Canis familiaris",NA,2020-08-31,"date_collected","Ugac Norte","Tuguegarao  City","Cagayan-Tuguegarao City","Cagayan","Cagayan","Cagayan Valley","Region II (Cagayan Valley)",17.60612446,121.7593619,"phd",NA,NA,NA,"Canis lupus familiaris","Dog","Domestic","Luzon",2020.66393442623
"OR971327",0.02741195,"CAR-2019-103",NA,"OR971327","Canis lupus familiaris","brain",2019-09-23,"date_collected",NA,NA,NA,"Kalinga","Kalinga","Cordillera Administrative Region (CAR)","Cordillera Administrative Region (CAR)",NA,NA,"vgtk","Cruz,J.L., Gonzales,R.M.C., Azul,R.R., Pena,R.C.D.",NA,0.999413342,"Canis lupus familiaris","Dog","Domestic","Luzon",2019.72602739726
"OR971323",0.027064499,"CAR-2019-085",NA,"OR971323","Canis lupus familiaris","brain",2019-08-26,"date_collected",NA,NA,NA,"Kalinga","Kalinga","Cordillera Administrative Region (CAR)","Cordillera Administrative Region (CAR)",NA,NA,"vgtk","Cruz,J.L., Gonzales,R.M.C., Azul,R.R., Pena,R.C.D.",NA,0.999413342,"Canis lupus familiaris","Dog","Domestic","Luzon",2019.64931506849
"OR971400",0.027845129,"R2-2021-082",NA,"OR971400","Canis lupus familiaris","brain",2021-09-08,"date_collected","Luna","Roxas","Isabela-Roxas","Isabela","Isabela","Region II (Cagayan Valley)","Region II (Cagayan Valley)",NA,NA,"vgtk; raddl_correction","Cruz,J.L., Gonzales,R.M.C., Azul,R.R., Pena,R.C.D.",NA,0.999245726,"Canis lupus familiaris","Dog","Domestic","Luzon",2021.68493150685
"OR971333",0.027498572,"CAR-2021-032",NA,"OR971333","Canis lupus familiaris","brain",2021-05-03,"date_collected",NA,NA,NA,"Apayao","Apayao","Cordillera Administrative Region (CAR)","Cordillera Administrative Region (CAR)",NA,NA,"vgtk","Cruz,J.L., Gonzales,R.M.C., Azul,R.R., Pena,R.C.D.",NA,0.999329534,"Canis lupus familiaris","Dog","Domestic","Luzon",2021.33424657534
"R2-22-5814",0.027864691,"R2-22-5814",NA,NA,"Canis familiaris",NA,2022-01-01,"date_collected","","",NA,"",NA,"",NA,NA,NA,"phd",NA,NA,NA,"Canis lupus familiaris","Dog","Domestic",NA,2022
"OR971345",0.027756171,"CAR-2022-018",NA,"OR971345","Canis lupus familiaris","brain",2022-10-03,"date_collected",NA,NA,NA,"Mountain Province","Mountain Province","Cordillera Administrative Region (CAR)","Cordillera Administrative Region (CAR)",NA,NA,"vgtk; manual_correction","Cruz,J.L., Gonzales,R.M.C., Azul,R.R., Pena,R.C.D.",NA,0.999329534,"Canis lupus familiaris","Dog","Domestic","Luzon",2022.75342465753
"CAR-22-018",0.027567297,"CAR-22-018",NA,NA,"",NA,2022-01-01,"date_collected","","",NA,"",NA,"",NA,NA,NA,"phd",NA,NA,NA,"","",NA,NA,2022
"R2-22-84711",0.028567007,"R2-22-84711",NA,NA,"Canis familiaris",NA,2022-01-01,"date_collected","","",NA,"",NA,"",NA,NA,NA,"phd",NA,NA,NA,"Canis lupus familiaris","Dog","Domestic",NA,2022
"R2-22-8924",0.027735448,"R2-22-8924",NA,NA,"Canis familiaris",NA,2022-01-01,"date_collected","","",NA,"",NA,"",NA,NA,NA,"phd",NA,NA,NA,"Canis lupus familiaris","Dog","Domestic",NA,2022
"OR971398",0.02680005,"R2-2019-8204",NA,"OR971398","Canis lupus familiaris","brain",2019-10-08,"date_collected","Purok 1, balintocatoc","Santiago","Isabela-Gamu","Isabela","Isabela","Region II (Cagayan Valley)","Region II (Cagayan Valley)",NA,NA,"vgtk; raddl_correction","Cruz,J.L., Gonzales,R.M.C., Azul,R.R., Pena,R.C.D.",NA,0.999329534,"Canis lupus familiaris","Dog","Domestic","Luzon",2019.76712328767
"OR971399",0.02732152,"R2-2019-8228",NA,"OR971399","Canis lupus familiaris","brain",2019-10-10,"date_collected","Purok 2, rizal","Santiago","Isabela-Gamu","Isabela","Isabela","Region II (Cagayan Valley)","Region II (Cagayan Valley)",NA,NA,"vgtk; raddl_correction","Cruz,J.L., Gonzales,R.M.C., Azul,R.R., Pena,R.C.D.",NA,0.999329534,"Canis lupus familiaris","Dog","Domestic","Luzon",2019.77260273973
"OR971592",0.02843942,"R9-2019-311",NA,"OR971592","Canis lupus familiaris","brain",2019-10-09,"date_collected","Dicayas","Dipolog city","Zamboanga del Norte-Dipolog City","Zamboanga del Norte","Zamboanga del Norte","Region IX (Zamboanga Peninsula)","Region IX (Zamboanga Peninsula)",NA,NA,"vgtk; raddl_correction; manual_correction","Cruz,J.L., Gonzales,R.M.C., Azul,R.R., Pena,R.C.D.",NA,0.999329534,"Canis lupus familiaris","Dog","Domestic","Mindanao",2019.7698630137
"OQ326754",0.030981369,"18-103",NA,"OQ326754","Canis lupus familiaris","brain",2018-01-01,"date_collected",NA,"Davao","Davao del Sur-Sulop","Davao del Sur","Davao del Sur","Region XI (Davao Region)","Region XI (Davao Region)",NA,NA,"vgtk; manual_correction","Bacus,M.G., Buenaventura,S.G.C., Mamites,A.M.C., Elizagaque,H.G., Labrador,C., Delfin,F.C., Eng,M.N.J., Lagare,A.P., Marquez,G.N., Murao,L.A.E.",33878454,0.988937311,"Canis lupus familiaris","Dog","Domestic","Mindanao",2018
"OQ326771",0.030979657,"18-225",NA,"OQ326771","Canis lupus familiaris","brain",2018-01-01,"date_collected",NA,"Davao","Davao del Sur-Sulop","Davao del Sur","Davao del Sur","Region XI (Davao Region)","Region XI (Davao Region)",NA,NA,"vgtk; manual_correction","Bacus,M.G., Buenaventura,S.G.C., Mamites,A.M.C., Elizagaque,H.G., Labrador,C., Delfin,F.C., Eng,M.N.J., Lagare,A.P., Marquez,G.N., Murao,L.A.E.",33878454,0.988937311,"Canis lupus familiaris","Dog","Domestic","Mindanao",2018
"OQ326767",0.031156753,"18-135",NA,"OQ326767","Canis lupus familiaris","brain",2018-01-01,"date_collected",NA,"Davao","Davao del Sur-Sulop","Davao del Sur","Davao del Sur","Region XI (Davao Region)","Region XI (Davao Region)",NA,NA,"vgtk; manual_correction","Bacus,M.G., Buenaventura,S.G.C., Mamites,A.M.C., Elizagaque,H.G., Labrador,C., Delfin,F.C., Eng,M.N.J., Lagare,A.P., Marquez,G.N., Murao,L.A.E.",33878454,0.988937311,"Canis lupus familiaris","Dog","Domestic","Mindanao",2018
"OQ326780",0.030980756,"18-194",NA,"OQ326780","Canis lupus familiaris","brain",2018-01-01,"date_collected",NA,"Davao","Davao del Sur-Sulop","Davao del Sur","Davao del Sur","Region XI (Davao Region)","Region XI (Davao Region)",NA,NA,"vgtk; manual_correction","Bacus,M.G., Buenaventura,S.G.C., Mamites,A.M.C., Elizagaque,H.G., Labrador,C., Delfin,F.C., Eng,M.N.J., Lagare,A.P., Marquez,G.N., Murao,L.A.E.",33878454,0.988937311,"Canis lupus familiaris","Dog","Domestic","Mindanao",2018
"OQ326753",0.03089253,"18-116",NA,"OQ326753","Canis lupus familiaris","brain",2018-01-01,"date_collected",NA,"Davao","Davao del Sur-Sulop","Davao del Sur","Davao del Sur","Region XI (Davao Region)","Region XI (Davao Region)",NA,NA,"vgtk; manual_correction","Bacus,M.G., Buenaventura,S.G.C., Mamites,A.M.C., Elizagaque,H.G., Labrador,C., Delfin,F.C., Eng,M.N.J., Lagare,A.P., Marquez,G.N., Murao,L.A.E.",33878454,0.988937311,"Canis lupus familiaris","Dog","Domestic","Mindanao",2018
"OQ326740",0.031068423,"19-004",NA,"OQ326740","Canis lupus familiaris","brain",2019-01-01,"date_collected",NA,"Davao","Davao del Sur-Sulop","Davao del Sur","Davao del Sur","Region XI (Davao Region)","Region XI (Davao Region)",NA,NA,"vgtk; manual_correction","Bacus,M.G., Buenaventura,S.G.C., Mamites,A.M.C., Elizagaque,H.G., Labrador,C., Delfin,F.C., Eng,M.N.J., Lagare,A.P., Marquez,G.N., Murao,L.A.E.",33878454,0.988937311,"Canis lupus familiaris","Dog","Domestic","Mindanao",2019
"OQ326763",0.031419911,"19-045",NA,"OQ326763","Canis lupus familiaris","brain",2019-01-01,"date_collected",NA,"Davao","Davao del Sur-Sulop","Davao del Sur","Davao del Sur","Region XI (Davao Region)","Region XI (Davao Region)",NA,NA,"vgtk; manual_correction","Bacus,M.G., Buenaventura,S.G.C., Mamites,A.M.C., Elizagaque,H.G., Labrador,C., Delfin,F.C., Eng,M.N.J., Lagare,A.P., Marquez,G.N., Murao,L.A.E.",33878454,0.988937311,"Canis lupus familiaris","Dog","Domestic","Mindanao",2019
"OQ326757",0.030358905,"18-092",NA,"OQ326757","Canis lupus familiaris","brain",2018-01-01,"date_collected",NA,"Davao","Davao del Sur-Sulop","Davao del Sur","Davao del Sur","Region XI (Davao Region)","Region XI (Davao Region)",NA,NA,"vgtk; manual_correction","Bacus,M.G., Buenaventura,S.G.C., Mamites,A.M.C., Elizagaque,H.G., Labrador,C., Delfin,F.C., Eng,M.N.J., Lagare,A.P., Marquez,G.N., Murao,L.A.E.",33878454,0.988937311,"Canis lupus familiaris","Dog","Domestic","Mindanao",2018
"OR971629",0.031746416,"R11-2021-68",NA,"OR971629","Canis lupus familiaris","brain",2021-12-07,"date_collected","Tugbok proper","Davao city","Davao del Sur-Malita","Davao del Sur","Davao del Sur","Region XI (Davao Region)","Region XI (Davao Region)",NA,NA,"vgtk; raddl_correction; manual_correction","Cruz,J.L., Gonzales,R.M.C., Azul,R.R., Pena,R.C.D.",NA,0.999497151,"Canis lupus familiaris","Dog","Domestic","Mindanao",2021.93150684932
"OQ326772",0.030702503,"18-147",NA,"OQ326772","Canis lupus familiaris","brain",2018-01-01,"date_collected",NA,"Davao","Davao del Sur-Sulop","Davao del Sur","Davao del Sur","Region XI (Davao Region)","Region XI (Davao Region)",NA,NA,"vgtk; manual_correction","Bacus,M.G., Buenaventura,S.G.C., Mamites,A.M.C., Elizagaque,H.G., Labrador,C., Delfin,F.C., Eng,M.N.J., Lagare,A.P., Marquez,G.N., Murao,L.A.E.",33878454,0.988937311,"Canis lupus familiaris","Dog","Domestic","Mindanao",2018
"OR971626",0.031834762,"R11-2021-02",NA,"OR971626","Canis lupus familiaris","brain",2021-01-06,"date_collected","Padada","Padada","Davao del Sur-Padada","Davao del Sur","Davao del Sur","Region XI (Davao Region)","Region XI (Davao Region)",NA,NA,"vgtk; raddl_correction; manual_correction","Cruz,J.L., Gonzales,R.M.C., Azul,R.R., Pena,R.C.D.",NA,0.999413342,"Canis lupus familiaris","Dog","Domestic","Mindanao",2021.01369863014
"OR971633",0.031480644,"R11-2022-15",NA,"OR971633","Canis lupus familiaris","brain",2022-02-15,"date_collected","Visayan vill.","Tagum city","Davao del Norte-Tagum City","Davao del Norte","Davao del Norte","Region XI (Davao Region)","Region XI (Davao Region)",NA,NA,"vgtk; raddl_correction; manual_correction","Cruz,J.L., Gonzales,R.M.C., Azul,R.R., Pena,R.C.D.",NA,0.999580959,"Canis lupus familiaris","Dog","Domestic","Mindanao",2022.12328767123
"OQ326776",0.030528003,"18-144",NA,"OQ326776","Canis lupus familiaris","brain",2018-01-01,"date_collected",NA,"Davao","Davao del Sur-Sulop","Davao del Sur","Davao del Sur","Region XI (Davao Region)","Region XI (Davao Region)",NA,NA,"vgtk; manual_correction","Bacus,M.G., Buenaventura,S.G.C., Mamites,A.M.C., Elizagaque,H.G., Labrador,C., Delfin,F.C., Eng,M.N.J., Lagare,A.P., Marquez,G.N., Murao,L.A.E.",33878454,0.988937311,"Canis lupus familiaris","Dog","Domestic","Mindanao",2018
"OQ326742",0.031055937,"18-216",NA,"OQ326742","Canis lupus familiaris","brain",2018-01-01,"date_collected",NA,"Davao","Davao del Sur-Sulop","Davao del Sur","Davao del Sur","Region XI (Davao Region)","Region XI (Davao Region)",NA,NA,"vgtk; manual_correction","Bacus,M.G., Buenaventura,S.G.C., Mamites,A.M.C., Elizagaque,H.G., Labrador,C., Delfin,F.C., Eng,M.N.J., Lagare,A.P., Marquez,G.N., Murao,L.A.E.",33878454,0.988937311,"Canis lupus familiaris","Dog","Domestic","Mindanao",2018
"OQ326759",0.030704017,"18-130",NA,"OQ326759","Canis lupus familiaris","brain",2018-01-01,"date_collected",NA,"Davao","Davao del Sur-Sulop","Davao del Sur","Davao del Sur","Region XI (Davao Region)","Region XI (Davao Region)",NA,NA,"vgtk; manual_correction","Bacus,M.G., Buenaventura,S.G.C., Mamites,A.M.C., Elizagaque,H.G., Labrador,C., Delfin,F.C., Eng,M.N.J., Lagare,A.P., Marquez,G.N., Murao,L.A.E.",33878454,0.988937311,"Canis lupus familiaris","Dog","Domestic","Mindanao",2018
"OQ326769",0.030529391,"18-224",NA,"OQ326769","Canis lupus familiaris","brain",2018-01-01,"date_collected",NA,"Davao","Davao del Sur-Sulop","Davao del Sur","Davao del Sur","Region XI (Davao Region)","Region XI (Davao Region)",NA,NA,"vgtk; manual_correction","Bacus,M.G., Buenaventura,S.G.C., Mamites,A.M.C., Elizagaque,H.G., Labrador,C., Delfin,F.C., Eng,M.N.J., Lagare,A.P., Marquez,G.N., Murao,L.A.E.",33878454,0.988937311,"Canis lupus familiaris","Dog","Domestic","Mindanao",2018
"OQ326752",0.030445072,"18-102",NA,"OQ326752","Canis lupus familiaris","brain",2018-01-01,"date_collected",NA,"Davao","Davao del Sur-Sulop","Davao del Sur","Davao del Sur","Region XI (Davao Region)","Region XI (Davao Region)",NA,NA,"vgtk; manual_correction","Bacus,M.G., Buenaventura,S.G.C., Mamites,A.M.C., Elizagaque,H.G., Labrador,C., Delfin,F.C., Eng,M.N.J., Lagare,A.P., Marquez,G.N., Murao,L.A.E.",33878454,0.988937311,"Canis lupus familiaris","Dog","Domestic","Mindanao",2018
"OQ326736",0.030884471,"18-199",NA,"OQ326736","Canis lupus familiaris","brain",2018-01-01,"date_collected",NA,"Davao","Davao del Sur-Sulop","Davao del Sur","Davao del Sur","Region XI (Davao Region)","Region XI (Davao Region)",NA,NA,"vgtk; manual_correction","Bacus,M.G., Buenaventura,S.G.C., Mamites,A.M.C., Elizagaque,H.G., Labrador,C., Delfin,F.C., Eng,M.N.J., Lagare,A.P., Marquez,G.N., Murao,L.A.E.",33878454,0.988937311,"Canis lupus familiaris","Dog","Domestic","Mindanao",2018
"OQ326766",0.030445116,"18-121",NA,"OQ326766","Canis lupus familiaris","brain",2018-01-01,"date_collected",NA,"Davao","Davao del Sur-Sulop","Davao del Sur","Davao del Sur","Region XI (Davao Region)","Region XI (Davao Region)",NA,NA,"vgtk; manual_correction","Bacus,M.G., Buenaventura,S.G.C., Mamites,A.M.C., Elizagaque,H.G., Labrador,C., Delfin,F.C., Eng,M.N.J., Lagare,A.P., Marquez,G.N., Murao,L.A.E.",33878454,0.988937311,"Canis lupus familiaris","Dog","Domestic","Mindanao",2018
"R11-22-001",0.032894376,"R11-22-001",NA,NA,"Canis familiaris",NA,2022-01-01,"date_collected","","",NA,"",NA,"",NA,NA,NA,"phd",NA,NA,NA,"Canis lupus familiaris","Dog","Domestic",NA,2022
"OQ326748",0.032496542,"18-138",NA,"OQ326748","Canis lupus familiaris","brain",2018-01-01,"date_collected",NA,"Davao","Davao del Sur-Sulop","Davao del Sur","Davao del Sur","Region XI (Davao Region)","Region XI (Davao Region)",NA,NA,"vgtk; manual_correction","Bacus,M.G., Buenaventura,S.G.C., Mamites,A.M.C., Elizagaque,H.G., Labrador,C., Delfin,F.C., Eng,M.N.J., Lagare,A.P., Marquez,G.N., Murao,L.A.E.",33878454,0.988937311,"Canis lupus familiaris","Dog","Domestic","Mindanao",2018
"OR971638",0.032742099,"R11-2022-30",NA,"OR971638","Canis lupus familiaris","brain",2022-04-25,"date_collected","Apokon","Tagum city","Davao del Norte-Tagum City","Davao del Norte","Davao del Norte","Region XI (Davao Region)","Region XI (Davao Region)",NA,NA,"vgtk; raddl_correction; manual_correction","Cruz,J.L., Gonzales,R.M.C., Azul,R.R., Pena,R.C.D.",NA,0.999329534,"Canis lupus familiaris","Dog","Domestic","Mindanao",2022.31232876712
"OR971637",0.032829014,"R11-2022-28",NA,"OR971637","Canis lupus familiaris","brain",2022-04-01,"date_collected","Magugpo central","Tagum city","Davao del Norte-Tagum City","Davao del Norte","Davao del Norte","Region XI (Davao Region)","Region XI (Davao Region)",NA,NA,"vgtk; raddl_correction; manual_correction","Cruz,J.L., Gonzales,R.M.C., Azul,R.R., Pena,R.C.D.",NA,0.999329534,"Canis lupus familiaris","Dog","Domestic","Mindanao",2022.24657534247
"OQ326770",0.032405874,"19-022",NA,"OQ326770","Canis lupus familiaris","brain",2019-01-01,"date_collected",NA,"Davao","Davao del Sur-Sulop","Davao del Sur","Davao del Sur","Region XI (Davao Region)","Region XI (Davao Region)",NA,NA,"vgtk; manual_correction","Bacus,M.G., Buenaventura,S.G.C., Mamites,A.M.C., Elizagaque,H.G., Labrador,C., Delfin,F.C., Eng,M.N.J., Lagare,A.P., Marquez,G.N., Murao,L.A.E.",33878454,0.988937311,"Canis lupus familiaris","Dog","Domestic","Mindanao",2019
"OQ326764",0.031614137,"18-096",NA,"OQ326764","Canis lupus familiaris","brain",2018-01-01,"date_collected",NA,"Davao","Davao del Sur-Sulop","Davao del Sur","Davao del Sur","Region XI (Davao Region)","Region XI (Davao Region)",NA,NA,"vgtk; manual_correction","Bacus,M.G., Buenaventura,S.G.C., Mamites,A.M.C., Elizagaque,H.G., Labrador,C., Delfin,F.C., Eng,M.N.J., Lagare,A.P., Marquez,G.N., Murao,L.A.E.",33878454,0.988937311,"Canis lupus familiaris","Dog","Domestic","Mindanao",2018
"OQ326778",0.031621367,"18-223",NA,"OQ326778","Canis lupus familiaris","brain",2018-01-01,"date_collected",NA,"Davao","Davao del Sur-Sulop","Davao del Sur","Davao del Sur","Region XI (Davao Region)","Region XI (Davao Region)",NA,NA,"vgtk; manual_correction","Bacus,M.G., Buenaventura,S.G.C., Mamites,A.M.C., Elizagaque,H.G., Labrador,C., Delfin,F.C., Eng,M.N.J., Lagare,A.P., Marquez,G.N., Murao,L.A.E.",33878454,0.988937311,"Canis lupus familiaris","Dog","Domestic","Mindanao",2018
"OQ326774",0.032149616,"18-151",NA,"OQ326774","Canis lupus familiaris","brain",2018-01-01,"date_collected",NA,"Davao","Davao del Sur-Sulop","Davao del Sur","Davao del Sur","Region XI (Davao Region)","Region XI (Davao Region)",NA,NA,"vgtk; manual_correction","Bacus,M.G., Buenaventura,S.G.C., Mamites,A.M.C., Elizagaque,H.G., Labrador,C., Delfin,F.C., Eng,M.N.J., Lagare,A.P., Marquez,G.N., Murao,L.A.E.",33878454,0.988937311,"Canis lupus familiaris","Dog","Domestic","Mindanao",2018
"OR971632",0.032977439,"R11-2022-14",NA,"OR971632","Canis lupus familiaris","brain",2022-02-15,"date_collected","Camudmud","Igacos","Davao del Norte-Carmen","Davao del Norte","Davao del Norte","Region XI (Davao Region)","Region XI (Davao Region)",NA,NA,"vgtk; raddl_correction; manual_correction","Cruz,J.L., Gonzales,R.M.C., Azul,R.R., Pena,R.C.D.",NA,0.999329534,"Canis lupus familiaris","Dog","Domestic","Mindanao",2022.12328767123
"OR971675",0.033587795,"R13-2021-2155",NA,"OR971675","Canis lupus familiaris","brain",2021-10-20,"date_collected",NA,NA,NA,"Agusan del Sur","Agusan del Sur","Region XIII (Caraga)","Region XIII (Caraga)",NA,NA,"vgtk; manual_correction","Cruz,J.L., Gonzales,R.M.C., Azul,R.R., Pena,R.C.D.",NA,0.999413342,"Canis lupus familiaris","Dog","Domestic","Mindanao",2021.8
"OQ326768",0.029496652,"18-191",NA,"OQ326768","Canis lupus familiaris","brain",2018-01-01,"date_collected",NA,"Davao","Davao del Sur-Sulop","Davao del Sur","Davao del Sur","Region XI (Davao Region)","Region XI (Davao Region)",NA,NA,"vgtk; manual_correction","Bacus,M.G., Buenaventura,S.G.C., Mamites,A.M.C., Elizagaque,H.G., Labrador,C., Delfin,F.C., Eng,M.N.J., Lagare,A.P., Marquez,G.N., Murao,L.A.E.",33878454,0.988937311,"Canis lupus familiaris","Dog","Domestic","Mindanao",2018
"OQ326773",0.029760353,"18-153",NA,"OQ326773","Canis lupus familiaris","brain",2018-01-01,"date_collected",NA,"Davao","Davao del Sur-Sulop","Davao del Sur","Davao del Sur","Region XI (Davao Region)","Region XI (Davao Region)",NA,NA,"vgtk; manual_correction","Bacus,M.G., Buenaventura,S.G.C., Mamites,A.M.C., Elizagaque,H.G., Labrador,C., Delfin,F.C., Eng,M.N.J., Lagare,A.P., Marquez,G.N., Murao,L.A.E.",33878454,0.988937311,"Canis lupus familiaris","Dog","Domestic","Mindanao",2018
"OQ326746",0.029320693,"18-188",NA,"OQ326746","Canis lupus familiaris","brain",2018-01-01,"date_collected",NA,"Davao","Davao del Sur-Sulop","Davao del Sur","Davao del Sur","Region XI (Davao Region)","Region XI (Davao Region)",NA,NA,"vgtk; manual_correction","Bacus,M.G., Buenaventura,S.G.C., Mamites,A.M.C., Elizagaque,H.G., Labrador,C., Delfin,F.C., Eng,M.N.J., Lagare,A.P., Marquez,G.N., Murao,L.A.E.",33878454,0.988937311,"Canis lupus familiaris","Dog","Domestic","Mindanao",2018
"OQ326779",0.029408611,"18-196",NA,"OQ326779","Canis lupus familiaris","brain",2018-01-01,"date_collected",NA,"Davao","Davao del Sur-Sulop","Davao del Sur","Davao del Sur","Region XI (Davao Region)","Region XI (Davao Region)",NA,NA,"vgtk; manual_correction","Bacus,M.G., Buenaventura,S.G.C., Mamites,A.M.C., Elizagaque,H.G., Labrador,C., Delfin,F.C., Eng,M.N.J., Lagare,A.P., Marquez,G.N., Murao,L.A.E.",33878454,0.988937311,"Canis lupus familiaris","Dog","Domestic","Mindanao",2018
"OQ326762",0.029760599,"18-120",NA,"OQ326762","Canis lupus familiaris","brain",2018-01-01,"date_collected",NA,"Davao","Davao del Sur-Sulop","Davao del Sur","Davao del Sur","Region XI (Davao Region)","Region XI (Davao Region)",NA,NA,"vgtk; manual_correction","Bacus,M.G., Buenaventura,S.G.C., Mamites,A.M.C., Elizagaque,H.G., Labrador,C., Delfin,F.C., Eng,M.N.J., Lagare,A.P., Marquez,G.N., Murao,L.A.E.",33878454,0.988937311,"Canis lupus familiaris","Dog","Domestic","Mindanao",2018
"OQ326756",0.030024591,"18-114",NA,"OQ326756","Canis lupus familiaris","brain",2018-01-01,"date_collected",NA,"Davao","Davao del Sur-Sulop","Davao del Sur","Davao del Sur","Region XI (Davao Region)","Region XI (Davao Region)",NA,NA,"vgtk; manual_correction","Bacus,M.G., Buenaventura,S.G.C., Mamites,A.M.C., Elizagaque,H.G., Labrador,C., Delfin,F.C., Eng,M.N.J., Lagare,A.P., Marquez,G.N., Murao,L.A.E.",33878454,0.988937311,"Canis lupus familiaris","Dog","Domestic","Mindanao",2018
"OQ326749",0.02941879,"18-107",NA,"OQ326749","Canis lupus familiaris","brain",2018-01-01,"date_collected",NA,NA,NA,"Davao de Oro (Compostela Valley)","Compostela Valley","Region XI (Davao Region)","Region XI (Davao Region)",NA,NA,"vgtk; manual_correction","Bacus,M.G., Buenaventura,S.G.C., Mamites,A.M.C., Elizagaque,H.G., Labrador,C., Delfin,F.C., Eng,M.N.J., Lagare,A.P., Marquez,G.N., Murao,L.A.E.",33878454,0.988937311,"Canis lupus familiaris","Dog","Domestic","Mindanao",2018
"OR971639",0.030401096,"R11-2022-32",NA,"OR971639","Canis lupus familiaris","brain",2022-05-02,"date_collected","Poblacion","Compostela","Compostela Valley-Laak","Davao de Oro (Compostela Valley)","Compostela Valley","Region XI (Davao Region)","Region XI (Davao Region)",NA,NA,"vgtk; raddl_correction; manual_correction","Cruz,J.L., Gonzales,R.M.C., Azul,R.R., Pena,R.C.D.",NA,0.999413342,"Canis lupus familiaris","Dog","Domestic","Mindanao",2022.33150684932
"OQ326784",0.03109367,"18-142",NA,"OQ326784","Canis lupus familiaris","brain",2018-01-01,"date_collected",NA,"Nabunturan","Compostela Valley-Nabunturan","Davao de Oro (Compostela Valley)","Compostela Valley","Davao Region","Region XI (Davao Region)",NA,NA,"vgtk; manual_correction","Bacus,M.G., Buenaventura,S.G.C., Mamites,A.M.C., Elizagaque,H.G., Labrador,C., Delfin,F.C., Eng,M.N.J., Lagare,A.P., Marquez,G.N., Murao,L.A.E.",33878454,0.988937311,"Canis lupus familiaris","Dog","Domestic","Mindanao",2018
"OR971628",0.030567324,"R11-2021-61",NA,"OR971628","Canis lupus familiaris","brain",2021-10-14,"date_collected","Mankilam","Tagum city","Davao del Norte-Tagum City","Davao del Norte","Davao del Norte","Region XI (Davao Region)","Region XI (Davao Region)",NA,NA,"vgtk; raddl_correction; manual_correction","Cruz,J.L., Gonzales,R.M.C., Azul,R.R., Pena,R.C.D.",NA,0.999413342,"Canis lupus familiaris","Dog","Domestic","Mindanao",2021.78356164384
"R11-21-61",0.030549299,"R11-21-61",NA,NA,"Canis familiaris",NA,2021-08-11,"date_collected","","Midsayap","North Cotabato-Midsayap","North Cotabato","North Cotabato","Bangsamoro","Bangsamoro Autonomous Region In Muslim Mindanao (BARMM)",7.136249451,124.5166062,"phd",NA,NA,NA,"Canis lupus familiaris","Dog","Domestic","Mindanao",2021.60821917808
"OQ326744",0.029363364,"18-162",NA,"OQ326744","Canis lupus familiaris","brain",2018-01-01,"date_collected",NA,"Samal","Davao del Norte-Carmen","Davao del Norte","Davao del Norte","Region XI (Davao Region)","Region XI (Davao Region)",NA,NA,"vgtk; manual_correction","Bacus,M.G., Buenaventura,S.G.C., Mamites,A.M.C., Elizagaque,H.G., Labrador,C., Delfin,F.C., Eng,M.N.J., Lagare,A.P., Marquez,G.N., Murao,L.A.E.",33878454,0.988937311,"Canis lupus familiaris","Dog","Domestic","Mindanao",2018
"OQ326760",0.02905586,"18-133",NA,"OQ326760","Canis lupus familiaris","brain",2018-01-01,"date_collected",NA,"Tagum","Davao del Norte-Carmen","Davao del Norte","Davao del Norte","Region XI (Davao Region)","Region XI (Davao Region)",NA,NA,"vgtk; manual_correction","Bacus,M.G., Buenaventura,S.G.C., Mamites,A.M.C., Elizagaque,H.G., Labrador,C., Delfin,F.C., Eng,M.N.J., Lagare,A.P., Marquez,G.N., Murao,L.A.E.",33878454,0.988937311,"Canis lupus familiaris","Dog","Domestic","Mindanao",2018
"OQ326751",0.031137709,"18-106",NA,"OQ326751","Canis lupus familiaris","brain",2018-01-01,"date_collected",NA,"Davao","Davao del Sur-Sulop","Davao del Sur","Davao del Sur","Region XI (Davao Region)","Region XI (Davao Region)",NA,NA,"vgtk; manual_correction","Bacus,M.G., Buenaventura,S.G.C., Mamites,A.M.C., Elizagaque,H.G., Labrador,C., Delfin,F.C., Eng,M.N.J., Lagare,A.P., Marquez,G.N., Murao,L.A.E.",33878454,0.988937311,"Canis lupus familiaris","Dog","Domestic","Mindanao",2018
"OQ326750",0.028848151,"18-099",NA,"OQ326750","Canis lupus familiaris","brain",2018-01-01,"date_collected",NA,"Davao","Davao del Sur-Sulop","Davao del Sur","Davao del Sur","Region XI (Davao Region)","Region XI (Davao Region)",NA,NA,"vgtk; manual_correction","Bacus,M.G., Buenaventura,S.G.C., Mamites,A.M.C., Elizagaque,H.G., Labrador,C., Delfin,F.C., Eng,M.N.J., Lagare,A.P., Marquez,G.N., Murao,L.A.E.",33878454,0.988937311,"Canis lupus familiaris","Dog","Domestic","Mindanao",2018
"OQ326747",0.028848151,"18-163",NA,"OQ326747","Canis lupus familiaris","brain",2018-01-01,"date_collected",NA,"Davao","Davao del Sur-Sulop","Davao del Sur","Davao del Sur","Region XI (Davao Region)","Region XI (Davao Region)",NA,NA,"vgtk; manual_correction","Bacus,M.G., Buenaventura,S.G.C., Mamites,A.M.C., Elizagaque,H.G., Labrador,C., Delfin,F.C., Eng,M.N.J., Lagare,A.P., Marquez,G.N., Murao,L.A.E.",33878454,0.988937311,"Canis lupus familiaris","Dog","Domestic","Mindanao",2018
"OQ326755",0.028848151,"18-101",NA,"OQ326755","Canis lupus familiaris","brain",2018-01-01,"date_collected",NA,"Davao","Davao del Sur-Sulop","Davao del Sur","Davao del Sur","Region XI (Davao Region)","Region XI (Davao Region)",NA,NA,"vgtk; manual_correction","Bacus,M.G., Buenaventura,S.G.C., Mamites,A.M.C., Elizagaque,H.G., Labrador,C., Delfin,F.C., Eng,M.N.J., Lagare,A.P., Marquez,G.N., Murao,L.A.E.",33878454,0.988937311,"Canis lupus familiaris","Dog","Domestic","Mindanao",2018
"OQ326761",0.028935982,"18-094",NA,"OQ326761","Canis lupus familiaris","brain",2018-01-01,"date_collected",NA,"Davao","Davao del Sur-Sulop","Davao del Sur","Davao del Sur","Region XI (Davao Region)","Region XI (Davao Region)",NA,NA,"vgtk; manual_correction","Bacus,M.G., Buenaventura,S.G.C., Mamites,A.M.C., Elizagaque,H.G., Labrador,C., Delfin,F.C., Eng,M.N.J., Lagare,A.P., Marquez,G.N., Murao,L.A.E.",33878454,0.988937311,"Canis lupus familiaris","Dog","Domestic","Mindanao",2018
"OR971640",0.030158708,"R11-2022-33",NA,"OR971640","Canis lupus familiaris","brain",2022-05-05,"date_collected","Puan","Davao city","Davao del Sur-Malita","Davao del Sur","Davao del Sur","Region XI (Davao Region)","Region XI (Davao Region)",NA,NA,"vgtk; raddl_correction; manual_correction","Cruz,J.L., Gonzales,R.M.C., Azul,R.R., Pena,R.C.D.",NA,0.999580959,"Canis lupus familiaris","Dog","Domestic","Mindanao",2022.3397260274
"OR971631",0.030257913,"R11-2022-11",NA,"OR971631","Canis lupus familiaris","brain",2022-02-04,"date_collected","Tacunan","Davao city","Davao del Sur-Malita","Davao del Sur","Davao del Sur","Region XI (Davao Region)","Region XI (Davao Region)",NA,NA,"vgtk; raddl_correction; manual_correction","Cruz,J.L., Gonzales,R.M.C., Azul,R.R., Pena,R.C.D.",NA,0.999329534,"Canis lupus familiaris","Dog","Domestic","Mindanao",2022.09315068493
"R11-22-002",0.029725002,"R11-22-002",NA,NA,"Canis familiaris",NA,2022-01-05,"date_collected","Talomo","Davao City","Davao del Sur-Malita","Davao del Sur","Davao del Sur","Region XI (Davao Region)","Region XI (Davao Region)",7.254430625,125.4144871,"phd; manual_correction",NA,NA,NA,"Canis lupus familiaris","Dog","Domestic","Mindanao",2022.01095890411
"OQ326777",0.029199541,"18-183",NA,"OQ326777","Canis lupus familiaris","brain",2018-01-01,"date_collected",NA,"Davao","Davao del Sur-Sulop","Davao del Sur","Davao del Sur","Region XI (Davao Region)","Region XI (Davao Region)",NA,NA,"vgtk; manual_correction","Bacus,M.G., Buenaventura,S.G.C., Mamites,A.M.C., Elizagaque,H.G., Labrador,C., Delfin,F.C., Eng,M.N.J., Lagare,A.P., Marquez,G.N., Murao,L.A.E.",33878454,0.988937311,"Canis lupus familiaris","Dog","Domestic","Mindanao",2018
"OQ326783",0.029463297,"18-181",NA,"OQ326783","Canis lupus familiaris","brain",2018-01-01,"date_collected",NA,"Davao","Davao del Sur-Sulop","Davao del Sur","Davao del Sur","Region XI (Davao Region)","Region XI (Davao Region)",NA,NA,"vgtk; manual_correction","Bacus,M.G., Buenaventura,S.G.C., Mamites,A.M.C., Elizagaque,H.G., Labrador,C., Delfin,F.C., Eng,M.N.J., Lagare,A.P., Marquez,G.N., Murao,L.A.E.",33878454,0.988937311,"Canis lupus familiaris","Dog","Domestic","Mindanao",2018
"OQ326737",0.029111619,"18-172",NA,"OQ326737","Canis lupus familiaris","brain",2018-01-01,"date_collected",NA,"Davao","Davao del Sur-Sulop","Davao del Sur","Davao del Sur","Region XI (Davao Region)","Region XI (Davao Region)",NA,NA,"vgtk; manual_correction","Bacus,M.G., Buenaventura,S.G.C., Mamites,A.M.C., Elizagaque,H.G., Labrador,C., Delfin,F.C., Eng,M.N.J., Lagare,A.P., Marquez,G.N., Murao,L.A.E.",33878454,0.988937311,"Canis lupus familiaris","Dog","Domestic","Mindanao",2018
"OQ326765",0.028961568,"19-050",NA,"OQ326765","Canis lupus familiaris","brain",2019-01-01,"date_collected",NA,"Panabo","Davao del Norte-Carmen","Davao del Norte","Davao del Norte","Davao Region","Region XI (Davao Region)",NA,NA,"vgtk; manual_correction","Bacus,M.G., Buenaventura,S.G.C., Mamites,A.M.C., Elizagaque,H.G., Labrador,C., Delfin,F.C., Eng,M.N.J., Lagare,A.P., Marquez,G.N., Murao,L.A.E.",33878454,0.988937311,"Canis lupus familiaris","Dog","Domestic","Mindanao",2019
"OQ326745",0.029398608,"18-214",NA,"OQ326745","Canis lupus familiaris","brain",2018-01-01,"date_collected",NA,"Davao","Davao del Sur-Sulop","Davao del Sur","Davao del Sur","Region XI (Davao Region)","Region XI (Davao Region)",NA,NA,"vgtk; manual_correction","Bacus,M.G., Buenaventura,S.G.C., Mamites,A.M.C., Elizagaque,H.G., Labrador,C., Delfin,F.C., Eng,M.N.J., Lagare,A.P., Marquez,G.N., Murao,L.A.E.",33878454,0.988937311,"Canis lupus familiaris","Dog","Domestic","Mindanao",2018
"OQ326743",0.027806472,"18-174",NA,"OQ326743","Canis lupus familiaris","brain",2018-01-01,"date_collected",NA,"Davao","Davao del Sur-Sulop","Davao del Sur","Davao del Sur","Region XI (Davao Region)","Region XI (Davao Region)",NA,NA,"vgtk; manual_correction","Bacus,M.G., Buenaventura,S.G.C., Mamites,A.M.C., Elizagaque,H.G., Labrador,C., Delfin,F.C., Eng,M.N.J., Lagare,A.P., Marquez,G.N., Murao,L.A.E.",33878454,0.988937311,"Canis lupus familiaris","Dog","Domestic","Mindanao",2018
"OQ326781",0.027806476,"18-209",NA,"OQ326781","Canis lupus familiaris","brain",2018-01-01,"date_collected",NA,"Davao","Davao del Sur-Sulop","Davao del Sur","Davao del Sur","Region XI (Davao Region)","Region XI (Davao Region)",NA,NA,"vgtk; manual_correction","Bacus,M.G., Buenaventura,S.G.C., Mamites,A.M.C., Elizagaque,H.G., Labrador,C., Delfin,F.C., Eng,M.N.J., Lagare,A.P., Marquez,G.N., Murao,L.A.E.",33878454,0.988937311,"Canis lupus familiaris","Dog","Domestic","Mindanao",2018
"OQ326782",0.028070215,"18-221",NA,"OQ326782","Canis lupus familiaris","brain",2018-01-01,"date_collected",NA,"Davao","Davao del Sur-Sulop","Davao del Sur","Davao del Sur","Region XI (Davao Region)","Region XI (Davao Region)",NA,NA,"vgtk; manual_correction","Bacus,M.G., Buenaventura,S.G.C., Mamites,A.M.C., Elizagaque,H.G., Labrador,C., Delfin,F.C., Eng,M.N.J., Lagare,A.P., Marquez,G.N., Murao,L.A.E.",33878454,0.988937311,"Canis lupus familiaris","Dog","Domestic","Mindanao",2018
"OR971627",0.030086917,"R11-2021-58",NA,"OR971627","Felis catus","brain",2021-06-10,"date_collected","19-b","Davao city","Davao del Sur-Malita","Davao del Sur","Davao del Sur","Region XI (Davao Region)","Region XI (Davao Region)",NA,NA,"vgtk; raddl_correction; manual_correction","Cruz,J.L., Gonzales,R.M.C., Azul,R.R., Pena,R.C.D.",NA,0.999664767,"Felis catus","Cat","Domestic","Mindanao",2021.43835616438
"OR971636",0.029076482,"R11-2022-25",NA,"OR971636","Canis lupus familiaris","brain",2022-03-25,"date_collected","37-d","Davao city","Davao del Sur-Malita","Davao del Sur","Davao del Sur","Region XI (Davao Region)","Region XI (Davao Region)",NA,NA,"vgtk; raddl_correction; manual_correction","Cruz,J.L., Gonzales,R.M.C., Azul,R.R., Pena,R.C.D.",NA,0.999580959,"Canis lupus familiaris","Dog","Domestic","Mindanao",2022.22739726027
"OR971630",0.02881674,"R11-2022-07",NA,"OR971630","Canis lupus familiaris","brain",2022-01-18,"date_collected","Bago aplaya","Davao city","Davao del Sur-Malita","Davao del Sur","Davao del Sur","Region XI (Davao Region)","Region XI (Davao Region)",NA,NA,"vgtk; raddl_correction; manual_correction","Cruz,J.L., Gonzales,R.M.C., Azul,R.R., Pena,R.C.D.",NA,0.999329534,"Canis lupus familiaris","Dog","Domestic","Mindanao",2022.04657534247
"OQ326739",0.028244466,"19-015",NA,"OQ326739","Canis lupus familiaris","brain",2019-01-01,"date_collected",NA,"Davao","Davao del Sur-Sulop","Davao del Sur","Davao del Sur","Region XI (Davao Region)","Region XI (Davao Region)",NA,NA,"vgtk; manual_correction","Bacus,M.G., Buenaventura,S.G.C., Mamites,A.M.C., Elizagaque,H.G., Labrador,C., Delfin,F.C., Eng,M.N.J., Lagare,A.P., Marquez,G.N., Murao,L.A.E.",33878454,0.988937311,"Canis lupus familiaris","Dog","Domestic","Mindanao",2019
"OQ326741",0.030361197,"19-011",NA,"OQ326741","Canis lupus familiaris","brain",2019-01-01,"date_collected",NA,"Davao","Davao del Sur-Sulop","Davao del Sur","Davao del Sur","Region XI (Davao Region)","Region XI (Davao Region)",NA,NA,"vgtk; manual_correction","Bacus,M.G., Buenaventura,S.G.C., Mamites,A.M.C., Elizagaque,H.G., Labrador,C., Delfin,F.C., Eng,M.N.J., Lagare,A.P., Marquez,G.N., Murao,L.A.E.",33878454,0.988937311,"Canis lupus familiaris","Dog","Domestic","Mindanao",2019
"OR971610",0.03022973,"R10-2019-907",NA,"OR971610","Canis lupus familiaris","brain",2019-12-04,"date_collected","Kauswagan","Cagayan de oro city","Misamis Oriental-Cagayan de Oro City","Misamis Oriental","Misamis Oriental","Region X (Northern Mindanao)","Region X (Northern Mindanao)",NA,NA,"vgtk; raddl_correction","Cruz,J.L., Gonzales,R.M.C., Azul,R.R., Pena,R.C.D.",NA,0.999413342,"Canis lupus familiaris","Dog","Domestic","Mindanao",2019.92328767123
"OR971608",0.029439301,"R10-2019-887",NA,"OR971608","Canis lupus familiaris","brain",2019-11-25,"date_collected","Carmen","Cagayan de oro city","Misamis Oriental-Cagayan de Oro City","Misamis Oriental","Misamis Oriental","Region X (Northern Mindanao)","Region X (Northern Mindanao)",NA,NA,"vgtk; raddl_correction","Cruz,J.L., Gonzales,R.M.C., Azul,R.R., Pena,R.C.D.",NA,0.999329534,"Canis lupus familiaris","Dog","Domestic","Mindanao",2019.89863013699
"OR971607",0.030032635,"R10-2019-823",NA,"OR971607","Canis lupus familiaris","brain",2019-11-11,"date_collected","Lumbia","Cagayan de oro city","Misamis Oriental-Cagayan de Oro City","Misamis Oriental","Misamis Oriental","Region X (Northern Mindanao)","Region X (Northern Mindanao)",NA,NA,"vgtk; raddl_correction","Cruz,J.L., Gonzales,R.M.C., Azul,R.R., Pena,R.C.D.",NA,0.999329534,"Canis lupus familiaris","Dog","Domestic","Mindanao",2019.8602739726
"OR971613",0.030117125,"R10-2019-950",NA,"OR971613","Canis lupus familiaris","brain",2019-12-16,"date_collected","Molugan","El salvador","Misamis Oriental-Opol","Misamis Oriental","Misamis Oriental","Region X (Northern Mindanao)","Region X (Northern Mindanao)",NA,NA,"vgtk; raddl_correction","Cruz,J.L., Gonzales,R.M.C., Azul,R.R., Pena,R.C.D.",NA,0.999329534,"Canis lupus familiaris","Dog","Domestic","Mindanao",2019.95616438356
"OR971600",0.029941604,"R10-2019-669",NA,"OR971600","Canis lupus familiaris","brain",2019-09-12,"date_collected","Sinaloc","El salvador","Misamis Oriental-Opol","Misamis Oriental","Misamis Oriental","Region X (Northern Mindanao)","Region X (Northern Mindanao)",NA,NA,"vgtk; raddl_correction","Cruz,J.L., Gonzales,R.M.C., Azul,R.R., Pena,R.C.D.",NA,0.999329534,"Canis lupus familiaris","Dog","Domestic","Mindanao",2019.69589041096
"OR971622",0.029593846,"R10-2021-007",NA,"OR971622","Canis lupus familiaris","brain",2021-06-07,"date_collected","Punong","Gingoog city","Misamis Oriental-Gingoog City","Misamis Oriental","Misamis Oriental","Region X (Northern Mindanao)","Region X (Northern Mindanao)",NA,NA,"vgtk; raddl_correction","Cruz,J.L., Gonzales,R.M.C., Azul,R.R., Pena,R.C.D.",NA,0.999497151,"Canis lupus familiaris","Dog","Domestic","Mindanao",2021.4301369863
"OR971602",0.029593861,"R10-2019-753",NA,"OR971602","Canis lupus familiaris","brain",2019-10-14,"date_collected","Canito-an","Cagayan de oro city","Misamis Oriental-Cagayan de Oro City","Misamis Oriental","Misamis Oriental","Region X (Northern Mindanao)","Region X (Northern Mindanao)",NA,NA,"vgtk; raddl_correction","Cruz,J.L., Gonzales,R.M.C., Azul,R.R., Pena,R.C.D.",NA,0.999497151,"Canis lupus familiaris","Dog","Domestic","Mindanao",2019.78356164384
"OR971599",0.02932518,"R9-2021-105",NA,"OR971599","Canis lupus familiaris","brain",2021-09-12,"date_collected","Lopoc (pob.)","Labason","Zamboanga del Norte-Labason","Zamboanga del Norte","Zamboanga del Norte","Region IX (Zamboanga Peninsula)","Region IX (Zamboanga Peninsula)",NA,NA,"vgtk; raddl_correction; manual_correction","Cruz,J.L., Gonzales,R.M.C., Azul,R.R., Pena,R.C.D.",NA,0.999413342,"Canis lupus familiaris","Dog","Domestic","Mindanao",2021.69589041096
"R9-105",0.029852724,"R9-105",NA,NA,"Canis familiaris",NA,2021-12-09,"date_collected","Lopoc","Labason","Zamboanga del Norte-Labason","Zamboanga del Norte","Zamboanga del Norte","Region IX (Zamboanga Peninsula)","Region IX (Zamboanga Peninsula)",8.030135135,122.5303567,"phd; manual_correction",NA,NA,NA,"Canis lupus familiaris","Dog","Domestic","Mindanao",2021.93698630137
"R9-089",0.026321973,"R9-089",NA,NA,"Canis familiaris",NA,2021-10-07,"date_collected","Pangi","Ipil","Zamboanga Sibugay-Ipil","Zamboanga Sibugay","Zamboanga Sibugay","Region IX (Zamboanga Peninsula)","Region IX (Zamboanga Peninsula)",7.780235248,122.5765115,"phd; manual_correction",NA,NA,NA,"Canis lupus familiaris","Dog","Domestic","Mindanao",2021.76438356164
"OR971588",0.028947395,"R8-2021-020",NA,"OR971588","Canis lupus familiaris","brain",2021-04-07,"date_collected",NA,NA,NA,"Southern Leyte","Southern Leyte","Region VIII (Eastern Visayas)","Region VIII (Eastern Visayas)",NA,NA,"vgtk","Cruz,J.L., Gonzales,R.M.C., Azul,R.R., Pena,R.C.D.",NA,0.999329534,"Canis lupus familiaris","Dog","Domestic","Visayas",2021.26301369863
"OR971587",0.028590855,"R8-2021-019",NA,"OR971587","Canis lupus familiaris","brain",2021-03-30,"date_collected",NA,NA,NA,"Leyte","Leyte","Region VIII (Eastern Visayas)","Region VIII (Eastern Visayas)",NA,NA,"vgtk","Cruz,J.L., Gonzales,R.M.C., Azul,R.R., Pena,R.C.D.",NA,0.999329534,"Canis lupus familiaris","Dog","Domestic","Visayas",2021.24109589041
"OR971674",0.029662199,"R13-2021-2146",NA,"OR971674","Canis lupus familiaris","brain",2021-10-18,"date_collected",NA,NA,NA,"Agusan del Sur","Agusan del Sur","Region XIII (Caraga)","Region XIII (Caraga)",NA,NA,"vgtk; manual_correction","Cruz,J.L., Gonzales,R.M.C., Azul,R.R., Pena,R.C.D.",NA,0.999413342,"Canis lupus familiaris","Dog","Domestic","Mindanao",2021.79452054795
"OR971672",0.029305786,"R13-2021-2131",NA,"OR971672","Canis lupus familiaris","brain",2021-09-15,"date_collected",NA,NA,NA,"Agusan del Sur","Agusan del Sur","Region XIII (Caraga)","Region XIII (Caraga)",NA,NA,"vgtk; manual_correction","Cruz,J.L., Gonzales,R.M.C., Azul,R.R., Pena,R.C.D.",NA,0.999580959,"Canis lupus familiaris","Dog","Domestic","Mindanao",2021.70410958904
"OR971671",0.030318045,"R13-2021-2121",NA,"OR971671","Canis lupus familiaris","brain",2021-08-25,"date_collected",NA,"Butuan","Agusan del Norte-Tubay","Agusan del Norte","Agusan del Norte","Region XIII (Caraga)","Region XIII (Caraga)",NA,NA,"vgtk; manual_correction","Cruz,J.L., Gonzales,R.M.C., Azul,R.R., Pena,R.C.D.",NA,0.999413342,"Canis lupus familiaris","Dog","Domestic","Mindanao",2021.64657534247
"OR971667",0.03022201,"R13-2021-617",NA,"OR971667","Canis lupus familiaris","brain",2021-10-03,"date_collected",NA,"Butuan","Agusan del Norte-Tubay","Agusan del Norte","Agusan del Norte","Region XIII (Caraga)","Region XIII (Caraga)",NA,NA,"vgtk; manual_correction","Cruz,J.L., Gonzales,R.M.C., Azul,R.R., Pena,R.C.D.",NA,0.999329534,"Canis lupus familiaris","Dog","Domestic","Mindanao",2021.75342465753
"OR971673",0.029620751,"R13-2021-2136",NA,"OR971673","Canis lupus familiaris","brain",2021-06-10,"date_collected",NA,"Butuan","Agusan del Norte-Tubay","Agusan del Norte","Agusan del Norte","Region XIII (Caraga)","Region XIII (Caraga)",NA,NA,"vgtk; manual_correction","Cruz,J.L., Gonzales,R.M.C., Azul,R.R., Pena,R.C.D.",NA,0.999413342,"Canis lupus familiaris","Dog","Domestic","Mindanao",2021.43835616438
"OR971670",0.030400533,"R13-2021-1748",NA,"OR971670","Canis lupus familiaris","brain",2021-05-07,"date_collected",NA,"Butuan","Agusan del Norte-Tubay","Agusan del Norte","Agusan del Norte","Region XIII (Caraga)","Region XIII (Caraga)",NA,NA,"vgtk; manual_correction","Cruz,J.L., Gonzales,R.M.C., Azul,R.R., Pena,R.C.D.",NA,0.999497151,"Canis lupus familiaris","Dog","Domestic","Mindanao",2021.34520547945
"OR971656",0.030055413,"R12-2021-176",NA,"OR971656","Canis lupus familiaris","brain",2021-02-02,"date_collected","Sibisib","Tulunan","North Cotabato-Tulunan","Cotabato (North Cotabato)","North Cotabato","Region XII (Soccsksargen)","Region XII (Soccsksargen)",NA,NA,"vgtk; raddl_correction; manual_correction","Cruz,J.L., Gonzales,R.M.C., Azul,R.R., Pena,R.C.D.",NA,0.999413342,"Canis lupus familiaris","Dog","Domestic","Mindanao",2021.08767123288
"OR971669",0.029286411,"R13-2021-1745",NA,"OR971669","Canis lupus familiaris","brain",2021-06-30,"date_collected",NA,"Butuan","Agusan del Norte-Tubay","Agusan del Norte","Agusan del Norte","Region XIII (Caraga)","Region XIII (Caraga)",NA,NA,"vgtk; manual_correction","Cruz,J.L., Gonzales,R.M.C., Azul,R.R., Pena,R.C.D.",NA,0.999497151,"Canis lupus familiaris","Dog","Domestic","Mindanao",2021.49315068493
"OR971668",0.029286411,"R13-2021-1498",NA,"OR971668","Canis lupus familiaris","brain",2021-05-30,"date_collected",NA,"Butuan","Agusan del Norte-Tubay","Agusan del Norte","Agusan del Norte","Region XIII (Caraga)","Region XIII (Caraga)",NA,NA,"vgtk; manual_correction","Cruz,J.L., Gonzales,R.M.C., Azul,R.R., Pena,R.C.D.",NA,0.999497151,"Canis lupus familiaris","Dog","Domestic","Mindanao",2021.40821917808
"OR971624",0.029286456,"R10-2021-009",NA,"OR971624","Canis lupus familiaris","brain",2021-05-18,"date_collected","Lapasan","Cagayan de oro city","Misamis Oriental-Cagayan de Oro City","Misamis Oriental","Misamis Oriental","Region X (Northern Mindanao)","Region X (Northern Mindanao)",NA,NA,"vgtk; raddl_correction","Cruz,J.L., Gonzales,R.M.C., Azul,R.R., Pena,R.C.D.",NA,0.999329534,"Canis lupus familiaris","Dog","Domestic","Mindanao",2021.37534246575
"R10-989",0.032153893,"R10-989",NA,NA,"Canis familiaris",NA,2021-11-25,"date_collected","Barangay 1","Gingoog  City","Misamis Oriental-Opol","Misamis Oriental","Misamis Oriental","Northern Mindanao","Region X (Northern Mindanao)",8.776382452,125.0898786,"phd",NA,NA,NA,"Canis lupus familiaris","Dog","Domestic","Mindanao",2021.89863013699
"OR971620",0.029633271,"R10-2021-005",NA,"OR971620","Canis lupus familiaris","brain",2021-07-02,"date_collected","Patpat","Malaybalay city","Misamis Oriental-Initao","Misamis Oriental","Misamis Oriental","Region X (Northern Mindanao)","Region X (Northern Mindanao)",NA,NA,"vgtk; raddl_correction","Cruz,J.L., Gonzales,R.M.C., Azul,R.R., Pena,R.C.D.",NA,0.999329534,"Canis lupus familiaris","Dog","Domestic","Mindanao",2021.49863013699
"OR971623",0.029633272,"R10-2021-008",NA,"OR971623","Canis lupus familiaris","brain",2021-05-21,"date_collected","Anakan","Gingoog city","Misamis Oriental-Gingoog City","Misamis Oriental","Misamis Oriental","Region X (Northern Mindanao)","Region X (Northern Mindanao)",NA,NA,"vgtk; raddl_correction","Cruz,J.L., Gonzales,R.M.C., Azul,R.R., Pena,R.C.D.",NA,0.999329534,"Canis lupus familiaris","Dog","Domestic","Mindanao",2021.38356164384
"OR971635",0.031966689,"R11-2022-19",NA,"OR971635","Canis lupus familiaris","brain",2022-03-11,"date_collected","10-a","Davao city","Davao del Sur-Malita","Davao del Sur","Davao del Sur","Region XI (Davao Region)","Region XI (Davao Region)",NA,NA,"vgtk; raddl_correction; manual_correction","Cruz,J.L., Gonzales,R.M.C., Azul,R.R., Pena,R.C.D.",NA,0.999497151,"Canis lupus familiaris","Dog","Domestic","Mindanao",2022.18904109589
"OR971634",0.031966689,"R11-2022-16",NA,"OR971634","Canis lupus familiaris","brain",2022-02-15,"date_collected","Poblacion","Magsaysay","Davao del Sur-Magsaysay","Davao del Sur","Davao del Sur","Region XI (Davao Region)","Region XI (Davao Region)",NA,NA,"vgtk; raddl_correction; manual_correction","Cruz,J.L., Gonzales,R.M.C., Azul,R.R., Pena,R.C.D.",NA,0.999497151,"Canis lupus familiaris","Dog","Domestic","Mindanao",2022.12328767123
"OQ326738",0.030549915,"18-164",NA,"OQ326738","Canis lupus familiaris","brain",2018-01-01,"date_collected",NA,"Digos","Davao del Sur-Sulop","Davao del Sur","Davao del Sur","Region XI (Davao Region)","Region XI (Davao Region)",NA,NA,"vgtk; manual_correction","Bacus,M.G., Buenaventura,S.G.C., Mamites,A.M.C., Elizagaque,H.G., Labrador,C., Delfin,F.C., Eng,M.N.J., Lagare,A.P., Marquez,G.N., Murao,L.A.E.",33878454,0.988937311,"Canis lupus familiaris","Dog","Domestic","Mindanao",2018
"OQ326758",0.030870906,"18-118",NA,"OQ326758","Canis lupus familiaris","brain",2018-01-01,"date_collected","Cogon","Digos","Davao del Sur-Sulop","Davao del Sur","Davao del Sur","Region XI (Davao Region)","Region XI (Davao Region)",NA,NA,"vgtk; manual_correction","Bacus,M.G., Buenaventura,S.G.C., Mamites,A.M.C., Elizagaque,H.G., Labrador,C., Delfin,F.C., Eng,M.N.J., Lagare,A.P., Marquez,G.N., Murao,L.A.E.",33878454,0.988937311,"Canis lupus familiaris","Dog","Domestic","Mindanao",2018
"R10-688",0.031999944,"R10-688",NA,NA,"Canis familiaris",NA,2021-07-02,"date_collected","","Malaybalay City","Bukidnon-Malaybalay City","Bukidnon","Bukidnon","Northern Mindanao","Region X (Northern Mindanao)",8.160681669,125.1787735,"phd",NA,NA,NA,"Canis lupus familiaris","Dog","Domestic","Mindanao",2021.49863013699
"OR971619",0.031242902,"R10-2021-004",NA,"OR971619","Canis lupus familiaris","brain",2021-08-20,"date_collected","Dalwangan","Malaybalay city","Bukidnon-Malaybalay City","Bukidnon","Bukidnon","Region X (Northern Mindanao)","Region X (Northern Mindanao)",NA,NA,"vgtk; raddl_correction","Cruz,J.L., Gonzales,R.M.C., Azul,R.R., Pena,R.C.D.",NA,0.999497151,"Canis lupus familiaris","Dog","Domestic","Mindanao",2021.63287671233
"OR971618",0.031581737,"R10-2021-003",NA,"OR971618","Canis lupus familiaris","brain",2021-08-23,"date_collected","Bugo","Cagayan de oro city","Misamis Oriental-Cagayan de Oro City","Misamis Oriental","Misamis Oriental","Region X (Northern Mindanao)","Region X (Northern Mindanao)",NA,NA,"vgtk; raddl_correction","Cruz,J.L., Gonzales,R.M.C., Azul,R.R., Pena,R.C.D.",NA,0.999497151,"Canis lupus familiaris","Dog","Domestic","Mindanao",2021.64109589041
"OR971652",0.030868224,"R12-2021-047",NA,"OR971652","Canis lupus familiaris","brain",2021-01-11,"date_collected","Dansuli","Isulan","Sultan Kudarat-Isulan","Sultan Kudarat","Sultan Kudarat","Region XII (Soccsksargen)","Region XII (Soccsksargen)",NA,NA,"vgtk; raddl_correction","Cruz,J.L., Gonzales,R.M.C., Azul,R.R., Pena,R.C.D.",NA,0.999580959,"Canis lupus familiaris","Dog","Domestic","Mindanao",2021.02739726027
"OR971646",0.030008276,"R12-2019-0637",NA,"OR971646","Canis lupus familiaris","brain",2019-08-02,"date_collected","-","Isulan","Sultan Kudarat-Isulan","Sultan Kudarat","Sultan Kudarat","Region XII (Soccsksargen)","Region XII (Soccsksargen)",NA,NA,"vgtk; raddl_correction","Cruz,J.L., Gonzales,R.M.C., Azul,R.R., Pena,R.C.D.",NA,0.999413342,"Canis lupus familiaris","Dog","Domestic","Mindanao",2019.58356164384
"OR971643",0.030123808,"R12-2019-0521",NA,"OR971643","Canis lupus familiaris","brain",2019-06-19,"date_collected","Maibo","Tantangan","South Cotabato-Banga","South Cotabato","South Cotabato","Region XII (Soccsksargen)","Region XII (Soccsksargen)",NA,NA,"vgtk; raddl_correction","Cruz,J.L., Gonzales,R.M.C., Azul,R.R., Pena,R.C.D.",NA,0.999413342,"Canis lupus familiaris","Dog","Domestic","Mindanao",2019.46301369863
"OR971655",0.03042779,"R12-2021-175",NA,"OR971655","Canis lupus familiaris","brain",2021-02-02,"date_collected","San mateo","Aleosan","North Cotabato-Aleosan","Cotabato (North Cotabato)","North Cotabato","Region XII (Soccsksargen)","Region XII (Soccsksargen)",NA,NA,"vgtk; raddl_correction; manual_correction","Cruz,J.L., Gonzales,R.M.C., Azul,R.R., Pena,R.C.D.",NA,0.999497151,"Canis lupus familiaris","Dog","Domestic","Mindanao",2021.08767123288
"OR971641",0.030429508,"R12-2019-0014",NA,"OR971641","Sus scrofa","brain",2019-01-09,"date_collected","New isabela","City of tacurong","Sultan Kudarat-Isulan","Sultan Kudarat","Sultan Kudarat","Region XII (Soccsksargen)","Region XII (Soccsksargen)",NA,NA,"vgtk; raddl_correction","Cruz,J.L., Gonzales,R.M.C., Azul,R.R., Pena,R.C.D.",NA,0.999413342,"Sus scrofa domesticus","Pig","Livestock","Mindanao",2019.02191780822
"OR971648",0.02990797,"R12-2019-0699",NA,"OR971648","Canis lupus familiaris","brain",2019-09-05,"date_collected","Dajay","Surallah","South Cotabato-Surallah","South Cotabato","South Cotabato","Region XII (Soccsksargen)","Region XII (Soccsksargen)",NA,NA,"vgtk; raddl_correction","Cruz,J.L., Gonzales,R.M.C., Azul,R.R., Pena,R.C.D.",NA,0.999413342,"Canis lupus familiaris","Dog","Domestic","Mindanao",2019.67671232877
"OR971594",0.030953672,"R9-2021-074",NA,"OR971594","Canis lupus familiaris","brain",2021-08-20,"date_collected","Calarian","Zamboanga city","Zamboanga del Sur-Bayog","Zamboanga del Sur","Zamboanga del Sur","Region IX (Zamboanga Peninsula)","Region IX (Zamboanga Peninsula)",NA,NA,"vgtk; raddl_correction; manual_correction","Cruz,J.L., Gonzales,R.M.C., Azul,R.R., Pena,R.C.D.",NA,0.999497151,"Canis lupus familiaris","Dog","Domestic","Mindanao",2021.63287671233
"R9-074",0.031586917,"R9-074",NA,NA,"Canis familiaris",NA,2021-08-20,"date_collected","Cogon","Vincenzo A. Sagun","Zamboanga del Sur-Bayog","Zamboanga del Sur","Zamboanga del Sur","Region IX (Zamboanga Peninsula)","Region IX (Zamboanga Peninsula)",7.519657705,123.1738437,"phd; manual_correction",NA,NA,NA,"Canis lupus familiaris","Dog","Domestic","Mindanao",2021.63287671233
"OR971597",0.030774274,"R9-2021-089",NA,"OR971597","Canis lupus familiaris","brain",2021-07-10,"date_collected","Pangi","Ipil","Zamboanga Sibugay-Ipil","Zamboanga Sibugay","Zamboanga Sibugay","Region IX (Zamboanga Peninsula)","Region IX (Zamboanga Peninsula)",NA,NA,"vgtk; raddl_correction; manual_correction","Cruz,J.L., Gonzales,R.M.C., Azul,R.R., Pena,R.C.D.",NA,0.999580959,"Canis lupus familiaris","Dog","Domestic","Mindanao",2021.52054794521
"OR971598",0.031468733,"R9-2021-090",NA,"OR971598","Canis lupus familiaris","brain",2021-12-10,"date_collected","Mahayahay","Dumingag","Zamboanga del Sur-Bayog","Zamboanga del Sur","Zamboanga del Sur","Region IX (Zamboanga Peninsula)","Region IX (Zamboanga Peninsula)",NA,NA,"vgtk; raddl_correction; manual_correction","Cruz,J.L., Gonzales,R.M.C., Azul,R.R., Pena,R.C.D.",NA,0.999664767,"Canis lupus familiaris","Dog","Domestic","Mindanao",2021.9397260274
"OR971612",0.031207601,"R10-2019-909",NA,"OR971612","Canis lupus familiaris","brain",2019-12-04,"date_collected","-","Iligan","Lanao del Norte-Lala","Lanao del Norte","Lanao del Norte","Region X (Northern Mindanao)","Region X (Northern Mindanao)",NA,NA,"vgtk; raddl_correction; manual_correction","Cruz,J.L., Gonzales,R.M.C., Azul,R.R., Pena,R.C.D.",NA,0.999413342,"Canis lupus familiaris","Dog","Domestic","Mindanao",2019.92328767123
"OR971611",0.031207465,"R10-2019-908",NA,"OR971611","Canis lupus familiaris","brain",2019-12-04,"date_collected","Bagong dawis","Iligan","Lanao del Norte-Lala","Lanao del Norte","Lanao del Norte","Region X (Northern Mindanao)","Region X (Northern Mindanao)",NA,NA,"vgtk; raddl_correction; manual_correction","Cruz,J.L., Gonzales,R.M.C., Azul,R.R., Pena,R.C.D.",NA,0.999580959,"Canis lupus familiaris","Dog","Domestic","Mindanao",2019.92328767123
"OR971595",0.031397849,"R9-2021-075",NA,"OR971595","Canis lupus familiaris","brain",2021-08-23,"date_collected","Cogon","Vicenzo sagun","Zamboanga del Sur-Bayog","Zamboanga del Sur","Zamboanga del Sur","Region IX (Zamboanga Peninsula)","Region IX (Zamboanga Peninsula)",NA,NA,"vgtk; raddl_correction; manual_correction","Cruz,J.L., Gonzales,R.M.C., Azul,R.R., Pena,R.C.D.",NA,0.999580959,"Canis lupus familiaris","Dog","Domestic","Mindanao",2021.64109589041
"R9-010",0.030811287,"R9-010",NA,NA,"Felis catus",NA,2020-01-27,"date_collected","San Roque","Zamboanga City","Zamboanga del Sur-Bayog","Zamboanga del Sur","Zamboanga del Sur","Region IX (Zamboanga Peninsula)","Region IX (Zamboanga Peninsula)",7.154200895,122.139348,"phd; manual_correction",NA,NA,NA,"Felis catus","Cat","Domestic","Mindanao",2020.07103825137
"OR971596",0.031135199,"R9-2021-078",NA,"OR971596","Canis lupus familiaris","brain",2021-08-27,"date_collected","Canelar","Zamboanga city","Zamboanga del Sur-Bayog","Zamboanga del Sur","Zamboanga del Sur","Region IX (Zamboanga Peninsula)","Region IX (Zamboanga Peninsula)",NA,NA,"vgtk; raddl_correction; manual_correction","Cruz,J.L., Gonzales,R.M.C., Azul,R.R., Pena,R.C.D.",NA,0.999580959,"Canis lupus familiaris","Dog","Domestic","Mindanao",2021.65205479452
"OR971593",0.030874664,"R9-2021-041",NA,"OR971593","Canis lupus familiaris","brain",2021-01-05,"date_collected","Mercedes","Zamboanga city","Zamboanga del Sur-Bayog","Zamboanga del Sur","Zamboanga del Sur","Region IX (Zamboanga Peninsula)","Region IX (Zamboanga Peninsula)",NA,NA,"vgtk; raddl_correction; manual_correction","Cruz,J.L., Gonzales,R.M.C., Azul,R.R., Pena,R.C.D.",NA,0.999664767,"Canis lupus familiaris","Dog","Domestic","Mindanao",2021.01095890411
"OR971660",0.031646181,"R12-2021-280",NA,"OR971660","Canis lupus familiaris","brain",2021-02-23,"date_collected","New passi","City of tacurong","Sultan Kudarat-Isulan","Sultan Kudarat","Sultan Kudarat","Region XII (Soccsksargen)","Region XII (Soccsksargen)",NA,NA,"vgtk; raddl_correction","Cruz,J.L., Gonzales,R.M.C., Azul,R.R., Pena,R.C.D.",NA,0.999580959,"Canis lupus familiaris","Dog","Domestic","Mindanao",2021.14520547945
"OR971666",0.032428877,"R12-2021-1087",NA,"OR971666","Canis lupus familiaris","brain",2021-08-09,"date_collected","San jose(barrio 7)","Banga","South Cotabato-Banga","South Cotabato","South Cotabato","Region XII (Soccsksargen)","Region XII (Soccsksargen)",NA,NA,"vgtk; raddl_correction","Cruz,J.L., Gonzales,R.M.C., Azul,R.R., Pena,R.C.D.",NA,0.999497151,"Canis lupus familiaris","Dog","Domestic","Mindanao",2021.60273972603
"OR971650",0.031472846,"R12-2021-020",NA,"OR971650","Canis lupus familiaris","brain",2021-01-05,"date_collected","Kalawag iii(poblacion)","Isulan","Sultan Kudarat-Isulan","Sultan Kudarat","Sultan Kudarat","Region XII (Soccsksargen)","Region XII (Soccsksargen)",NA,NA,"vgtk; raddl_correction","Cruz,J.L., Gonzales,R.M.C., Azul,R.R., Pena,R.C.D.",NA,0.999413342,"Canis lupus familiaris","Dog","Domestic","Mindanao",2021.01095890411
"OR971665",0.03164591,"R12-2021-1086",NA,"OR971665","Canis lupus familiaris","brain",2021-08-09,"date_collected","Santo nino(bo.2)","City of koronadal","South Cotabato-Norala","South Cotabato","South Cotabato","Region XII (Soccsksargen)","Region XII (Soccsksargen)",NA,NA,"vgtk; raddl_correction","Cruz,J.L., Gonzales,R.M.C., Azul,R.R., Pena,R.C.D.",NA,0.999497151,"Canis lupus familiaris","Dog","Domestic","Mindanao",2021.60273972603
"OR971657",0.031472052,"R12-2021-232",NA,"OR971657","Canis lupus familiaris","brain",2021-02-16,"date_collected","Zone ii(poblacion)","City of koronadal","South Cotabato-Norala","South Cotabato","South Cotabato","Region XII (Soccsksargen)","Region XII (Soccsksargen)",NA,NA,"vgtk; raddl_correction","Cruz,J.L., Gonzales,R.M.C., Azul,R.R., Pena,R.C.D.",NA,0.999580959,"Canis lupus familiaris","Dog","Domestic","Mindanao",2021.12602739726
"OR971664",0.031908072,"R12-2021-954",NA,"OR971664","Canis lupus familiaris","brain",2021-07-01,"date_collected","Centrala","Surallah","South Cotabato-Surallah","South Cotabato","South Cotabato","Region XII (Soccsksargen)","Region XII (Soccsksargen)",NA,NA,"vgtk; raddl_correction","Cruz,J.L., Gonzales,R.M.C., Azul,R.R., Pena,R.C.D.",NA,0.999580959,"Canis lupus familiaris","Dog","Domestic","Mindanao",2021.49589041096
"OR971647",0.030950364,"R12-2019-0684",NA,"OR971647","Felis catus","brain",2019-08-27,"date_collected","Fatima","General santos city(dadiangas)","South Cotabato-Banga","South Cotabato","South Cotabato","Region XII (Soccsksargen)","Region XII (Soccsksargen)",NA,NA,"vgtk; raddl_correction","Cruz,J.L., Gonzales,R.M.C., Azul,R.R., Pena,R.C.D.",NA,0.999580959,"Felis catus","Cat","Domestic","Mindanao",2019.65205479452
"OR971642",0.03034168,"R12-2019-0472",NA,"OR971642","Canis lupus familiaris","brain",2019-06-07,"date_collected","Poblacion(alabel)","Alabel","Sarangani-Alabel","Sarangani","Sarangani","Region XII (Soccsksargen)","Region XII (Soccsksargen)",NA,NA,"vgtk; raddl_correction","Cruz,J.L., Gonzales,R.M.C., Azul,R.R., Pena,R.C.D.",NA,0.999413342,"Canis lupus familiaris","Dog","Domestic","Mindanao",2019.4301369863
"OR971651",0.030687169,"R12-2021-033",NA,"OR971651","Canis lupus familiaris","brain",2021-01-11,"date_collected","Apopong","General santos city(dadiangas)","South Cotabato-Banga","South Cotabato","South Cotabato","Region XII (Soccsksargen)","Region XII (Soccsksargen)",NA,NA,"vgtk; raddl_correction","Cruz,J.L., Gonzales,R.M.C., Azul,R.R., Pena,R.C.D.",NA,0.999664767,"Canis lupus familiaris","Dog","Domestic","Mindanao",2021.02739726027
"OR971645",0.030427265,"R12-2019-0611",NA,"OR971645","Canis lupus familiaris","brain",2019-07-23,"date_collected","Kawas","Alabel","Sarangani-Alabel","Sarangani","Sarangani","Region XII (Soccsksargen)","Region XII (Soccsksargen)",NA,NA,"vgtk; raddl_correction","Cruz,J.L., Gonzales,R.M.C., Azul,R.R., Pena,R.C.D.",NA,0.999580959,"Canis lupus familiaris","Dog","Domestic","Mindanao",2019.55616438356
"OR971658",0.031036736,"R12-2021-237",NA,"OR971658","Canis lupus familiaris","brain",2021-02-16,"date_collected","Kalawag iii(poblacion)","Isulan","South Cotabato-Banga","South Cotabato","South Cotabato","Region XII (Soccsksargen)","Region XII (Soccsksargen)",NA,NA,"vgtk; raddl_correction","Cruz,J.L., Gonzales,R.M.C., Azul,R.R., Pena,R.C.D.",NA,0.999580959,"Canis lupus familiaris","Dog","Domestic","Mindanao",2021.12602739726
"OR971654",0.031209894,"R12-2021-100",NA,"OR971654","Canis lupus familiaris","brain",2021-01-19,"date_collected","Laguilayan","Isulan","Sultan Kudarat-Isulan","Sultan Kudarat","Sultan Kudarat","Region XII (Soccsksargen)","Region XII (Soccsksargen)",NA,NA,"vgtk; raddl_correction","Cruz,J.L., Gonzales,R.M.C., Azul,R.R., Pena,R.C.D.",NA,0.999664767,"Canis lupus familiaris","Dog","Domestic","Mindanao",2021.04931506849
"OR971659",0.030633951,"R12-2021-244",NA,"OR971659","Canis lupus familiaris","brain",2021-02-18,"date_collected","Poblacion","Kabacan","North Cotabato-Carmen","Cotabato (North Cotabato)","North Cotabato","Region XII (Soccsksargen)","Region XII (Soccsksargen)",NA,NA,"vgtk; raddl_correction; manual_correction","Cruz,J.L., Gonzales,R.M.C., Azul,R.R., Pena,R.C.D.",NA,0.999580959,"Canis lupus familiaris","Dog","Domestic","Mindanao",2021.13150684931
"OR971663",0.02928435,"R12-2021-905",NA,"OR971663","Canis lupus familiaris","brain",2021-06-24,"date_collected","Labu-o","President roxas","North Cotabato-President Roxas","Cotabato (North Cotabato)","North Cotabato","Region XII (Soccsksargen)","Region XII (Soccsksargen)",NA,NA,"vgtk; raddl_correction; manual_correction","Cruz,J.L., Gonzales,R.M.C., Azul,R.R., Pena,R.C.D.",NA,0.999497151,"Canis lupus familiaris","Dog","Domestic","Mindanao",2021.47671232877
"OR971615",0.030081006,"R10-2019-970",NA,"OR971615","Canis lupus familiaris","brain",2019-12-27,"date_collected","San alonzo","Balingoan","Misamis Oriental-Balingoan","Misamis Oriental","Misamis Oriental","Region X (Northern Mindanao)","Region X (Northern Mindanao)",NA,NA,"vgtk; raddl_correction","Cruz,J.L., Gonzales,R.M.C., Azul,R.R., Pena,R.C.D.",NA,0.999413342,"Canis lupus familiaris","Dog","Domestic","Mindanao",2019.98630136986
"R10-990",0.031253282,"R10-990",NA,NA,"Canis familiaris",NA,2021-11-25,"date_collected","Agay-Ayan","Gingoog  City","Misamis Oriental-Opol","Misamis Oriental","Misamis Oriental","Northern Mindanao","Region X (Northern Mindanao)",8.776382452,125.0898786,"phd",NA,NA,NA,"Canis lupus familiaris","Dog","Domestic","Mindanao",2021.89863013699
"OR971649",0.028993033,"R12-2019-0861",NA,"OR971649","Canis lupus familiaris","brain",2019-11-07,"date_collected","Poblacion","President roxas","North Cotabato-President Roxas","Cotabato (North Cotabato)","North Cotabato","Region XII (Soccsksargen)","Region XII (Soccsksargen)",NA,NA,"vgtk; raddl_correction; manual_correction","Cruz,J.L., Gonzales,R.M.C., Azul,R.R., Pena,R.C.D.",NA,0.999664767,"Canis lupus familiaris","Dog","Domestic","Mindanao",2019.84931506849
"OR971606",0.028818319,"R10-2019-819",NA,"OR971606","Canis lupus familiaris","brain",2019-11-09,"date_collected","North poblacion","Maramag","Bukidnon-Maramag","Bukidnon","Bukidnon","Region X (Northern Mindanao)","Region X (Northern Mindanao)",NA,NA,"vgtk; raddl_correction","Cruz,J.L., Gonzales,R.M.C., Azul,R.R., Pena,R.C.D.",NA,0.999413342,"Canis lupus familiaris","Dog","Domestic","Mindanao",2019.85479452055
"OR971601",0.028731859,"R10-2019-752",NA,"OR971601","Canis lupus familiaris","brain",2019-10-11,"date_collected","Dologon","Maramag","Bukidnon-Maramag","Bukidnon","Bukidnon","Region X (Northern Mindanao)","Region X (Northern Mindanao)",NA,NA,"vgtk; raddl_correction","Cruz,J.L., Gonzales,R.M.C., Azul,R.R., Pena,R.C.D.",NA,0.999413342,"Canis lupus familiaris","Dog","Domestic","Mindanao",2019.77534246575
"OR971609",0.02995744,"R10-2019-892",NA,"OR971609","Canis lupus familiaris","brain",2019-11-28,"date_collected","-","City of malaybalay","Bukidnon-Malaybalay City","Bukidnon","Bukidnon","Region X (Northern Mindanao)","Region X (Northern Mindanao)",NA,NA,"vgtk; raddl_correction","Cruz,J.L., Gonzales,R.M.C., Azul,R.R., Pena,R.C.D.",NA,0.999580959,"Canis lupus familiaris","Dog","Domestic","Mindanao",2019.90684931507
"OR971604",0.029167961,"R10-2019-810",NA,"OR971604","Canis lupus familiaris","brain",2019-11-07,"date_collected","-",NA,NA,"Bukidnon","Bukidnon","Region X (Northern Mindanao)","Region X (Northern Mindanao)",NA,NA,"vgtk; raddl_correction","Cruz,J.L., Gonzales,R.M.C., Azul,R.R., Pena,R.C.D.",NA,0.999497151,"Canis lupus familiaris","Dog","Domestic","Mindanao",2019.84931506849
"OQ326775",0.02969682,"18-179",NA,"OQ326775","Canis lupus familiaris","brain",2018-01-01,"date_collected",NA,NA,NA,"Cotabato (North Cotabato)","North Cotabato","Region XII (Soccsksargen)","Region XII (Soccsksargen)",NA,NA,"vgtk; manual_correction","Bacus,M.G., Buenaventura,S.G.C., Mamites,A.M.C., Elizagaque,H.G., Labrador,C., Delfin,F.C., Eng,M.N.J., Lagare,A.P., Marquez,G.N., Murao,L.A.E.",33878454,0.988937311,"Canis lupus familiaris","Dog","Domestic","Mindanao",2018
"OR971661",0.029950005,"R12-2021-339",NA,"OR971661","Canis lupus familiaris","brain",2021-03-03,"date_collected","Barangay poblacion 8","Midsayap","North Cotabato-Midsayap","Cotabato (North Cotabato)","North Cotabato","Region XII (Soccsksargen)","Region XII (Soccsksargen)",NA,NA,"vgtk; raddl_correction; manual_correction","Cruz,J.L., Gonzales,R.M.C., Azul,R.R., Pena,R.C.D.",NA,0.999580959,"Canis lupus familiaris","Dog","Domestic","Mindanao",2021.16712328767
"OR971662",0.030209535,"R12-2021-384",NA,"OR971662","Canis lupus familiaris","brain",2021-03-09,"date_collected","Fatima","General santos city(dadiangas)","South Cotabato-Banga","South Cotabato","South Cotabato","Region XII (Soccsksargen)","Region XII (Soccsksargen)",NA,NA,"vgtk; raddl_correction","Cruz,J.L., Gonzales,R.M.C., Azul,R.R., Pena,R.C.D.",NA,0.999664767,"Canis lupus familiaris","Dog","Domestic","Mindanao",2021.18356164384
"OR971653",0.030219599,"R12-2021-063",NA,"OR971653","Canis lupus familiaris","brain",2021-01-14,"date_collected","San isidro","Santo nino","South Cotabato-Banga","Cotabato (South Cotabato)","South Cotabato","Region XII (Soccsksargen)","Region XII (Soccsksargen)",NA,NA,"vgtk; raddl_correction; manual_correction","Cruz,J.L., Gonzales,R.M.C., Azul,R.R., Pena,R.C.D.",NA,0.999413342,"Canis lupus familiaris","Dog","Domestic","Mindanao",2021.03561643836
"R11-21-63",0.03000194,"R11-21-63",NA,NA,"Canis familiaris",NA,2021-10-04,"date_collected","","Tagum","Davao del Norte-Carmen","Davao del Norte","Davao del Norte","Region XI (Davao Region)","Region XI (Davao Region)",7.434951203,125.7990149,"phd; manual_correction",NA,NA,NA,"Canis lupus familiaris","Dog","Domestic","Mindanao",2021.75616438356
"OR971605",0.029606047,"R10-2019-818",NA,"OR971605","Canis lupus familiaris","brain",2019-11-08,"date_collected","Abuno","Iligan","Lanao del Norte-Lala","Lanao del Norte","Lanao del Norte","Region X (Northern Mindanao)","Region X (Northern Mindanao)",NA,NA,"vgtk; raddl_correction; manual_correction","Cruz,J.L., Gonzales,R.M.C., Azul,R.R., Pena,R.C.D.",NA,0.999413342,"Canis lupus familiaris","Dog","Domestic","Mindanao",2019.85205479452
"OR971603",0.029606066,"R10-2019-777",NA,"OR971603","Canis lupus familiaris","brain",2019-10-21,"date_collected","Del carmen","Iligan","Lanao del Norte-Lala","Lanao del Norte","Lanao del Norte","Region X (Northern Mindanao)","Region X (Northern Mindanao)",NA,NA,"vgtk; raddl_correction; manual_correction","Cruz,J.L., Gonzales,R.M.C., Azul,R.R., Pena,R.C.D.",NA,0.999413342,"Canis lupus familiaris","Dog","Domestic","Mindanao",2019.80273972603
"OR971617",0.030213308,"R10-2021-002",NA,"OR971617","Canis lupus familiaris","brain",2021-09-27,"date_collected","Poblacion","Manticao","Misamis Oriental-Initao","Misamis Oriental","Misamis Oriental","Region X (Northern Mindanao)","Region X (Northern Mindanao)",NA,NA,"vgtk; raddl_correction","Cruz,J.L., Gonzales,R.M.C., Azul,R.R., Pena,R.C.D.",NA,0.999413342,"Canis lupus familiaris","Dog","Domestic","Mindanao",2021.73698630137
"R10-907",0.031200543,"R10-907",NA,NA,"Canis familiaris",NA,2021-10-25,"date_collected","Gango","Libona","Bukidnon-Libona","Bukidnon","Bukidnon","Northern Mindanao","Region X (Northern Mindanao)",8.327601426,124.7570432,"phd",NA,NA,NA,"Canis lupus familiaris","Dog","Domestic","Mindanao",2021.81369863014
"R10-714",0.031202778,"R10-714",NA,NA,"Canis familiaris",NA,2021-07-11,"date_collected","Bonbon","Opol","Misamis Oriental-Opol","Misamis Oriental","Misamis Oriental","Northern Mindanao","Region X (Northern Mindanao)",8.42897072,124.502868,"phd",NA,NA,NA,"Canis lupus familiaris","Dog","Domestic","Mindanao",2021.52328767123
"R10-824",0.031114798,"R10-824",NA,NA,"Canis familiaris",NA,2021-09-09,"date_collected","Bulua","Cagayan de Oro City","Misamis Oriental-Cagayan de Oro City","Misamis Oriental","Misamis Oriental","Northern Mindanao","Region X (Northern Mindanao)",8.409218588,124.6235169,"phd",NA,NA,NA,"Canis lupus familiaris","Dog","Domestic","Mindanao",2021.68767123288
"R10-711",0.031141199,"R10-711",NA,NA,"Canis familiaris",NA,2021-07-12,"date_collected","Balulang","Cagayan de Oro City","Misamis Oriental-Cagayan de Oro City","Misamis Oriental","Misamis Oriental","Northern Mindanao","Region X (Northern Mindanao)",8.409218588,124.6235169,"phd",NA,NA,NA,"Canis lupus familiaris","Dog","Domestic","Mindanao",2021.52602739726
"R10-920",0.031296955,"R10-920",NA,NA,"Canis familiaris",NA,2021-10-26,"date_collected","Agusan","Cagayan de Oro City","Misamis Oriental-Cagayan de Oro City","Misamis Oriental","Misamis Oriental","Northern Mindanao","Region X (Northern Mindanao)",8.409218588,124.6235169,"phd",NA,NA,NA,"Canis lupus familiaris","Dog","Domestic","Mindanao",2021.81643835616
"OR971625",0.030126548,"R10-2021-010",NA,"OR971625","Canis lupus familiaris","brain",2021-04-21,"date_collected","Barangay 26 (pob.)","Gingoog city","Misamis Oriental-Gingoog City","Misamis Oriental","Misamis Oriental","Region X (Northern Mindanao)","Region X (Northern Mindanao)",NA,NA,"vgtk; raddl_correction","Cruz,J.L., Gonzales,R.M.C., Azul,R.R., Pena,R.C.D.",NA,0.999413342,"Canis lupus familiaris","Dog","Domestic","Mindanao",2021.30136986301
"OR971621",0.030126538,"R10-2021-006",NA,"OR971621","Canis lupus familiaris","brain",2021-06-09,"date_collected","Poblacion","Opol","Misamis Oriental-Opol","Misamis Oriental","Misamis Oriental","Region X (Northern Mindanao)","Region X (Northern Mindanao)",NA,NA,"vgtk; raddl_correction","Cruz,J.L., Gonzales,R.M.C., Azul,R.R., Pena,R.C.D.",NA,0.999413342,"Canis lupus familiaris","Dog","Domestic","Mindanao",2021.43561643836
"OR971616",0.029953106,"R10-2021-001",NA,"OR971616","Canis lupus familiaris","brain",2021-09-06,"date_collected","Carmen","Cagayan de oro city","Misamis Oriental-Cagayan de Oro City","Misamis Oriental","Misamis Oriental","Region X (Northern Mindanao)","Region X (Northern Mindanao)",NA,NA,"vgtk; raddl_correction","Cruz,J.L., Gonzales,R.M.C., Azul,R.R., Pena,R.C.D.",NA,0.999413342,"Canis lupus familiaris","Dog","Domestic","Mindanao",2021.67945205479
"R10-856",0.029968152,"R10-856",NA,NA,"Canis familiaris",NA,2021-09-27,"date_collected","-","Manticao","Misamis Oriental-Initao","Misamis Oriental","Misamis Oriental","Northern Mindanao","Region X (Northern Mindanao)",8.374138099,124.3486702,"phd",NA,NA,NA,"Canis lupus familiaris","Dog","Domestic","Mindanao",2021.73698630137
"OR971614",0.029613612,"R10-2019-951",NA,"OR971614","Canis lupus familiaris","brain",2019-12-16,"date_collected","Poblacion 2","Villanueva","Misamis Oriental-Villanueva","Misamis Oriental","Misamis Oriental","Region X (Northern Mindanao)","Region X (Northern Mindanao)",NA,NA,"vgtk; raddl_correction","Cruz,J.L., Gonzales,R.M.C., Azul,R.R., Pena,R.C.D.",NA,0.999413342,"Canis lupus familiaris","Dog","Domestic","Mindanao",2019.95616438356
"OR971644",0.030424633,"R12-2019-0538",NA,"OR971644","Canis lupus familiaris","brain",2019-06-24,"date_collected","Calean","City of tacurong","Sultan Kudarat-Isulan","Sultan Kudarat","Sultan Kudarat","Region XII (Soccsksargen)","Region XII (Soccsksargen)",NA,NA,"vgtk; raddl_correction","Cruz,J.L., Gonzales,R.M.C., Azul,R.R., Pena,R.C.D.",NA,0.999413342,"Canis lupus familiaris","Dog","Domestic","Mindanao",2019.47671232877
"KX148263",0.020134196,"94275PHI",NA,"KX148263","dog","brain",1994-01-01,"date_collected",NA,NA,NA,"",NA,NA,NA,NA,NA,"vgtk","Troupin,C., Dacheux,L., Tanguy,M., Blanc,H., Bouchier,C., Vignuzzi,M., Bourhy,H.",NA,0.988937311,"Canis lupus familiaris","Dog","Domestic",NA,1994
"Z-98-285",0.021260853,"Z-98-285",NA,NA,"Canis familiaris",NA,1998-03-18,"date_collected","-","San Pablo City","Laguna-San Pablo City","Laguna","Laguna","Calabarzon","Region IV-A (Calabarzon)",14.05146733,121.3315598,"phd",NA,NA,NA,"Canis lupus familiaris","Dog","Domestic","Luzon",1998.20821917808
"Z-98-780",0.023395858,"Z-98-780",NA,NA,"Canis familiaris",NA,1998-07-25,"date_collected","San Miguel","Alaminos","Laguna-Alaminos","Laguna","Laguna","Calabarzon","Region IV-A (Calabarzon)",14.04459696,121.2475488,"phd",NA,NA,NA,"Canis lupus familiaris","Dog","Domestic","Luzon",1998.56164383562
"Z-06-150",0.02794011,"Z-06-150",NA,NA,"Canis familiaris",NA,2006-04-24,"date_collected","Balete","Batangas  City","Batangas-Lian","Batangas","Batangas","Calabarzon","Region IV-A (Calabarzon)",13.7207195,121.103796,"phd",NA,NA,NA,"Canis lupus familiaris","Dog","Domestic","Luzon",2006.3095890411
"Z-98-718",0.025292188,"Z-98-718",NA,NA,"Canis familiaris",NA,1998-07-13,"date_collected","Maraykid","San Juan","Batangas-Bauan","Batangas","Batangas","Calabarzon","Region IV-A (Calabarzon)",13.75727426,121.3908944,"phd",NA,NA,NA,"Canis lupus familiaris","Dog","Domestic","Luzon",1998.52876712329
"Z-98-286",0.020391014,"Z-98-286",NA,NA,"Canis familiaris",NA,1998-03-19,"date_collected","Tayuman","Mulanay","Quezon-Mulanay","Quezon","Quezon","Calabarzon","Region IV-A (Calabarzon)",13.52552491,122.4578973,"phd",NA,NA,NA,"Canis lupus familiaris","Dog","Domestic","Luzon",1998.21095890411
"Z-98-860",0.020684463,"Z-98-860",NA,NA,"Canis familiaris",NA,1998-08-14,"date_collected","-","San Francisco","Quezon-San Francisco","Quezon","Quezon","Calabarzon","Region IV-A (Calabarzon)",13.29448721,122.5720534,"phd",NA,NA,NA,"Canis lupus familiaris","Dog","Domestic","Luzon",1998.61643835616
"Z-98-454",0.02059988,"Z-98-454",NA,NA,"Canis familiaris",NA,1998-05-04,"date_collected","Betterliving Subd","Parañaque","Metropolitan Manila-Parañaque","Metropolitan Manila","Metropolitan Manila","National Capital Region (NCR)","National Capital Region (NCR)",14.48357034,121.0147858,"phd",NA,NA,NA,"Canis lupus familiaris","Dog","Domestic","Luzon",1998.33698630137
"Z-98-1061",0.021552898,"Z-98-1061",NA,NA,"Canis familiaris",NA,1998-08-05,"date_collected","Tejero","General Trias","Cavite-General Trias","Cavite","Cavite","Calabarzon","Region IV-A (Calabarzon)",14.32966619,120.8999068,"phd",NA,NA,NA,"Canis lupus familiaris","Dog","Domestic","Luzon",1998.59178082192
"Z-13-216",0.023125951,"Z-13-216",NA,NA,"Canis familiaris",NA,2013-10-25,"date_collected","Bgy. 2","Mamburao","Occidental Mindoro-Looc","Occidental Mindoro","Occidental Mindoro","Southwestern Tagalog Region","Mimaropa Region",13.25401504,120.6612766,"phd",NA,NA,NA,"Canis lupus familiaris","Dog","Domestic","Luzon",2013.81369863014
"Z-17-57",0.025113979,"Z-17-57",NA,NA,"Canis familiaris",NA,2017-03-29,"date_collected","Magbag","San Jose","Occidental Mindoro-San Jose","Occidental Mindoro","Occidental Mindoro","Southwestern Tagalog Region","Mimaropa Region",12.45581677,121.1219622,"phd",NA,NA,NA,"Canis lupus familiaris","Dog","Domestic","Luzon",2017.23835616438
"H24-028",0.028067641,"H24-028","H24-028",NA,"Human",NA,2024-03-27,"date_collected","Barangay 7","San Jose","Occidental Mindoro-San Jose","Occidental Mindoro","Occidental Mindoro","MIMIROPA","Mimaropa Region",12.3494949,121.073921,"speedier",NA,NA,0.9560006705,"Homo sapiens","Human","Human","Luzon",2024.2349726776
"RADDL4B-25-017",0.028423875,"RADDL4B-25-017","OC-16",NA,"Dog",NA,2025-03-07,"date_collected","Rumbang","Rizal","Occidental Mindoro-Rizal","Occidental Mindoro","Occidental Mindoro","MIMIROPA","Mimaropa Region",12.4726457,120.967584,"speedier",NA,NA,0.9869,"Canis lupus familiaris","Dog","Domestic","Luzon",2025.17808219178
"Z-13-098",0.024234147,"Z-13-098",NA,NA,"Canis familiaris",NA,2013-05-13,"date_collected","-","San Juan","Metropolitan Manila-San Juan","Metropolitan Manila","Metropolitan Manila","National Capital Region (NCR)","National Capital Region (NCR)",14.60295528,121.0338172,"phd",NA,NA,NA,"Canis lupus familiaris","Dog","Domestic","Luzon",2013.36164383562
"Z-13-184",0.028004807,"Z-13-184",NA,NA,"Canis familiaris",NA,2013-08-29,"date_collected","Tabangaw","Batangas  City","Batangas-Lian","Batangas","Batangas","Calabarzon","Region IV-A (Calabarzon)",13.7207195,121.103796,"phd",NA,NA,NA,"Canis lupus familiaris","Dog","Domestic","Luzon",2013.65753424658
"Z-13-171",0.025715196,"Z-13-171",NA,NA,"Canis familiaris",NA,2013-08-05,"date_collected","Pinamocan Silangan","Batangas  City","Batangas-Lian","Batangas","Batangas","Calabarzon","Region IV-A (Calabarzon)",13.7207195,121.103796,"phd",NA,NA,NA,"Canis lupus familiaris","Dog","Domestic","Luzon",2013.59178082192
"Z-16-209",0.026150964,"Z-16-209",NA,NA,"Canis familiaris",NA,2016-12-14,"date_collected","Pahinga Sur","Candelaria","Quezon-Candelaria","Quezon","Quezon","Calabarzon","Region IV-A (Calabarzon)",13.94085961,121.4302409,"phd",NA,NA,NA,"Canis lupus familiaris","Dog","Domestic","Luzon",2016.95081967213
"Z-13-065",0.024121294,"Z-13-065",NA,NA,"Canis familiaris",NA,2013-04-04,"date_collected","Dumuclay North","Batangas  City","Batangas-Lian","Batangas","Batangas","Calabarzon","Region IV-A (Calabarzon)",13.7207195,121.103796,"phd",NA,NA,NA,"Canis lupus familiaris","Dog","Domestic","Luzon",2013.25479452055
"OR971448",0.027841641,"R4A-2019-772",NA,"OR971448","Canis lupus familiaris","brain",2019-08-01,"date_collected",NA,NA,NA,"Batangas","Batangas","Region IV-A (Calabarzon)","Region IV-A (Calabarzon)",NA,NA,"vgtk","Cruz,J.L., Gonzales,R.M.C., Azul,R.R., Pena,R.C.D.",NA,0.999580959,"Canis lupus familiaris","Dog","Domestic","Luzon",2019.58082191781
"Z-19-029",0.027269348,"Z-19-029",NA,NA,"Canis familiaris",NA,2019-02-26,"date_collected","Antipolo Del Sur","Lipa City","Batangas-Lipa City","Batangas","Batangas","Calabarzon","Region IV-A (Calabarzon)",13.94086577,121.1746864,"phd",NA,NA,NA,"Canis lupus familiaris","Dog","Domestic","Luzon",2019.15342465753
"Z-12-212",0.026582618,"Z-12-212",NA,NA,"Dog",NA,2012-04-20,"date_collected","-","Bauan","Batangas-Tuy","Batangas","Batangas","Calabarzon (IV-A)","Region IV-A (Calabarzon)",NA,NA,"2018_workshop",NA,NA,NA,"Canis lupus familiaris","Dog","Domestic","Luzon",2012.30054644809
"Z-14-146",0.02866762,"Z-14-146",NA,NA,"Dog",NA,2014-06-26,"date_collected","Sampaga Centro","Batangas City","Batangas-Lian","Batangas","Batangas","Calabarzon (IV-A)","Region IV-A (Calabarzon)",NA,NA,"2018_workshop",NA,NA,NA,"Canis lupus familiaris","Dog","Domestic","Luzon",2014.48219178082
"Z-08-359",0.023353622,"Z-08-359",NA,NA,"Canis familiaris",NA,2008-12-25,"date_collected","San Lucas II","San Pablo City","Laguna-San Pablo City","Laguna","Laguna","Calabarzon","Region IV-A (Calabarzon)",14.05146733,121.3315598,"phd",NA,NA,NA,"Canis lupus familiaris","Dog","Domestic","Luzon",2008.98087431694
"Z-14-149",0.027874791,"Z-14-149",NA,NA,"Dog",NA,2014-06-28,"date_collected","San Rafael","San Pablo City","Laguna-San Pablo City","Laguna","Laguna","Calabarzon (IV-A)","Region IV-A (Calabarzon)",NA,NA,"2018_workshop",NA,NA,NA,"Canis lupus familiaris","Dog","Domestic","Luzon",2014.48767123288
"Z-13-204",0.028825559,"Z-13-204",NA,NA,"Canis familiaris",NA,2013-09-26,"date_collected","Dayap","Calauan","Laguna-Bay","Laguna","Laguna","Calabarzon","Region IV-A (Calabarzon)",14.13318557,121.2951683,"phd",NA,NA,NA,"Canis lupus familiaris","Dog","Domestic","Luzon",2013.73424657534
"Z-13-234",0.02901186,"Z-13-234",NA,NA,"Canis familiaris",NA,2013-11-15,"date_collected","Mayapa","Calamba City","Laguna-Calamba City","Laguna","Laguna","Calabarzon","Region IV-A (Calabarzon)",14.18862277,121.1242055,"phd",NA,NA,NA,"Canis lupus familiaris","Dog","Domestic","Luzon",2013.87123287671
"Z-13-081",0.0300511,"Z-13-081",NA,NA,"Canis familiaris",NA,2013-04-25,"date_collected","Sto. Angel Norte","Santa Cruz","Laguna-Santa Cruz","Laguna","Laguna","Calabarzon","Region IV-A (Calabarzon)",14.26443013,121.4040122,"phd",NA,NA,NA,"Canis lupus familiaris","Dog","Domestic","Luzon",2013.31232876712
"Z-14-243",0.025483434,"Z-14-243",NA,NA,"Canis familiaris",NA,2014-11-13,"date_collected","Bubukal St.","Santa Cruz","Laguna-Santa Cruz","Laguna","Laguna","Calabarzon","Region IV-A (Calabarzon)",14.26443013,121.4040122,"phd",NA,NA,NA,"Canis lupus familiaris","Dog","Domestic","Luzon",2014.86575342466
"Z-24-141",0.028282714,"Z-24-141","P-34",NA,"Dog",NA,2024-09-24,"date_collected","Poblacion","Narra","Palawan-Narra","Palawan","Palawan","MIMIROPA","Mimaropa Region",9.250884096,118.3463664,"speedier",NA,NA,0.9884,"Canis lupus familiaris","Dog","Domestic","Luzon",2024.72950819672
"Z-24-142",0.026569883,"Z-24-142","P-35",NA,"Dog",NA,2024-09-24,"date_collected","Culandanum","Bataraza","Palawan-Bataraza","Palawan","Palawan","MIMIROPA","Mimaropa Region",8.6727041,117.450586,"speedier",NA,NA,0.9716,"Canis lupus familiaris","Dog","Domestic","Luzon",2024.72950819672
"OR971591",0.02439363,"R8-2021-025",NA,"OR971591","Canis lupus familiaris","brain",2021-04-26,"date_collected",NA,NA,NA,"Samar (Western Samar)","Eastern Samar","Region VIII (Eastern Visayas)","Region VIII (Eastern Visayas)",NA,NA,"vgtk; manual_correction","Cruz,J.L., Gonzales,R.M.C., Azul,R.R., Pena,R.C.D.",NA,0.999161918,"Canis lupus familiaris","Dog","Domestic","Visayas",2021.31506849315
"OR971542",0.024804649,"R6-2021-4447",NA,"OR971542","Canis lupus familiaris","brain",2021-10-06,"date_collected","Silagon","Ajuy","Iloilo-Ajuy","Iloilo","Iloilo","Region VI (Western Visayas)","Region VI (Western Visayas)",NA,NA,"vgtk; raddl_correction","Cruz,J.L., Gonzales,R.M.C., Azul,R.R., Pena,R.C.D.",NA,0.999664767,"Canis lupus familiaris","Dog","Domestic","Visayas",2021.76164383562
"OR971557",0.024542188,"R6-2021-5961",NA,"OR971557","Canis lupus familiaris","brain",2021-09-12,"date_collected","Domingo","Sara","Iloilo-Sara","Iloilo","Iloilo","Region VI (Western Visayas)","Region VI (Western Visayas)",NA,NA,"vgtk; raddl_correction","Cruz,J.L., Gonzales,R.M.C., Azul,R.R., Pena,R.C.D.",NA,0.999413342,"Canis lupus familiaris","Dog","Domestic","Visayas",2021.69589041096
"OR971553",0.025321124,"R6-2021-4770",NA,"OR971553","Canis lupus familiaris","brain",2021-10-27,"date_collected","Mag bato","Lambunao","Iloilo-Lambunao","Iloilo","Iloilo","Region VI (Western Visayas)","Region VI (Western Visayas)",NA,NA,"vgtk; raddl_correction","Cruz,J.L., Gonzales,R.M.C., Azul,R.R., Pena,R.C.D.",NA,0.999664767,"Canis lupus familiaris","Dog","Domestic","Visayas",2021.81917808219
"OR971549",0.025234086,"R6-2021-4711",NA,"OR971549","Canis lupus familiaris","brain",2021-10-22,"date_collected","Camalongo","Calinog","Iloilo-Calinog","Iloilo","Iloilo","Region VI (Western Visayas)","Region VI (Western Visayas)",NA,NA,"vgtk; raddl_correction","Cruz,J.L., Gonzales,R.M.C., Azul,R.R., Pena,R.C.D.",NA,0.999664767,"Canis lupus familiaris","Dog","Domestic","Visayas",2021.80547945205
"R6-21-4375",0.02637386,"R6-21-4375",NA,NA,"Canis familiaris",NA,2021-10-01,"date_collected","Labigan","Sara","Iloilo-Sara","Iloilo","Iloilo","Western Visayas","Region VI (Western Visayas)",11.29863894,122.9983924,"phd",NA,NA,NA,"Canis lupus familiaris","Dog","Domestic","Visayas",2021.74794520548
"R6-4342",0.027752285,"R6-4342",NA,NA,"Bos taurus",NA,2021-09-30,"date_collected","Cabanban","Oton","Iloilo-Oton","Iloilo","Iloilo","Western Visayas","Region VI (Western Visayas)",10.72535873,122.4673796,"phd",NA,NA,NA,"Bos taurus","Cow","Livestock","Visayas",2021.74520547945
"OR971552",0.024795957,"R6-2021-4769",NA,"OR971552","Canis lupus familiaris","brain",2021-10-26,"date_collected","San pedro molo","Iloilo city","Iloilo-Ajuy","Iloilo","Iloilo","Region VI (Western Visayas)","Region VI (Western Visayas)",NA,NA,"vgtk; raddl_correction","Cruz,J.L., Gonzales,R.M.C., Azul,R.R., Pena,R.C.D.",NA,0.999664767,"Canis lupus familiaris","Dog","Domestic","Visayas",2021.81643835616
"OR971541",0.02514362,"R6-2021-4446",NA,"OR971541","Canis lupus familiaris","brain",2021-10-06,"date_collected",NA,"Barotac nuevo","Iloilo-Barotac Nuevo","Iloilo","Iloilo","Region VI (Western Visayas)","Region VI (Western Visayas)",NA,NA,"vgtk; raddl_correction","Cruz,J.L., Gonzales,R.M.C., Azul,R.R., Pena,R.C.D.",NA,0.999664767,"Canis lupus familiaris","Dog","Domestic","Visayas",2021.76164383562
"OR971548",0.024795832,"R6-2021-4703",NA,"OR971548","Canis lupus familiaris","brain",2021-10-19,"date_collected","Mina west pob.","Mina","Iloilo-Mina","Iloilo","Iloilo","Region VI (Western Visayas)","Region VI (Western Visayas)",NA,NA,"vgtk; raddl_correction","Cruz,J.L., Gonzales,R.M.C., Azul,R.R., Pena,R.C.D.",NA,0.999664767,"Canis lupus familiaris","Dog","Domestic","Visayas",2021.79726027397
"OR971551",0.024883041,"R6-2021-4768",NA,"OR971551","Canis lupus familiaris","brain",2021-10-25,"date_collected",NA,"Oton","Iloilo-Oton","Iloilo","Iloilo","Region VI (Western Visayas)","Region VI (Western Visayas)",NA,NA,"vgtk; raddl_correction","Cruz,J.L., Gonzales,R.M.C., Azul,R.R., Pena,R.C.D.",NA,0.999664767,"Canis lupus familiaris","Dog","Domestic","Visayas",2021.81369863014
"OR971535",0.024621821,"R6-2019-2184",NA,"OR971535","Canis lupus familiaris","brain",2019-06-11,"date_collected",NA,"Iloilo city","Iloilo-Ajuy","Iloilo","Iloilo","Region VI (Western Visayas)","Region VI (Western Visayas)",NA,NA,"vgtk; raddl_correction","Cruz,J.L., Gonzales,R.M.C., Azul,R.R., Pena,R.C.D.",NA,0.999664767,"Canis lupus familiaris","Dog","Domestic","Visayas",2019.44109589041
"OR971539",0.024881868,"R6-2019-3499",NA,"OR971539","Canis lupus familiaris","brain",2019-10-10,"date_collected","Barangay 14 pob.","San miguel","Iloilo-San Miguel","Iloilo","Iloilo","Region VI (Western Visayas)","Region VI (Western Visayas)",NA,NA,"vgtk; raddl_correction","Cruz,J.L., Gonzales,R.M.C., Azul,R.R., Pena,R.C.D.",NA,0.999664767,"Canis lupus familiaris","Dog","Domestic","Visayas",2019.77260273973
"OR971558",0.025402876,"R6-2021-5964",NA,"OR971558","Canis lupus familiaris","brain",2021-09-12,"date_collected","San rafael mandurriao","Iloilo city","Iloilo-Ajuy","Iloilo","Iloilo","Region VI (Western Visayas)","Region VI (Western Visayas)",NA,NA,"vgtk; raddl_correction","Cruz,J.L., Gonzales,R.M.C., Azul,R.R., Pena,R.C.D.",NA,0.999413342,"Canis lupus familiaris","Dog","Domestic","Visayas",2021.69589041096
"OR971555",0.025142331,"R6-2021-4965",NA,"OR971555","Canis lupus familiaris","brain",2021-10-27,"date_collected","Zone 1 calumpang molo","Iloilo city","Iloilo-Ajuy","Iloilo","Iloilo","Region VI (Western Visayas)","Region VI (Western Visayas)",NA,NA,"vgtk; raddl_correction","Cruz,J.L., Gonzales,R.M.C., Azul,R.R., Pena,R.C.D.",NA,0.999664767,"Canis lupus familiaris","Dog","Domestic","Visayas",2021.81917808219
"OR971554",0.02514413,"R6-2021-4798",NA,"OR971554","Canis lupus familiaris","brain",2021-10-29,"date_collected","Thtp pob","Maasin","Iloilo-Maasin","Iloilo","Iloilo","Region VI (Western Visayas)","Region VI (Western Visayas)",NA,NA,"vgtk; raddl_correction","Cruz,J.L., Gonzales,R.M.C., Azul,R.R., Pena,R.C.D.",NA,0.999664767,"Canis lupus familiaris","Dog","Domestic","Visayas",2021.82465753425
"OR971550",0.02514411,"R6-2021-4767",NA,"OR971550","Canis lupus familiaris","brain",2021-10-25,"date_collected","Escailla sub. Mandurriao","Iloilo city","Iloilo-Ajuy","Iloilo","Iloilo","Region VI (Western Visayas)","Region VI (Western Visayas)",NA,NA,"vgtk; raddl_correction","Cruz,J.L., Gonzales,R.M.C., Azul,R.R., Pena,R.C.D.",NA,0.999664767,"Canis lupus familiaris","Dog","Domestic","Visayas",2021.81369863014
"OR971545",0.025144157,"R6-2021-4599",NA,"OR971545","Canis lupus familiaris","brain",2021-10-12,"date_collected","Jibao-an","Pavia","Iloilo-Pavia","Iloilo","Iloilo","Region VI (Western Visayas)","Region VI (Western Visayas)",NA,NA,"vgtk; raddl_correction","Cruz,J.L., Gonzales,R.M.C., Azul,R.R., Pena,R.C.D.",NA,0.999664767,"Canis lupus familiaris","Dog","Domestic","Visayas",2021.77808219178
"OR971538",0.026453793,"R6-2019-3303",NA,"OR971538","Canis lupus familiaris","brain",2019-09-17,"date_collected","Egana",NA,NA,"Antique","Antique","Region VI (Western Visayas)","Region VI (Western Visayas)",NA,NA,"vgtk; raddl_correction","Cruz,J.L., Gonzales,R.M.C., Azul,R.R., Pena,R.C.D.",NA,0.999664767,"Canis lupus familiaris","Dog","Domestic","Visayas",2019.7095890411
"OR971537",0.024798565,"R6-2019-2940",NA,"OR971537","Canis lupus familiaris","brain",2019-08-29,"date_collected","Poblacion","Jamindan","Capiz-Dao","Capiz","Capiz","Region VI (Western Visayas)","Region VI (Western Visayas)",NA,NA,"vgtk; raddl_correction","Cruz,J.L., Gonzales,R.M.C., Azul,R.R., Pena,R.C.D.",NA,0.999664767,"Canis lupus familiaris","Dog","Domestic","Visayas",2019.65753424658
"OR971540",0.024449413,"R6-2021-4431",NA,"OR971540","Canis lupus familiaris","brain",2021-10-05,"date_collected","Kirayan","Miagao","Iloilo-Miagao","Iloilo","Iloilo","Region VI (Western Visayas)","Region VI (Western Visayas)",NA,NA,"vgtk; raddl_correction","Cruz,J.L., Gonzales,R.M.C., Azul,R.R., Pena,R.C.D.",NA,0.999664767,"Canis lupus familiaris","Dog","Domestic","Visayas",2021.75890410959
"R6-21-4600",0.024717127,"R6-21-4600",NA,NA,"Canis familiaris",NA,2021-10-14,"date_collected","Jibao-An","Pavia","Iloilo-Pavia","Iloilo","Iloilo","Western Visayas","Region VI (Western Visayas)",10.76834195,122.5361294,"phd",NA,NA,NA,"Canis lupus familiaris","Dog","Domestic","Visayas",2021.78356164384
"OR971546",0.02453652,"R6-2021-4600",NA,"OR971546","Canis lupus familiaris","brain",2021-10-13,"date_collected","Zone 1 pob.","Tubungan","Iloilo-Tubungan","Iloilo","Iloilo","Region VI (Western Visayas)","Region VI (Western Visayas)",NA,NA,"vgtk; raddl_correction","Cruz,J.L., Gonzales,R.M.C., Azul,R.R., Pena,R.C.D.",NA,0.999664767,"Canis lupus familiaris","Dog","Domestic","Visayas",2021.78082191781
"OR971589",0.023046727,"R8-2021-021",NA,"OR971589","Canis lupus familiaris","brain",2021-04-15,"date_collected",NA,NA,NA,"Samar (Western Samar)","Eastern Samar","Region VIII (Eastern Visayas)","Region VIII (Eastern Visayas)",NA,NA,"vgtk; manual_correction","Cruz,J.L., Gonzales,R.M.C., Azul,R.R., Pena,R.C.D.",NA,0.999664767,"Canis lupus familiaris","Dog","Domestic","Visayas",2021.28493150685
"OR971590",0.023641098,"R8-2021-024",NA,"OR971590","Canis lupus familiaris","brain",2021-04-16,"date_collected",NA,NA,NA,"Biliran","Biliran","Region VIII (Eastern Visayas)","Region VIII (Eastern Visayas)",NA,NA,"vgtk","Cruz,J.L., Gonzales,R.M.C., Azul,R.R., Pena,R.C.D.",NA,0.999664767,"Canis lupus familiaris","Dog","Domestic","Visayas",2021.28767123288
"OR971585",0.02327948,"R8-2021-011",NA,"OR971585","Canis lupus familiaris","brain",2021-02-26,"date_collected",NA,NA,NA,"Biliran","Biliran","Region VIII (Eastern Visayas)","Region VIII (Eastern Visayas)",NA,NA,"vgtk","Cruz,J.L., Gonzales,R.M.C., Azul,R.R., Pena,R.C.D.",NA,0.999664767,"Canis lupus familiaris","Dog","Domestic","Visayas",2021.15342465753
"OR971586",0.02345318,"R8-2021-015",NA,"OR971586","Canis lupus familiaris","brain",2021-03-23,"date_collected",NA,NA,NA,"Biliran","Biliran","Region VIII (Eastern Visayas)","Region VIII (Eastern Visayas)",NA,NA,"vgtk","Cruz,J.L., Gonzales,R.M.C., Azul,R.R., Pena,R.C.D.",NA,0.999664767,"Canis lupus familiaris","Dog","Domestic","Visayas",2021.22191780822
"OR971584",0.023366332,"R8-2021-010",NA,"OR971584","Canis lupus familiaris","brain",2021-02-22,"date_collected",NA,NA,NA,"Biliran","Biliran","Region VIII (Eastern Visayas)","Region VIII (Eastern Visayas)",NA,NA,"vgtk","Cruz,J.L., Gonzales,R.M.C., Azul,R.R., Pena,R.C.D.",NA,0.999664767,"Canis lupus familiaris","Dog","Domestic","Visayas",2021.14246575342
"R6-21-4343",0.027072644,"R6-21-4343",NA,NA,"Canis familiaris",NA,2021-01-01,"date_collected","","",NA,"",NA,"",NA,NA,NA,"phd",NA,NA,NA,"Canis lupus familiaris","Dog","Domestic",NA,2021
"OR971544",0.02458472,"R6-2021-4568",NA,"OR971544","Canis lupus familiaris","brain",2021-10-12,"date_collected","Avila","Buenavista","Guimaras-Buenavista","Guimaras","Guimaras","Region VI (Western Visayas)","Region VI (Western Visayas)",NA,NA,"vgtk; raddl_correction","Cruz,J.L., Gonzales,R.M.C., Azul,R.R., Pena,R.C.D.",NA,0.999664767,"Canis lupus familiaris","Dog","Domestic","Visayas",2021.77808219178
"R6-4568",0.027134747,"R6-4568",NA,NA,"Canis familiaris",NA,2021-10-13,"date_collected","Avila","Buenavista","Guimaras-Buenavista","Guimaras","Guimaras","Western Visayas","Region VI (Western Visayas)",10.69136331,122.6621626,"phd",NA,NA,NA,"Canis lupus familiaris","Dog","Domestic","Visayas",2021.78082191781
"OR971556",0.025019335,"R6-2021-5932",NA,"OR971556","Canis lupus familiaris","brain",2021-07-12,"date_collected","M. Chavez","San lorenzo","Guimaras-San Lorenzo","Guimaras","Guimaras","Region VI (Western Visayas)","Region VI (Western Visayas)",NA,NA,"vgtk; raddl_correction","Cruz,J.L., Gonzales,R.M.C., Azul,R.R., Pena,R.C.D.",NA,0.999413342,"Canis lupus familiaris","Dog","Domestic","Visayas",2021.52602739726
"OR971536",0.023976639,"R6-2019-2722",NA,"OR971536","Canis lupus familiaris","brain",2019-06-17,"date_collected","Igang","Nueva valencia","Guimaras-Nueva Valencia","Guimaras","Guimaras","Region VI (Western Visayas)","Region VI (Western Visayas)",NA,NA,"vgtk; raddl_correction","Cruz,J.L., Gonzales,R.M.C., Azul,R.R., Pena,R.C.D.",NA,0.999664767,"Canis lupus familiaris","Dog","Domestic","Visayas",2019.45753424658
"OR971547",0.024660118,"R6-2021-4702",NA,"OR971547","Canis lupus familiaris","brain",2021-10-19,"date_collected","Orong","Kabankalan city","Negros Occidental-Bago City","Negros occidental","Negros Occidental",NA,NA,NA,NA,"vgtk; raddl_correction","Cruz,J.L., Gonzales,R.M.C., Azul,R.R., Pena,R.C.D.",NA,0.999664767,"Canis lupus familiaris","Dog","Domestic",NA,2021.79726027397
"OR971565",0.026994166,"R7-2021-0160",NA,"OR971565","Canis lupus familiaris","brain",2021-09-11,"date_collected",NA,NA,NA,"Cebu","Cebu","Region VII (Central Visayas)","Region VII (Central Visayas)",NA,NA,"vgtk","Cruz,J.L., Gonzales,R.M.C., Azul,R.R., Pena,R.C.D.",NA,0.999245726,"Canis lupus familiaris","Dog","Domestic","Visayas",2021.69315068493
"OR971564",0.027168153,"R7-2021-0159",NA,"OR971564","Canis lupus familiaris","brain",2021-09-11,"date_collected",NA,NA,NA,"Cebu","Cebu","Region VII (Central Visayas)","Region VII (Central Visayas)",NA,NA,"vgtk","Cruz,J.L., Gonzales,R.M.C., Azul,R.R., Pena,R.C.D.",NA,0.999664767,"Canis lupus familiaris","Dog","Domestic","Visayas",2021.69315068493
"OR971563",0.02786755,"R7-2021-0155",NA,"OR971563","Canis lupus familiaris","brain",2021-10-26,"date_collected",NA,NA,NA,"Cebu","Cebu","Region VII (Central Visayas)","Region VII (Central Visayas)",NA,NA,"vgtk","Cruz,J.L., Gonzales,R.M.C., Azul,R.R., Pena,R.C.D.",NA,0.999245726,"Canis lupus familiaris","Dog","Domestic","Visayas",2021.81643835616
"OR971561",0.027693306,"R7-2021-0151",NA,"OR971561","Canis lupus familiaris","brain",2021-10-18,"date_collected",NA,NA,NA,"Cebu","Cebu","Region VII (Central Visayas)","Region VII (Central Visayas)",NA,NA,"vgtk","Cruz,J.L., Gonzales,R.M.C., Azul,R.R., Pena,R.C.D.",NA,0.999245726,"Canis lupus familiaris","Dog","Domestic","Visayas",2021.79452054795
"OR971577",0.028207837,"R7-2022-0010",NA,"OR971577","Canis lupus familiaris","brain",2022-02-28,"date_collected",NA,NA,NA,"Cebu","Cebu","Region VII (Central Visayas)","Region VII (Central Visayas)",NA,NA,"vgtk","Cruz,J.L., Gonzales,R.M.C., Azul,R.R., Pena,R.C.D.",NA,0.999245726,"Canis lupus familiaris","Dog","Domestic","Visayas",2022.15890410959
"OR971574",0.027946548,"R7-2022-0007",NA,"OR971574","Canis lupus familiaris","brain",2022-02-14,"date_collected",NA,NA,NA,"Cebu","Cebu","Region VII (Central Visayas)","Region VII (Central Visayas)",NA,NA,"vgtk","Cruz,J.L., Gonzales,R.M.C., Azul,R.R., Pena,R.C.D.",NA,0.999329534,"Canis lupus familiaris","Dog","Domestic","Visayas",2022.12054794521
"OR971566",0.029048103,"R7-2021-0161",NA,"OR971566","Canis lupus familiaris","brain",2021-09-11,"date_collected",NA,NA,NA,"Cebu","Cebu","Region VII (Central Visayas)","Region VII (Central Visayas)",NA,NA,"vgtk","Cruz,J.L., Gonzales,R.M.C., Azul,R.R., Pena,R.C.D.",NA,0.999329534,"Canis lupus familiaris","Dog","Domestic","Visayas",2021.69315068493
"OR971559",0.028948047,"R7-2021-0149",NA,"OR971559","Canis lupus familiaris","brain",2021-10-13,"date_collected",NA,NA,NA,"Cebu","Cebu","Region VII (Central Visayas)","Region VII (Central Visayas)",NA,NA,"vgtk","Cruz,J.L., Gonzales,R.M.C., Azul,R.R., Pena,R.C.D.",NA,0.999664767,"Canis lupus familiaris","Dog","Domestic","Visayas",2021.78082191781
"R7-21-161",0.031450325,"R7-21-161",NA,NA,"Canis familiaris",NA,2021-10-18,"date_collected","Pusok","Lapu-Lapu City","Cebu-Lapu-Lapu City","Cebu","Cebu","Central Visayas","Region VII (Central Visayas)",10.29788925,123.9784138,"phd",NA,NA,NA,"Canis lupus familiaris","Dog","Domestic","Visayas",2021.79452054795
"R7-21-149",0.031645696,"R7-21-149",NA,NA,"Canis familiaris",NA,2021-01-01,"date_collected","","",NA,"",NA,"",NA,NA,NA,"phd",NA,NA,NA,"Canis lupus familiaris","Dog","Domestic",NA,2021
"OR971562",0.028550958,"R7-2021-0153",NA,"OR971562","Canis lupus familiaris","brain",2021-10-21,"date_collected",NA,NA,NA,"Cebu","Cebu","Region VII (Central Visayas)","Region VII (Central Visayas)",NA,NA,"vgtk","Cruz,J.L., Gonzales,R.M.C., Azul,R.R., Pena,R.C.D.",NA,0.999664767,"Canis lupus familiaris","Dog","Domestic","Visayas",2021.80273972603
"OR971573",0.028636013,"R7-2022-0004",NA,"OR971573","Canis lupus familiaris","brain",2022-08-02,"date_collected",NA,NA,NA,"Cebu","Cebu","Region VII (Central Visayas)","Region VII (Central Visayas)",NA,NA,"vgtk","Cruz,J.L., Gonzales,R.M.C., Azul,R.R., Pena,R.C.D.",NA,0.999245726,"Canis lupus familiaris","Dog","Domestic","Visayas",2022.58356164384
"OR971572",0.028201125,"R7-2022-0003",NA,"OR971572","Canis lupus familiaris","brain",2022-01-26,"date_collected",NA,NA,NA,"Cebu","Cebu","Region VII (Central Visayas)","Region VII (Central Visayas)",NA,NA,"vgtk","Cruz,J.L., Gonzales,R.M.C., Azul,R.R., Pena,R.C.D.",NA,0.999245726,"Canis lupus familiaris","Dog","Domestic","Visayas",2022.06849315068
"OR971576",0.028199192,"R7-2022-0009",NA,"OR971576","Canis lupus familiaris","brain",2022-02-21,"date_collected",NA,NA,NA,"Cebu","Cebu","Region VII (Central Visayas)","Region VII (Central Visayas)",NA,NA,"vgtk","Cruz,J.L., Gonzales,R.M.C., Azul,R.R., Pena,R.C.D.",NA,0.999161918,"Canis lupus familiaris","Dog","Domestic","Visayas",2022.1397260274
"OR971575",0.029597026,"R7-2022-0008",NA,"OR971575","Canis lupus familiaris","brain",2022-02-15,"date_collected",NA,NA,NA,"Cebu","Cebu","Region VII (Central Visayas)","Region VII (Central Visayas)",NA,NA,"vgtk","Cruz,J.L., Gonzales,R.M.C., Azul,R.R., Pena,R.C.D.",NA,0.999664767,"Canis lupus familiaris","Dog","Domestic","Visayas",2022.12328767123
"OR971568",0.028459778,"R7-2021-0163",NA,"OR971568","Canis lupus familiaris","brain",2021-12-11,"date_collected",NA,NA,NA,"Cebu","Cebu","Region VII (Central Visayas)","Region VII (Central Visayas)",NA,NA,"vgtk","Cruz,J.L., Gonzales,R.M.C., Azul,R.R., Pena,R.C.D.",NA,0.999664767,"Canis lupus familiaris","Dog","Domestic","Visayas",2021.94246575342
"OR971571",0.028806213,"R7-2022-0001",NA,"OR971571","Canis lupus familiaris","brain",2022-07-01,"date_collected",NA,NA,NA,"Cebu","Cebu","Region VII (Central Visayas)","Region VII (Central Visayas)",NA,NA,"vgtk","Cruz,J.L., Gonzales,R.M.C., Azul,R.R., Pena,R.C.D.",NA,0.999664767,"Canis lupus familiaris","Dog","Domestic","Visayas",2022.49589041096
"OR971560",0.028632269,"R7-2021-0150",NA,"OR971560","Canis lupus familiaris","brain",2021-10-13,"date_collected",NA,NA,NA,"Cebu","Cebu","Region VII (Central Visayas)","Region VII (Central Visayas)",NA,NA,"vgtk","Cruz,J.L., Gonzales,R.M.C., Azul,R.R., Pena,R.C.D.",NA,0.999161918,"Canis lupus familiaris","Dog","Domestic","Visayas",2021.78082191781
"OR971570",0.028197093,"R7-2021-0168",NA,"OR971570","Canis lupus familiaris","brain",2021-11-22,"date_collected",NA,NA,NA,"Cebu","Cebu","Region VII (Central Visayas)","Region VII (Central Visayas)",NA,NA,"vgtk","Cruz,J.L., Gonzales,R.M.C., Azul,R.R., Pena,R.C.D.",NA,0.999245726,"Canis lupus familiaris","Dog","Domestic","Visayas",2021.8904109589
"OR971567",0.028458151,"R7-2021-0162",NA,"OR971567","Canis lupus familiaris","brain",2021-10-11,"date_collected",NA,NA,NA,"Cebu","Cebu","Region VII (Central Visayas)","Region VII (Central Visayas)",NA,NA,"vgtk","Cruz,J.L., Gonzales,R.M.C., Azul,R.R., Pena,R.C.D.",NA,0.999161918,"Canis lupus familiaris","Dog","Domestic","Visayas",2021.77534246575
"OR971569",0.0283711,"R7-2021-0167",NA,"OR971569","Canis lupus familiaris","brain",2021-11-22,"date_collected",NA,NA,NA,"Cebu","Cebu","Region VII (Central Visayas)","Region VII (Central Visayas)",NA,NA,"vgtk","Cruz,J.L., Gonzales,R.M.C., Azul,R.R., Pena,R.C.D.",NA,0.999245726,"Canis lupus familiaris","Dog","Domestic","Visayas",2021.8904109589
